Timestamp,Location,Condition,Risk_Score
2026-09-15 15:36:57,Checkpoint_Alpha,Pre-Violent Escalation,88.29
2026-09-15 15:36:59,Checkpoint_Alpha,Pre-Violent Escalation,90.07
2026-09-15 15:37:05,Checkpoint_Alpha,Pre-Violent Escalation,92.4
2026-09-15 15:37:10,Checkpoint_Alpha,Pre-Violent Escalation,82.33
2026-09-15 15:37:11,Checkpoint_Alpha,Pre-Violent Escalation,95.4
2026-09-15 15:37:15,Checkpoint_Alpha,Pre-Violent Escalation,96.99
2026-09-15 15:37:18,Checkpoint_Alpha,Pre-Violent Escalation,79.46
2026-09-15 15:37:18,Checkpoint_Alpha,Pre-Violent Escalation,85.92
2026-09-15 15:37:19,Checkpoint_Alpha,Pre-Violent Escalation,76.3
2026-09-15 15:37:21,Checkpoint_Alpha,Pre-Violent Escalation,81.36
2026-09-15 15:37:24,Checkpoint_Alpha,Pre-Violent Escalation,82.17
2026-09-15 15:37:24,Checkpoint_Alpha,Pre-Violent Escalation,88.53
2026-09-15 15:37:25,Checkpoint_Alpha,Pre-Violent Escalation,84.5
2026-09-15 15:37:27,Checkpoint_Alpha,Pre-Violent Escalation,83.23
2026-09-15 15:37:28,Checkpoint_Alpha,Pre-Violent Escalation,81.13
2026-09-15 15:37:29,Checkpoint_Alpha,Pre-Violent Escalation,90.95
2026-09-15 15:37:29,Checkpoint_Alpha,Pre-Violent Escalation,93.47
2026-09-15 15:37:30,Checkpoint_Alpha,Pre-Violent Escalation,84.94
2026-09-15 15:37:31,Checkpoint_Alpha,Pre-Violent Escalation,90.53
2026-09-15 15:44:24,Checkpoint_Alpha,Pre-Violent Escalation,98.3
2026-09-15 15:44:25,Checkpoint_Alpha,Pre-Violent Escalation,79.88
2026-09-15 15:44:25,Checkpoint_Alpha,Pre-Violent Escalation,96.23
2026-09-15 15:44:26,Checkpoint_Alpha,Pre-Violent Escalation,89.77
2026-09-15 15:44:27,Checkpoint_Alpha,Pre-Violent Escalation,81.01
2026-09-15 15:44:27,Checkpoint_Alpha,Pre-Violent Escalation,90.23
2026-09-15 15:44:27,Checkpoint_Alpha,Pre-Violent Escalation,86.4
2026-09-15 15:44:27,Checkpoint_Alpha,Pre-Violent Escalation,100.0
2026-09-15 15:44:27,Checkpoint_Alpha,Pre-Violent Escalation,91.38
2026-09-15 15:44:27,Checkpoint_Alpha,Pre-Violent Escalation,82.23
2026-09-15 15:44:28,Checkpoint_Alpha,Pre-Violent Escalation,86.96
2026-09-15 15:44:28,Checkpoint_Alpha,Pre-Violent Escalation,83.56
2026-09-15 15:44:28,Checkpoint_Alpha,Pre-Violent Escalation,100.0
2026-09-15 15:44:28,Checkpoint_Alpha,Pre-Violent Escalation,77.61
2026-09-15 15:44:28,Checkpoint_Alpha,Pre-Violent Escalation,96.71
2026-09-15 15:44:28,Checkpoint_Alpha,Pre-Violent Escalation,84.08
2026-09-15 15:44:28,Checkpoint_Alpha,Pre-Violent Escalation,99.68
2026-09-15 15:44:29,Checkpoint_Alpha,Pre-Violent Escalation,88.1
2026-09-15 15:44:29,Checkpoint_Alpha,Pre-Violent Escalation,81.72
2026-09-15 15:44:29,Checkpoint_Alpha,Pre-Violent Escalation,76.45
2026-09-15 15:44:29,Checkpoint_Alpha,Pre-Violent Escalation,87.13
2026-09-15 15:44:29,Checkpoint_Alpha,Pre-Violent Escalation,87.45
2026-09-15 15:44:29,Checkpoint_Alpha,Pre-Violent Escalation,80.98
2026-09-15 15:44:30,Checkpoint_Alpha,Pre-Violent Escalation,89.45
2026-09-15 15:44:30,Checkpoint_Alpha,Pre-Violent Escalation,89.44
2026-09-15 15:44:30,Checkpoint_Alpha,Pre-Violent Escalation,77.96
2026-09-15 15:44:30,Checkpoint_Alpha,Pre-Violent Escalation,94.8
2026-09-15 15:44:31,Checkpoint_Alpha,Pre-Violent Escalation,92.59
2026-09-15 15:44:31,Checkpoint_Alpha,Pre-Violent Escalation,79.95
2026-09-15 15:44:31,Checkpoint_Alpha,Pre-Violent Escalation,89.53
2026-09-15 15:44:31,Checkpoint_Alpha,Pre-Violent Escalation,90.54
2026-09-15 15:44:31,Checkpoint_Alpha,Pre-Violent Escalation,99.42
2026-09-15 15:44:31,Checkpoint_Alpha,Pre-Violent Escalation,93.94
2026-09-15 15:44:32,Checkpoint_Alpha,Pre-Violent Escalation,76.23
2026-09-15 15:44:32,Checkpoint_Alpha,Pre-Violent Escalation,96.2
2026-09-15 15:44:32,Checkpoint_Alpha,Pre-Violent Escalation,76.51
2026-09-15 15:44:32,Checkpoint_Alpha,Pre-Violent Escalation,75.07
2026-09-15 15:44:32,Checkpoint_Alpha,Pre-Violent Escalation,76.46
2026-09-15 15:44:32,Checkpoint_Alpha,Pre-Violent Escalation,84.41
2026-09-15 15:44:32,Checkpoint_Alpha,Pre-Violent Escalation,85.31
2026-09-15 15:44:32,Checkpoint_Alpha,Pre-Violent Escalation,87.17
2026-09-15 15:44:32,Checkpoint_Alpha,Pre-Violent Escalation,85.69
2026-09-15 15:44:33,Checkpoint_Alpha,Pre-Violent Escalation,84.54
2026-09-15 15:44:33,Checkpoint_Alpha,Pre-Violent Escalation,88.64
2026-09-15 15:44:33,Checkpoint_Alpha,Pre-Violent Escalation,86.12
2026-09-15 15:44:33,Checkpoint_Alpha,Pre-Violent Escalation,88.32
2026-09-15 15:44:34,Checkpoint_Alpha,Pre-Violent Escalation,89.09
2026-09-15 15:44:34,Checkpoint_Alpha,Pre-Violent Escalation,88.02
2026-09-15 15:44:34,Checkpoint_Alpha,Pre-Violent Escalation,77.38
2026-09-15 15:44:34,Checkpoint_Alpha,Pre-Violent Escalation,84.97
2026-09-15 15:44:34,Checkpoint_Alpha,Pre-Violent Escalation,86.9
2026-09-15 15:44:35,Checkpoint_Alpha,Pre-Violent Escalation,85.76
2026-09-15 15:44:36,Checkpoint_Alpha,Pre-Violent Escalation,95.0
2026-09-15 15:44:36,Checkpoint_Alpha,Pre-Violent Escalation,85.39
2026-09-15 15:44:36,Checkpoint_Alpha,Pre-Violent Escalation,81.08
2026-09-15 15:44:36,Checkpoint_Alpha,Pre-Violent Escalation,80.15
2026-09-15 15:44:37,Checkpoint_Alpha,Pre-Violent Escalation,89.6
2026-09-15 15:44:37,Checkpoint_Alpha,Pre-Violent Escalation,84.05
2026-09-15 15:44:38,Checkpoint_Alpha,Pre-Violent Escalation,79.07
2026-09-15 15:44:38,Checkpoint_Alpha,Pre-Violent Escalation,86.48
2026-09-15 15:44:38,Checkpoint_Alpha,Pre-Violent Escalation,85.53
2026-09-15 15:44:38,Checkpoint_Alpha,Pre-Violent Escalation,75.72
2026-09-15 15:44:39,Checkpoint_Alpha,Pre-Violent Escalation,88.9
2026-09-15 15:44:39,Checkpoint_Alpha,Pre-Violent Escalation,98.45
2026-09-15 15:44:40,Checkpoint_Alpha,Pre-Violent Escalation,83.09
2026-09-15 15:44:41,Checkpoint_Alpha,Pre-Violent Escalation,76.98
2026-09-15 15:44:41,Checkpoint_Alpha,Pre-Violent Escalation,81.08
2026-09-15 15:44:41,Checkpoint_Alpha,Pre-Violent Escalation,81.24
2026-09-15 15:44:41,Checkpoint_Alpha,Pre-Violent Escalation,75.36
2026-09-15 15:44:41,Checkpoint_Alpha,Pre-Violent Escalation,77.45
2026-09-15 15:44:41,Checkpoint_Alpha,Pre-Violent Escalation,90.01
2026-09-15 15:44:41,Checkpoint_Alpha,Pre-Violent Escalation,80.0
2026-09-15 15:44:41,Checkpoint_Alpha,Pre-Violent Escalation,83.77
2026-09-15 15:44:42,Checkpoint_Alpha,Pre-Violent Escalation,91.5
2026-09-15 15:44:42,Checkpoint_Alpha,Pre-Violent Escalation,83.62
2026-09-15 15:44:43,Checkpoint_Alpha,Pre-Violent Escalation,75.52
2026-09-15 15:44:43,Checkpoint_Alpha,Pre-Violent Escalation,77.51
2026-09-15 15:44:44,Checkpoint_Alpha,Pre-Violent Escalation,91.74
2026-09-15 15:44:45,Checkpoint_Alpha,Pre-Violent Escalation,83.7
2026-09-15 15:44:45,Checkpoint_Alpha,Pre-Violent Escalation,75.64
2026-09-15 15:44:45,Checkpoint_Alpha,Pre-Violent Escalation,87.63
2026-09-15 15:44:45,Checkpoint_Alpha,Pre-Violent Escalation,77.42
2026-09-15 15:44:45,Checkpoint_Alpha,Pre-Violent Escalation,83.47
2026-09-15 15:44:45,Checkpoint_Alpha,Pre-Violent Escalation,75.94
2026-09-15 15:44:45,Checkpoint_Alpha,Pre-Violent Escalation,85.96
2026-09-15 15:44:46,Checkpoint_Alpha,Pre-Violent Escalation,88.72
2026-09-15 15:44:46,Checkpoint_Alpha,Pre-Violent Escalation,92.4
2026-09-15 15:44:46,Checkpoint_Alpha,Pre-Violent Escalation,91.31
2026-09-15 15:44:46,Checkpoint_Alpha,Pre-Violent Escalation,87.46
2026-09-15 15:44:46,Checkpoint_Alpha,Pre-Violent Escalation,85.65
2026-09-15 15:44:46,Checkpoint_Alpha,Pre-Violent Escalation,95.67
2026-09-15 15:44:47,Checkpoint_Alpha,Pre-Violent Escalation,78.78
2026-09-15 15:44:47,Checkpoint_Alpha,Pre-Violent Escalation,75.04
2026-09-15 15:44:47,Checkpoint_Alpha,Pre-Violent Escalation,85.59
2026-09-15 15:44:48,Checkpoint_Alpha,Pre-Violent Escalation,86.82
2026-09-15 15:44:49,Checkpoint_Alpha,Pre-Violent Escalation,85.58
2026-09-15 15:44:49,Checkpoint_Alpha,Pre-Violent Escalation,98.79
2026-09-15 15:44:50,Checkpoint_Alpha,Pre-Violent Escalation,91.47
2026-09-15 15:44:50,Checkpoint_Alpha,Pre-Violent Escalation,79.0
2026-09-15 15:44:50,Checkpoint_Alpha,Pre-Violent Escalation,80.56
2026-09-15 15:44:51,Checkpoint_Alpha,Pre-Violent Escalation,93.3
2026-09-15 15:44:51,Checkpoint_Alpha,Pre-Violent Escalation,80.54
2026-09-15 15:44:51,Checkpoint_Alpha,Pre-Violent Escalation,91.95
2026-09-15 15:44:52,Checkpoint_Alpha,Pre-Violent Escalation,79.65
2026-09-15 15:44:52,Checkpoint_Alpha,Pre-Violent Escalation,85.85
2026-09-15 15:44:52,Checkpoint_Alpha,Pre-Violent Escalation,82.29
2026-09-15 15:44:52,Checkpoint_Alpha,Pre-Violent Escalation,90.22
2026-09-15 15:44:52,Checkpoint_Alpha,Pre-Violent Escalation,89.97
2026-09-15 15:44:53,Checkpoint_Alpha,Pre-Violent Escalation,88.53
2026-09-15 15:44:54,Checkpoint_Alpha,Pre-Violent Escalation,79.22
2026-09-15 15:44:54,Checkpoint_Alpha,Pre-Violent Escalation,81.58
2026-09-15 15:44:54,Checkpoint_Alpha,Pre-Violent Escalation,86.49
2026-09-15 15:44:55,Checkpoint_Alpha,Pre-Violent Escalation,95.18
2026-09-15 15:44:55,Checkpoint_Alpha,Pre-Violent Escalation,83.26
2026-09-15 15:44:55,Checkpoint_Alpha,Pre-Violent Escalation,94.93
2026-09-15 15:44:56,Checkpoint_Alpha,Pre-Violent Escalation,92.17
2026-09-15 15:44:56,Checkpoint_Alpha,Pre-Violent Escalation,94.53
2026-09-15 15:44:56,Checkpoint_Alpha,Pre-Violent Escalation,80.41
2026-09-15 15:44:56,Checkpoint_Alpha,Pre-Violent Escalation,77.54
2026-09-15 15:44:56,Checkpoint_Alpha,Pre-Violent Escalation,90.08
2026-09-15 15:44:57,Checkpoint_Alpha,Pre-Violent Escalation,94.17
2026-09-15 15:44:57,Checkpoint_Alpha,Pre-Violent Escalation,100.0
2026-09-15 15:44:57,Checkpoint_Alpha,Pre-Violent Escalation,100.0
2026-09-15 15:44:57,Checkpoint_Alpha,Pre-Violent Escalation,81.3
2026-09-15 15:44:57,Checkpoint_Alpha,Pre-Violent Escalation,78.81
2026-09-15 15:44:57,Checkpoint_Alpha,Pre-Violent Escalation,85.86
2026-09-15 15:44:58,Checkpoint_Alpha,Pre-Violent Escalation,75.7
2026-09-15 15:44:59,Checkpoint_Alpha,Pre-Violent Escalation,78.46
2026-09-15 15:45:00,Checkpoint_Alpha,Pre-Violent Escalation,87.6
2026-09-15 15:45:00,Checkpoint_Alpha,Pre-Violent Escalation,100.0
2026-09-15 15:45:00,Checkpoint_Alpha,Pre-Violent Escalation,86.53
2026-09-15 15:45:00,Checkpoint_Alpha,Pre-Violent Escalation,94.67
2026-09-15 15:45:00,Checkpoint_Alpha,Pre-Violent Escalation,76.71
2026-09-15 15:45:00,Checkpoint_Alpha,Pre-Violent Escalation,76.9
2026-09-15 15:45:00,Checkpoint_Alpha,Pre-Violent Escalation,82.22
2026-09-15 15:45:00,Checkpoint_Alpha,Pre-Violent Escalation,84.1
2026-09-15 15:45:01,Checkpoint_Alpha,Pre-Violent Escalation,76.02
2026-09-15 15:45:02,Checkpoint_Alpha,Pre-Violent Escalation,78.32
2026-09-15 15:45:03,Checkpoint_Alpha,Pre-Violent Escalation,79.99
2026-09-15 15:45:03,Checkpoint_Alpha,Pre-Violent Escalation,88.17
2026-09-15 15:45:03,Checkpoint_Alpha,Pre-Violent Escalation,93.16
2026-09-15 15:45:03,Checkpoint_Alpha,Pre-Violent Escalation,75.54
2026-09-15 15:45:03,Checkpoint_Alpha,Pre-Violent Escalation,85.69
2026-09-15 15:45:03,Checkpoint_Alpha,Pre-Violent Escalation,76.99
2026-09-15 15:45:03,Checkpoint_Alpha,Pre-Violent Escalation,92.17
2026-09-15 15:46:56,Checkpoint_Alpha,Kinetic Agitation Spike,98.26
2026-09-15 15:46:56,Checkpoint_Alpha,Kinetic Agitation Spike,83.52
2026-09-15 15:46:56,Checkpoint_Alpha,Kinetic Agitation Spike,62.92
2026-09-15 15:46:56,Checkpoint_Alpha,Kinetic Agitation Spike,100.0
2026-09-15 15:46:56,Checkpoint_Alpha,Kinetic Agitation Spike,93.51
2026-09-15 15:46:56,Checkpoint_Alpha,Kinetic Agitation Spike,86.94
2026-09-15 15:46:56,Checkpoint_Alpha,Kinetic Agitation Spike,61.82
2026-09-15 15:46:56,Checkpoint_Alpha,Kinetic Agitation Spike,52.45
2026-09-15 15:46:56,Checkpoint_Alpha,Kinetic Agitation Spike,56.77
2026-09-15 15:46:56,Checkpoint_Alpha,Kinetic Agitation Spike,100.0
2026-09-15 15:46:56,Checkpoint_Alpha,Kinetic Agitation Spike,100.0
2026-09-15 15:46:56,Checkpoint_Alpha,Kinetic Agitation Spike,100.0
2026-09-15 15:46:56,Checkpoint_Alpha,Kinetic Agitation Spike,98.25
2026-09-15 15:46:56,Checkpoint_Alpha,Kinetic Agitation Spike,92.43
2026-09-15 15:46:56,Checkpoint_Alpha,Kinetic Agitation Spike,90.73
2026-09-15 15:46:56,Checkpoint_Alpha,Kinetic Agitation Spike,100.0
2026-09-15 15:46:56,Checkpoint_Alpha,Kinetic Agitation Spike,95.08
2026-09-15 15:46:56,Checkpoint_Alpha,Kinetic Agitation Spike,52.09
2026-09-15 15:46:57,Checkpoint_Alpha,Kinetic Agitation Spike,62.35
2026-09-15 15:46:57,Checkpoint_Alpha,Kinetic Agitation Spike,51.74
2026-09-15 15:46:57,Checkpoint_Alpha,Kinetic Agitation Spike,100.0
2026-09-15 15:46:57,Checkpoint_Alpha,Kinetic Agitation Spike,78.6
2026-09-15 15:46:57,Checkpoint_Alpha,Kinetic Agitation Spike,72.88
2026-09-15 15:46:57,Checkpoint_Alpha,Kinetic Agitation Spike,71.09
2026-09-15 15:46:57,Checkpoint_Alpha,Kinetic Agitation Spike,78.79
2026-09-15 15:46:57,Checkpoint_Alpha,Kinetic Agitation Spike,80.73
2026-09-15 15:46:57,Checkpoint_Alpha,Kinetic Agitation Spike,100.0
2026-09-15 15:46:57,Checkpoint_Alpha,Kinetic Agitation Spike,100.0
2026-09-15 15:46:57,Checkpoint_Alpha,Kinetic Agitation Spike,47.21
2026-09-15 15:46:57,Checkpoint_Alpha,Kinetic Agitation Spike,100.0
2026-09-15 15:46:57,Checkpoint_Alpha,Kinetic Agitation Spike,63.69
2026-09-15 15:46:57,Checkpoint_Alpha,Kinetic Agitation Spike,55.16
2026-09-15 15:46:57,Checkpoint_Alpha,Kinetic Agitation Spike,45.73
2026-09-15 15:46:57,Checkpoint_Alpha,Kinetic Agitation Spike,100.0
2026-09-15 15:46:57,Checkpoint_Alpha,Kinetic Agitation Spike,73.31
2026-09-15 15:46:57,Checkpoint_Alpha,Kinetic Agitation Spike,96.85
2026-09-15 15:46:57,Checkpoint_Alpha,Kinetic Agitation Spike,76.61
2026-09-15 15:46:57,Checkpoint_Alpha,Kinetic Agitation Spike,59.49
2026-09-15 15:46:57,Checkpoint_Alpha,Kinetic Agitation Spike,61.2
2026-09-15 15:46:57,Checkpoint_Alpha,Kinetic Agitation Spike,75.0
2026-09-15 15:46:57,Checkpoint_Alpha,Kinetic Agitation Spike,73.41
2026-09-15 15:46:57,Checkpoint_Alpha,Kinetic Agitation Spike,97.46
2026-09-15 15:46:57,Checkpoint_Alpha,Kinetic Agitation Spike,100.0
2026-09-15 15:46:57,Checkpoint_Alpha,Kinetic Agitation Spike,68.62
2026-09-15 15:46:57,Checkpoint_Alpha,Kinetic Agitation Spike,63.77
2026-09-15 15:46:57,Checkpoint_Alpha,Kinetic Agitation Spike,75.23
2026-09-15 15:46:57,Checkpoint_Alpha,Kinetic Agitation Spike,76.13
2026-09-15 15:46:57,Checkpoint_Alpha,Kinetic Agitation Spike,66.15
2026-09-15 15:46:57,Checkpoint_Alpha,Kinetic Agitation Spike,100.0
2026-09-15 15:46:57,Checkpoint_Alpha,Kinetic Agitation Spike,85.24
2026-09-15 15:46:57,Checkpoint_Alpha,Kinetic Agitation Spike,49.76
2026-09-15 15:46:57,Checkpoint_Alpha,Kinetic Agitation Spike,58.94
2026-09-15 15:46:57,Checkpoint_Alpha,Kinetic Agitation Spike,66.8
2026-09-15 15:46:57,Checkpoint_Alpha,Kinetic Agitation Spike,53.34
2026-09-15 15:46:57,Checkpoint_Alpha,Kinetic Agitation Spike,96.73
2026-09-15 15:46:57,Checkpoint_Alpha,Kinetic Agitation Spike,82.24
2026-09-15 15:46:57,Checkpoint_Alpha,Kinetic Agitation Spike,54.01
2026-09-15 15:46:57,Checkpoint_Alpha,Kinetic Agitation Spike,61.14
2026-09-15 15:46:57,Checkpoint_Alpha,Kinetic Agitation Spike,60.93
2026-09-15 15:46:57,Checkpoint_Alpha,Kinetic Agitation Spike,88.46
2026-09-15 15:46:57,Checkpoint_Alpha,Kinetic Agitation Spike,100.0
2026-09-15 15:46:57,Checkpoint_Alpha,Kinetic Agitation Spike,48.99
2026-09-15 15:46:57,Checkpoint_Alpha,Kinetic Agitation Spike,65.82
2026-09-15 15:46:57,Checkpoint_Alpha,Kinetic Agitation Spike,75.69
2026-09-15 15:46:57,Checkpoint_Alpha,Kinetic Agitation Spike,84.61
2026-09-15 15:46:57,Checkpoint_Alpha,Kinetic Agitation Spike,45.09
2026-09-15 15:46:57,Checkpoint_Alpha,Kinetic Agitation Spike,69.89
2026-09-15 15:46:57,Checkpoint_Alpha,Kinetic Agitation Spike,100.0
2026-09-15 15:46:57,Checkpoint_Alpha,Kinetic Agitation Spike,52.26
2026-09-15 15:46:57,Checkpoint_Alpha,Kinetic Agitation Spike,53.51
2026-09-15 15:46:57,Checkpoint_Alpha,Kinetic Agitation Spike,72.55
2026-09-15 15:46:57,Checkpoint_Alpha,Kinetic Agitation Spike,45.14
2026-09-15 15:46:57,Checkpoint_Alpha,Kinetic Agitation Spike,95.26
2026-09-15 15:46:57,Checkpoint_Alpha,Kinetic Agitation Spike,56.75
2026-09-15 15:46:58,Checkpoint_Alpha,Kinetic Agitation Spike,100.0
2026-09-15 15:46:58,Checkpoint_Alpha,Kinetic Agitation Spike,56.13
2026-09-15 15:46:58,Checkpoint_Alpha,Kinetic Agitation Spike,64.47
2026-09-15 15:46:58,Checkpoint_Alpha,Kinetic Agitation Spike,86.19
2026-09-15 15:46:58,Checkpoint_Alpha,Kinetic Agitation Spike,87.42
2026-09-15 15:46:58,Checkpoint_Alpha,Kinetic Agitation Spike,56.06
2026-09-15 15:46:58,Checkpoint_Alpha,Kinetic Agitation Spike,77.65
2026-09-15 15:46:58,Checkpoint_Alpha,Kinetic Agitation Spike,45.13
2026-09-15 15:46:58,Checkpoint_Alpha,Kinetic Agitation Spike,57.06
2026-09-15 15:46:58,Checkpoint_Alpha,Kinetic Agitation Spike,49.56
2026-09-15 15:46:58,Checkpoint_Alpha,Kinetic Agitation Spike,100.0
2026-09-15 15:46:58,Checkpoint_Alpha,Kinetic Agitation Spike,56.0
2026-09-15 15:46:58,Checkpoint_Alpha,Kinetic Agitation Spike,57.37
2026-09-15 15:46:58,Checkpoint_Alpha,Kinetic Agitation Spike,87.6
2026-09-15 15:46:58,Checkpoint_Alpha,Kinetic Agitation Spike,53.03
2026-09-15 15:46:58,Checkpoint_Alpha,Kinetic Agitation Spike,52.0
2026-09-15 15:46:58,Checkpoint_Alpha,Kinetic Agitation Spike,68.49
2026-09-15 15:46:58,Checkpoint_Alpha,Kinetic Agitation Spike,100.0
2026-09-15 15:46:58,Checkpoint_Alpha,Kinetic Agitation Spike,84.56
2026-09-15 15:46:58,Checkpoint_Alpha,Kinetic Agitation Spike,89.86
2026-09-15 15:46:58,Checkpoint_Alpha,Kinetic Agitation Spike,67.9
2026-09-15 15:46:58,Checkpoint_Alpha,Kinetic Agitation Spike,55.99
2026-09-15 15:46:58,Checkpoint_Alpha,Kinetic Agitation Spike,90.4
2026-09-15 15:46:58,Checkpoint_Alpha,Kinetic Agitation Spike,76.19
2026-09-15 15:46:58,Checkpoint_Alpha,Kinetic Agitation Spike,78.89
2026-09-15 15:46:58,Checkpoint_Alpha,Kinetic Agitation Spike,96.45
2026-09-15 15:46:58,Checkpoint_Alpha,Kinetic Agitation Spike,51.05
2026-09-15 15:46:58,Checkpoint_Alpha,Kinetic Agitation Spike,75.79
2026-09-15 15:46:58,Checkpoint_Alpha,Kinetic Agitation Spike,95.69
2026-09-15 15:46:58,Checkpoint_Alpha,Kinetic Agitation Spike,91.67
2026-09-15 15:46:58,Checkpoint_Alpha,Kinetic Agitation Spike,61.98
2026-09-15 15:46:58,Checkpoint_Alpha,Kinetic Agitation Spike,90.8
2026-09-15 15:46:58,Checkpoint_Alpha,Kinetic Agitation Spike,71.68
2026-09-15 15:46:58,Checkpoint_Alpha,Kinetic Agitation Spike,53.15
2026-09-15 15:46:58,Checkpoint_Alpha,Kinetic Agitation Spike,80.44
2026-09-15 15:46:58,Checkpoint_Alpha,Kinetic Agitation Spike,46.05
2026-09-15 15:46:58,Checkpoint_Alpha,Kinetic Agitation Spike,100.0
2026-09-15 15:46:58,Checkpoint_Alpha,Kinetic Agitation Spike,48.31
2026-09-15 15:46:58,Checkpoint_Alpha,Kinetic Agitation Spike,100.0
2026-09-15 15:46:58,Checkpoint_Alpha,Kinetic Agitation Spike,100.0
2026-09-15 15:46:58,Checkpoint_Alpha,Kinetic Agitation Spike,100.0
2026-09-15 15:46:58,Checkpoint_Alpha,Kinetic Agitation Spike,90.41
2026-09-15 15:46:58,Checkpoint_Alpha,Kinetic Agitation Spike,86.23
2026-09-15 15:46:58,Checkpoint_Alpha,Kinetic Agitation Spike,96.46
2026-09-15 15:46:58,Checkpoint_Alpha,Kinetic Agitation Spike,100.0
2026-09-15 15:46:58,Checkpoint_Alpha,Kinetic Agitation Spike,70.11
2026-09-15 15:46:58,Checkpoint_Alpha,Kinetic Agitation Spike,60.33
2026-09-15 15:46:58,Checkpoint_Alpha,Kinetic Agitation Spike,98.6
2026-09-15 15:46:58,Checkpoint_Alpha,Kinetic Agitation Spike,100.0
2026-09-15 15:46:58,Checkpoint_Alpha,Kinetic Agitation Spike,61.23
2026-09-15 15:46:58,Checkpoint_Alpha,Kinetic Agitation Spike,67.58
2026-09-15 15:46:58,Checkpoint_Alpha,Kinetic Agitation Spike,74.74
2026-09-15 15:46:58,Checkpoint_Alpha,Kinetic Agitation Spike,66.49
2026-09-15 15:46:58,Checkpoint_Alpha,Kinetic Agitation Spike,100.0
2026-09-15 15:46:58,Checkpoint_Alpha,Kinetic Agitation Spike,70.81
2026-09-15 15:46:58,Checkpoint_Alpha,Kinetic Agitation Spike,96.31
2026-09-15 15:46:58,Checkpoint_Alpha,Kinetic Agitation Spike,57.45
2026-09-15 15:46:58,Checkpoint_Alpha,Kinetic Agitation Spike,64.15
2026-09-15 15:46:58,Checkpoint_Alpha,Kinetic Agitation Spike,50.31
2026-09-15 15:46:58,Checkpoint_Alpha,Kinetic Agitation Spike,47.11
2026-09-15 15:46:58,Checkpoint_Alpha,Kinetic Agitation Spike,69.2
2026-09-15 15:46:58,Checkpoint_Alpha,Kinetic Agitation Spike,58.3
2026-09-15 15:46:58,Checkpoint_Alpha,Kinetic Agitation Spike,65.88
2026-09-15 15:46:58,Checkpoint_Alpha,Kinetic Agitation Spike,100.0
2026-09-15 15:46:58,Checkpoint_Alpha,Kinetic Agitation Spike,63.19
2026-09-15 15:46:58,Checkpoint_Alpha,Kinetic Agitation Spike,58.04
2026-09-15 15:46:58,Checkpoint_Alpha,Kinetic Agitation Spike,82.62
2026-09-15 15:46:58,Checkpoint_Alpha,Kinetic Agitation Spike,100.0
2026-09-15 15:46:58,Checkpoint_Alpha,Kinetic Agitation Spike,56.74
2026-09-15 15:46:58,Checkpoint_Alpha,Kinetic Agitation Spike,73.8
2026-09-15 15:46:58,Checkpoint_Alpha,Kinetic Agitation Spike,53.0
2026-09-15 15:46:58,Checkpoint_Alpha,Kinetic Agitation Spike,50.99
2026-09-15 15:46:58,Checkpoint_Alpha,Kinetic Agitation Spike,92.86
2026-09-15 15:46:58,Checkpoint_Alpha,Kinetic Agitation Spike,100.0
2026-09-15 15:46:58,Checkpoint_Alpha,Kinetic Agitation Spike,49.18
2026-09-15 15:46:58,Checkpoint_Alpha,Kinetic Agitation Spike,77.79
2026-09-15 15:46:58,Checkpoint_Alpha,Kinetic Agitation Spike,83.26
2026-09-15 15:46:59,Checkpoint_Alpha,Kinetic Agitation Spike,62.06
2026-09-15 15:46:59,Checkpoint_Alpha,Kinetic Agitation Spike,78.14
2026-09-15 15:46:59,Checkpoint_Alpha,Kinetic Agitation Spike,59.32
2026-09-15 15:46:59,Checkpoint_Alpha,Kinetic Agitation Spike,95.05
2026-09-15 15:46:59,Checkpoint_Alpha,Kinetic Agitation Spike,100.0
2026-09-15 15:46:59,Checkpoint_Alpha,Kinetic Agitation Spike,100.0
2026-09-15 15:46:59,Checkpoint_Alpha,Kinetic Agitation Spike,100.0
2026-09-15 15:46:59,Checkpoint_Alpha,Kinetic Agitation Spike,65.83
2026-09-15 15:46:59,Checkpoint_Alpha,Kinetic Agitation Spike,83.6
2026-09-15 15:46:59,Checkpoint_Alpha,Kinetic Agitation Spike,100.0
2026-09-15 15:46:59,Checkpoint_Alpha,Kinetic Agitation Spike,53.92
2026-09-15 15:46:59,Checkpoint_Alpha,Kinetic Agitation Spike,49.29
2026-09-15 15:46:59,Checkpoint_Alpha,Kinetic Agitation Spike,74.13
2026-09-15 15:46:59,Checkpoint_Alpha,Kinetic Agitation Spike,84.33
2026-09-15 15:46:59,Checkpoint_Alpha,Kinetic Agitation Spike,100.0
2026-09-15 15:46:59,Checkpoint_Alpha,Kinetic Agitation Spike,66.64
2026-09-15 15:46:59,Checkpoint_Alpha,Kinetic Agitation Spike,64.16
2026-09-15 15:46:59,Checkpoint_Alpha,Kinetic Agitation Spike,46.23
2026-09-15 15:46:59,Checkpoint_Alpha,Kinetic Agitation Spike,69.0
2026-09-15 15:46:59,Checkpoint_Alpha,Kinetic Agitation Spike,100.0
2026-09-15 15:46:59,Checkpoint_Alpha,Kinetic Agitation Spike,48.97
2026-09-15 15:46:59,Checkpoint_Alpha,Kinetic Agitation Spike,55.68
2026-09-15 15:46:59,Checkpoint_Alpha,Kinetic Agitation Spike,100.0
2026-09-15 15:46:59,Checkpoint_Alpha,Kinetic Agitation Spike,100.0
2026-09-15 15:46:59,Checkpoint_Alpha,Kinetic Agitation Spike,59.93
2026-09-15 15:46:59,Checkpoint_Alpha,Kinetic Agitation Spike,100.0
2026-09-15 15:46:59,Checkpoint_Alpha,Kinetic Agitation Spike,100.0
2026-09-15 15:46:59,Checkpoint_Alpha,Kinetic Agitation Spike,100.0
2026-09-15 15:46:59,Checkpoint_Alpha,Kinetic Agitation Spike,100.0
2026-09-15 15:46:59,Checkpoint_Alpha,Kinetic Agitation Spike,50.37
2026-09-15 15:46:59,Checkpoint_Alpha,Kinetic Agitation Spike,100.0
2026-09-15 15:46:59,Checkpoint_Alpha,Kinetic Agitation Spike,62.97
2026-09-15 15:46:59,Checkpoint_Alpha,Kinetic Agitation Spike,48.61
2026-09-15 15:46:59,Checkpoint_Alpha,Kinetic Agitation Spike,78.01
2026-09-15 15:46:59,Checkpoint_Alpha,Kinetic Agitation Spike,57.88
2026-09-15 15:46:59,Checkpoint_Alpha,Kinetic Agitation Spike,55.53
2026-09-15 15:46:59,Checkpoint_Alpha,Kinetic Agitation Spike,56.63
2026-09-15 15:46:59,Checkpoint_Alpha,Kinetic Agitation Spike,55.05
2026-09-15 15:46:59,Checkpoint_Alpha,Kinetic Agitation Spike,48.76
2026-09-15 15:46:59,Checkpoint_Alpha,Kinetic Agitation Spike,100.0
2026-09-15 15:46:59,Checkpoint_Alpha,Kinetic Agitation Spike,100.0
2026-09-15 15:46:59,Checkpoint_Alpha,Kinetic Agitation Spike,54.12
2026-09-15 15:46:59,Checkpoint_Alpha,Kinetic Agitation Spike,69.42
2026-09-15 15:46:59,Checkpoint_Alpha,Kinetic Agitation Spike,53.52
2026-09-15 15:46:59,Checkpoint_Alpha,Kinetic Agitation Spike,100.0
2026-09-15 15:46:59,Checkpoint_Alpha,Kinetic Agitation Spike,47.49
2026-09-15 15:46:59,Checkpoint_Alpha,Kinetic Agitation Spike,61.88
2026-09-15 15:46:59,Checkpoint_Alpha,Kinetic Agitation Spike,69.15
2026-09-15 15:46:59,Checkpoint_Alpha,Kinetic Agitation Spike,89.18
2026-09-15 15:46:59,Checkpoint_Alpha,Kinetic Agitation Spike,55.83
2026-09-15 15:46:59,Checkpoint_Alpha,Kinetic Agitation Spike,48.75
2026-09-15 15:46:59,Checkpoint_Alpha,Kinetic Agitation Spike,49.72
2026-09-15 15:46:59,Checkpoint_Alpha,Kinetic Agitation Spike,100.0
2026-09-15 15:46:59,Checkpoint_Alpha,Kinetic Agitation Spike,69.01
2026-09-15 15:46:59,Checkpoint_Alpha,Kinetic Agitation Spike,87.26
2026-09-15 15:46:59,Checkpoint_Alpha,Kinetic Agitation Spike,66.72
2026-09-15 15:46:59,Checkpoint_Alpha,Kinetic Agitation Spike,97.75
2026-09-15 15:46:59,Checkpoint_Alpha,Kinetic Agitation Spike,72.21
2026-09-15 15:46:59,Checkpoint_Alpha,Kinetic Agitation Spike,48.27
2026-09-15 15:47:00,Checkpoint_Alpha,Kinetic Agitation Spike,61.24
2026-09-15 15:47:00,Checkpoint_Alpha,Kinetic Agitation Spike,53.94
2026-09-15 15:47:00,Checkpoint_Alpha,Kinetic Agitation Spike,61.42
2026-09-15 15:47:00,Checkpoint_Alpha,Kinetic Agitation Spike,65.85
2026-09-15 15:47:00,Checkpoint_Alpha,Kinetic Agitation Spike,93.73
2026-09-15 15:47:00,Checkpoint_Alpha,Kinetic Agitation Spike,57.11
2026-09-15 15:47:00,Checkpoint_Alpha,Kinetic Agitation Spike,100.0
2026-09-15 15:47:00,Checkpoint_Alpha,Kinetic Agitation Spike,59.17
2026-09-15 15:47:00,Checkpoint_Alpha,Kinetic Agitation Spike,84.08
2026-09-15 15:47:00,Checkpoint_Alpha,Kinetic Agitation Spike,49.8
2026-09-15 15:47:00,Checkpoint_Alpha,Kinetic Agitation Spike,100.0
2026-09-15 15:47:00,Checkpoint_Alpha,Kinetic Agitation Spike,54.91
2026-09-15 15:47:00,Checkpoint_Alpha,Kinetic Agitation Spike,66.12
2026-09-15 15:47:00,Checkpoint_Alpha,Kinetic Agitation Spike,100.0
2026-09-15 15:47:00,Checkpoint_Alpha,Kinetic Agitation Spike,100.0
2026-09-15 15:47:00,Checkpoint_Alpha,Kinetic Agitation Spike,47.73
2026-09-15 15:47:00,Checkpoint_Alpha,Kinetic Agitation Spike,91.96
2026-09-15 15:47:00,Checkpoint_Alpha,Kinetic Agitation Spike,57.08
2026-09-15 15:47:00,Checkpoint_Alpha,Kinetic Agitation Spike,100.0
2026-09-15 15:47:00,Checkpoint_Alpha,Kinetic Agitation Spike,88.27
2026-09-15 15:47:00,Checkpoint_Alpha,Kinetic Agitation Spike,100.0
2026-09-15 15:47:00,Checkpoint_Alpha,Kinetic Agitation Spike,98.47
2026-09-15 15:47:00,Checkpoint_Alpha,Kinetic Agitation Spike,97.97
2026-09-15 15:47:00,Checkpoint_Alpha,Kinetic Agitation Spike,89.96
2026-09-15 15:47:00,Checkpoint_Alpha,Kinetic Agitation Spike,100.0
2026-09-15 15:47:00,Checkpoint_Alpha,Kinetic Agitation Spike,100.0
2026-09-15 15:47:00,Checkpoint_Alpha,Kinetic Agitation Spike,71.93
2026-09-15 15:47:00,Checkpoint_Alpha,Kinetic Agitation Spike,65.97
2026-09-15 15:47:00,Checkpoint_Alpha,Kinetic Agitation Spike,77.27
2026-09-15 15:47:00,Checkpoint_Alpha,Kinetic Agitation Spike,100.0
2026-09-15 15:47:00,Checkpoint_Alpha,Kinetic Agitation Spike,100.0
2026-09-15 15:47:00,Checkpoint_Alpha,Kinetic Agitation Spike,93.67
2026-09-15 15:47:00,Checkpoint_Alpha,Kinetic Agitation Spike,83.99
2026-09-15 15:47:00,Checkpoint_Alpha,Kinetic Agitation Spike,67.56
2026-09-15 15:47:00,Checkpoint_Alpha,Kinetic Agitation Spike,89.56
2026-09-15 15:47:00,Checkpoint_Alpha,Kinetic Agitation Spike,51.49
2026-09-15 15:47:00,Checkpoint_Alpha,Kinetic Agitation Spike,74.37
2026-09-15 15:47:00,Checkpoint_Alpha,Kinetic Agitation Spike,72.84
2026-09-15 15:47:00,Checkpoint_Alpha,Kinetic Agitation Spike,97.52
2026-09-15 15:47:00,Checkpoint_Alpha,Kinetic Agitation Spike,51.53
2026-09-15 15:47:00,Checkpoint_Alpha,Kinetic Agitation Spike,100.0
2026-09-15 15:47:00,Checkpoint_Alpha,Kinetic Agitation Spike,78.22
2026-09-15 15:47:00,Checkpoint_Alpha,Kinetic Agitation Spike,77.17
2026-09-15 15:47:00,Checkpoint_Alpha,Kinetic Agitation Spike,86.47
2026-09-15 15:47:00,Checkpoint_Alpha,Kinetic Agitation Spike,94.82
2026-09-15 15:47:00,Checkpoint_Alpha,Kinetic Agitation Spike,100.0
2026-09-15 15:47:00,Checkpoint_Alpha,Kinetic Agitation Spike,60.08
2026-09-15 15:47:00,Checkpoint_Alpha,Kinetic Agitation Spike,100.0
2026-09-15 15:47:00,Checkpoint_Alpha,Kinetic Agitation Spike,51.71
2026-09-15 15:47:00,Checkpoint_Alpha,Kinetic Agitation Spike,100.0
2026-09-15 15:47:00,Checkpoint_Alpha,Kinetic Agitation Spike,91.13
2026-09-15 15:47:00,Checkpoint_Alpha,Kinetic Agitation Spike,73.26
2026-09-15 15:47:00,Checkpoint_Alpha,Kinetic Agitation Spike,92.66
2026-09-15 15:47:00,Checkpoint_Alpha,Kinetic Agitation Spike,100.0
2026-09-15 15:47:00,Checkpoint_Alpha,Kinetic Agitation Spike,88.07
2026-09-15 15:47:00,Checkpoint_Alpha,Kinetic Agitation Spike,79.4
2026-09-15 15:47:00,Checkpoint_Alpha,Kinetic Agitation Spike,65.0
2026-09-15 15:47:00,Checkpoint_Alpha,Kinetic Agitation Spike,59.8
2026-09-15 15:47:00,Checkpoint_Alpha,Kinetic Agitation Spike,100.0
2026-09-15 15:47:01,Checkpoint_Alpha,Kinetic Agitation Spike,68.27
2026-09-15 15:47:01,Checkpoint_Alpha,Kinetic Agitation Spike,51.23
2026-09-15 15:47:01,Checkpoint_Alpha,Kinetic Agitation Spike,88.68
2026-09-15 15:47:01,Checkpoint_Alpha,Kinetic Agitation Spike,50.66
2026-09-15 15:47:01,Checkpoint_Alpha,Kinetic Agitation Spike,100.0
2026-09-15 15:47:01,Checkpoint_Alpha,Kinetic Agitation Spike,50.11
2026-09-15 15:47:01,Checkpoint_Alpha,Kinetic Agitation Spike,68.67
2026-09-15 15:47:01,Checkpoint_Alpha,Kinetic Agitation Spike,100.0
2026-09-15 15:47:01,Checkpoint_Alpha,Kinetic Agitation Spike,69.9
2026-09-15 15:47:01,Checkpoint_Alpha,Kinetic Agitation Spike,80.04
2026-09-15 15:47:01,Checkpoint_Alpha,Kinetic Agitation Spike,100.0
2026-09-15 15:47:01,Checkpoint_Alpha,Kinetic Agitation Spike,100.0
2026-09-15 15:47:01,Checkpoint_Alpha,Kinetic Agitation Spike,71.2
2026-09-15 15:47:01,Checkpoint_Alpha,Kinetic Agitation Spike,100.0
2026-09-15 15:47:01,Checkpoint_Alpha,Kinetic Agitation Spike,71.35
2026-09-15 15:47:01,Checkpoint_Alpha,Kinetic Agitation Spike,81.41
2026-09-15 15:47:01,Checkpoint_Alpha,Kinetic Agitation Spike,46.75
2026-09-15 15:47:01,Checkpoint_Alpha,Kinetic Agitation Spike,100.0
2026-09-15 15:47:01,Checkpoint_Alpha,Kinetic Agitation Spike,100.0
2026-09-15 15:47:01,Checkpoint_Alpha,Kinetic Agitation Spike,91.38
2026-09-15 15:47:01,Checkpoint_Alpha,Kinetic Agitation Spike,60.39
2026-09-15 15:47:01,Checkpoint_Alpha,Kinetic Agitation Spike,53.09
2026-09-15 15:47:01,Checkpoint_Alpha,Kinetic Agitation Spike,100.0
2026-09-15 15:47:01,Checkpoint_Alpha,Kinetic Agitation Spike,84.65
2026-09-15 15:47:01,Checkpoint_Alpha,Kinetic Agitation Spike,45.18
2026-09-15 15:47:01,Checkpoint_Alpha,Kinetic Agitation Spike,53.42
2026-09-15 15:47:01,Checkpoint_Alpha,Kinetic Agitation Spike,78.24
2026-09-15 15:47:01,Checkpoint_Alpha,Kinetic Agitation Spike,54.47
2026-09-15 15:47:01,Checkpoint_Alpha,Kinetic Agitation Spike,100.0
2026-09-15 15:47:01,Checkpoint_Alpha,Kinetic Agitation Spike,54.71
2026-09-15 15:47:01,Checkpoint_Alpha,Kinetic Agitation Spike,66.98
2026-09-15 15:47:01,Checkpoint_Alpha,Kinetic Agitation Spike,59.68
2026-09-15 15:47:01,Checkpoint_Alpha,Kinetic Agitation Spike,61.16
2026-09-15 15:47:01,Checkpoint_Alpha,Kinetic Agitation Spike,100.0
2026-09-15 15:47:01,Checkpoint_Alpha,Kinetic Agitation Spike,100.0
2026-09-15 15:47:01,Checkpoint_Alpha,Kinetic Agitation Spike,68.42
2026-09-15 15:47:01,Checkpoint_Alpha,Kinetic Agitation Spike,95.62
2026-09-15 15:47:01,Checkpoint_Alpha,Kinetic Agitation Spike,70.63
2026-09-15 15:47:01,Checkpoint_Alpha,Kinetic Agitation Spike,62.38
2026-09-15 15:47:01,Checkpoint_Alpha,Kinetic Agitation Spike,95.86
2026-09-15 15:47:01,Checkpoint_Alpha,Kinetic Agitation Spike,63.01
2026-09-15 15:47:01,Checkpoint_Alpha,Kinetic Agitation Spike,66.13
2026-09-15 15:47:01,Checkpoint_Alpha,Kinetic Agitation Spike,46.61
2026-09-15 15:47:01,Checkpoint_Alpha,Kinetic Agitation Spike,96.7
2026-09-15 15:47:01,Checkpoint_Alpha,Kinetic Agitation Spike,46.71
2026-09-15 15:47:01,Checkpoint_Alpha,Kinetic Agitation Spike,94.46
2026-09-15 15:47:01,Checkpoint_Alpha,Kinetic Agitation Spike,45.54
2026-09-15 15:47:01,Checkpoint_Alpha,Kinetic Agitation Spike,72.54
2026-09-15 15:47:01,Checkpoint_Alpha,Kinetic Agitation Spike,73.47
2026-09-15 15:47:01,Checkpoint_Alpha,Kinetic Agitation Spike,57.68
2026-09-15 15:47:01,Checkpoint_Alpha,Kinetic Agitation Spike,87.62
2026-09-15 15:47:01,Checkpoint_Alpha,Kinetic Agitation Spike,100.0
2026-09-15 15:47:01,Checkpoint_Alpha,Kinetic Agitation Spike,48.6
2026-09-15 15:47:01,Checkpoint_Alpha,Kinetic Agitation Spike,78.85
2026-09-15 15:47:01,Checkpoint_Alpha,Kinetic Agitation Spike,47.56
2026-09-15 15:47:01,Checkpoint_Alpha,Kinetic Agitation Spike,91.4
2026-09-15 15:47:01,Checkpoint_Alpha,Kinetic Agitation Spike,51.49
2026-09-15 15:47:01,Checkpoint_Alpha,Kinetic Agitation Spike,49.34
2026-09-15 15:47:01,Checkpoint_Alpha,Kinetic Agitation Spike,100.0
2026-09-15 15:47:01,Checkpoint_Alpha,Kinetic Agitation Spike,72.82
2026-09-15 15:47:01,Checkpoint_Alpha,Kinetic Agitation Spike,100.0
2026-09-15 15:47:01,Checkpoint_Alpha,Kinetic Agitation Spike,72.94
2026-09-15 15:47:01,Checkpoint_Alpha,Kinetic Agitation Spike,100.0
2026-09-15 15:47:02,Checkpoint_Alpha,Kinetic Agitation Spike,100.0
2026-09-15 15:47:02,Checkpoint_Alpha,Kinetic Agitation Spike,63.23
2026-09-15 15:47:02,Checkpoint_Alpha,Kinetic Agitation Spike,100.0
2026-09-15 15:47:02,Checkpoint_Alpha,Kinetic Agitation Spike,55.51
2026-09-15 15:47:02,Checkpoint_Alpha,Kinetic Agitation Spike,58.96
2026-09-15 15:47:02,Checkpoint_Alpha,Kinetic Agitation Spike,85.52
2026-09-15 15:47:02,Checkpoint_Alpha,Kinetic Agitation Spike,88.03
2026-09-15 15:47:02,Checkpoint_Alpha,Kinetic Agitation Spike,67.35
2026-09-15 15:47:02,Checkpoint_Alpha,Kinetic Agitation Spike,75.27
2026-09-15 15:47:02,Checkpoint_Alpha,Kinetic Agitation Spike,79.68
2026-09-15 15:47:02,Checkpoint_Alpha,Kinetic Agitation Spike,74.07
2026-09-15 15:47:02,Checkpoint_Alpha,Kinetic Agitation Spike,90.41
2026-09-15 15:47:02,Checkpoint_Alpha,Kinetic Agitation Spike,58.99
2026-09-15 15:47:02,Checkpoint_Alpha,Kinetic Agitation Spike,77.31
2026-09-15 15:47:02,Checkpoint_Alpha,Kinetic Agitation Spike,88.39
2026-09-15 15:47:02,Checkpoint_Alpha,Kinetic Agitation Spike,61.59
2026-09-15 15:47:02,Checkpoint_Alpha,Kinetic Agitation Spike,49.61
2026-09-15 15:47:02,Checkpoint_Alpha,Kinetic Agitation Spike,73.49
2026-09-15 15:47:02,Checkpoint_Alpha,Kinetic Agitation Spike,91.71
2026-09-15 15:47:02,Checkpoint_Alpha,Kinetic Agitation Spike,99.0
2026-09-15 15:47:02,Checkpoint_Alpha,Kinetic Agitation Spike,73.7
2026-09-15 15:47:02,Checkpoint_Alpha,Kinetic Agitation Spike,95.51
2026-09-15 15:47:02,Checkpoint_Alpha,Kinetic Agitation Spike,48.4
2026-09-15 15:47:02,Checkpoint_Alpha,Kinetic Agitation Spike,96.1
2026-09-15 15:47:02,Checkpoint_Alpha,Kinetic Agitation Spike,47.55
2026-09-15 15:47:02,Checkpoint_Alpha,Kinetic Agitation Spike,100.0
2026-09-15 15:47:02,Checkpoint_Alpha,Kinetic Agitation Spike,83.25
2026-09-15 15:47:02,Checkpoint_Alpha,Kinetic Agitation Spike,63.88
2026-09-15 15:47:02,Checkpoint_Alpha,Kinetic Agitation Spike,94.33
2026-09-15 15:47:02,Checkpoint_Alpha,Kinetic Agitation Spike,51.05
2026-09-15 15:47:02,Checkpoint_Alpha,Kinetic Agitation Spike,49.87
2026-09-15 15:47:02,Checkpoint_Alpha,Kinetic Agitation Spike,100.0
2026-09-15 15:47:02,Checkpoint_Alpha,Kinetic Agitation Spike,70.98
2026-09-15 15:47:02,Checkpoint_Alpha,Kinetic Agitation Spike,89.51
2026-09-15 15:47:02,Checkpoint_Alpha,Kinetic Agitation Spike,97.6
2026-09-15 15:47:02,Checkpoint_Alpha,Kinetic Agitation Spike,100.0
2026-09-15 15:47:02,Checkpoint_Alpha,Kinetic Agitation Spike,73.5
2026-09-15 15:47:02,Checkpoint_Alpha,Kinetic Agitation Spike,47.37
2026-09-15 15:47:02,Checkpoint_Alpha,Kinetic Agitation Spike,68.88
2026-09-15 15:47:02,Checkpoint_Alpha,Kinetic Agitation Spike,100.0
2026-09-15 15:47:02,Checkpoint_Alpha,Kinetic Agitation Spike,100.0
2026-09-15 15:47:02,Checkpoint_Alpha,Kinetic Agitation Spike,100.0
2026-09-15 15:47:02,Checkpoint_Alpha,Kinetic Agitation Spike,69.9
2026-09-15 15:47:02,Checkpoint_Alpha,Kinetic Agitation Spike,83.8
2026-09-15 15:47:02,Checkpoint_Alpha,Kinetic Agitation Spike,100.0
2026-09-15 15:47:02,Checkpoint_Alpha,Kinetic Agitation Spike,53.79
2026-09-15 15:47:02,Checkpoint_Alpha,Kinetic Agitation Spike,100.0
2026-09-15 15:47:02,Checkpoint_Alpha,Kinetic Agitation Spike,100.0
2026-09-15 15:47:02,Checkpoint_Alpha,Kinetic Agitation Spike,100.0
2026-09-15 15:47:02,Checkpoint_Alpha,Kinetic Agitation Spike,91.91
2026-09-15 15:47:02,Checkpoint_Alpha,Kinetic Agitation Spike,88.36
2026-09-15 15:47:02,Checkpoint_Alpha,Kinetic Agitation Spike,51.47
2026-09-15 15:47:02,Checkpoint_Alpha,Kinetic Agitation Spike,95.3
2026-09-15 15:47:02,Checkpoint_Alpha,Kinetic Agitation Spike,47.26
2026-09-15 15:47:02,Checkpoint_Alpha,Kinetic Agitation Spike,46.78
2026-09-15 15:47:02,Checkpoint_Alpha,Kinetic Agitation Spike,50.59
2026-09-15 15:47:02,Checkpoint_Alpha,Kinetic Agitation Spike,100.0
2026-09-15 15:47:02,Checkpoint_Alpha,Kinetic Agitation Spike,85.79
2026-09-15 15:47:02,Checkpoint_Alpha,Kinetic Agitation Spike,100.0
2026-09-15 15:47:02,Checkpoint_Alpha,Kinetic Agitation Spike,70.78
2026-09-15 15:47:02,Checkpoint_Alpha,Kinetic Agitation Spike,95.44
2026-09-15 15:47:02,Checkpoint_Alpha,Kinetic Agitation Spike,100.0
2026-09-15 15:47:02,Checkpoint_Alpha,Kinetic Agitation Spike,93.64
2026-09-15 15:47:02,Checkpoint_Alpha,Kinetic Agitation Spike,82.91
2026-09-15 15:47:03,Checkpoint_Alpha,Kinetic Agitation Spike,96.58
2026-09-15 15:47:03,Checkpoint_Alpha,Kinetic Agitation Spike,45.42
2026-09-15 15:47:03,Checkpoint_Alpha,Kinetic Agitation Spike,100.0
2026-09-15 15:47:03,Checkpoint_Alpha,Kinetic Agitation Spike,95.71
2026-09-15 15:47:03,Checkpoint_Alpha,Kinetic Agitation Spike,45.96
2026-09-15 15:47:03,Checkpoint_Alpha,Kinetic Agitation Spike,95.66
2026-09-15 15:47:03,Checkpoint_Alpha,Kinetic Agitation Spike,73.2
2026-09-15 15:47:03,Checkpoint_Alpha,Kinetic Agitation Spike,100.0
2026-09-15 15:47:03,Checkpoint_Alpha,Kinetic Agitation Spike,46.84
2026-09-15 15:47:03,Checkpoint_Alpha,Kinetic Agitation Spike,77.5
2026-09-15 15:47:03,Checkpoint_Alpha,Kinetic Agitation Spike,96.36
2026-09-15 15:47:03,Checkpoint_Alpha,Kinetic Agitation Spike,100.0
2026-09-15 15:47:03,Checkpoint_Alpha,Kinetic Agitation Spike,89.87
2026-09-15 15:47:03,Checkpoint_Alpha,Kinetic Agitation Spike,81.85
2026-09-15 15:47:03,Checkpoint_Alpha,Kinetic Agitation Spike,100.0
2026-09-15 15:47:03,Checkpoint_Alpha,Kinetic Agitation Spike,64.19
2026-09-15 15:47:03,Checkpoint_Alpha,Kinetic Agitation Spike,83.18
2026-09-15 15:47:03,Checkpoint_Alpha,Kinetic Agitation Spike,100.0
2026-09-15 15:47:03,Checkpoint_Alpha,Kinetic Agitation Spike,52.29
2026-09-15 15:47:03,Checkpoint_Alpha,Kinetic Agitation Spike,100.0
2026-09-15 15:47:03,Checkpoint_Alpha,Kinetic Agitation Spike,62.33
2026-09-15 15:47:03,Checkpoint_Alpha,Kinetic Agitation Spike,68.03
2026-09-15 15:47:03,Checkpoint_Alpha,Kinetic Agitation Spike,100.0
2026-09-15 15:47:03,Checkpoint_Alpha,Kinetic Agitation Spike,100.0
2026-09-15 15:47:03,Checkpoint_Alpha,Kinetic Agitation Spike,91.85
2026-09-15 15:47:03,Checkpoint_Alpha,Kinetic Agitation Spike,47.86
2026-09-15 15:47:03,Checkpoint_Alpha,Kinetic Agitation Spike,100.0
2026-09-15 15:47:03,Checkpoint_Alpha,Kinetic Agitation Spike,100.0
2026-09-15 15:47:03,Checkpoint_Alpha,Kinetic Agitation Spike,48.26
2026-09-15 15:47:03,Checkpoint_Alpha,Kinetic Agitation Spike,52.94
2026-09-15 15:47:03,Checkpoint_Alpha,Kinetic Agitation Spike,52.31
2026-09-15 15:47:03,Checkpoint_Alpha,Kinetic Agitation Spike,100.0
2026-09-15 15:47:03,Checkpoint_Alpha,Kinetic Agitation Spike,75.61
2026-09-15 15:47:03,Checkpoint_Alpha,Kinetic Agitation Spike,68.01
2026-09-15 15:47:03,Checkpoint_Alpha,Kinetic Agitation Spike,86.63
2026-09-15 15:47:03,Checkpoint_Alpha,Kinetic Agitation Spike,100.0
2026-09-15 15:47:03,Checkpoint_Alpha,Kinetic Agitation Spike,47.74
2026-09-15 15:47:03,Checkpoint_Alpha,Kinetic Agitation Spike,81.14
2026-09-15 15:47:03,Checkpoint_Alpha,Kinetic Agitation Spike,78.51
2026-09-15 15:47:03,Checkpoint_Alpha,Kinetic Agitation Spike,99.64
2026-09-15 15:47:03,Checkpoint_Alpha,Kinetic Agitation Spike,48.86
2026-09-15 15:47:03,Checkpoint_Alpha,Kinetic Agitation Spike,50.22
2026-09-15 15:47:03,Checkpoint_Alpha,Kinetic Agitation Spike,95.47
2026-09-15 15:47:03,Checkpoint_Alpha,Kinetic Agitation Spike,93.4
2026-09-15 15:47:03,Checkpoint_Alpha,Kinetic Agitation Spike,100.0
2026-09-15 15:47:03,Checkpoint_Alpha,Kinetic Agitation Spike,100.0
2026-09-15 15:47:03,Checkpoint_Alpha,Kinetic Agitation Spike,55.86
2026-09-15 15:47:03,Checkpoint_Alpha,Kinetic Agitation Spike,91.07
2026-09-15 15:47:03,Checkpoint_Alpha,Kinetic Agitation Spike,69.61
2026-09-15 15:47:03,Checkpoint_Alpha,Kinetic Agitation Spike,65.99
2026-09-15 15:47:03,Checkpoint_Alpha,Kinetic Agitation Spike,100.0
2026-09-15 15:47:03,Checkpoint_Alpha,Kinetic Agitation Spike,56.88
2026-09-15 15:47:03,Checkpoint_Alpha,Kinetic Agitation Spike,62.24
2026-09-15 15:47:03,Checkpoint_Alpha,Kinetic Agitation Spike,57.45
2026-09-15 15:47:03,Checkpoint_Alpha,Kinetic Agitation Spike,96.9
2026-09-15 15:47:03,Checkpoint_Alpha,Kinetic Agitation Spike,93.16
2026-09-15 15:47:03,Checkpoint_Alpha,Kinetic Agitation Spike,48.56
2026-09-15 15:47:03,Checkpoint_Alpha,Kinetic Agitation Spike,81.63
2026-09-15 15:47:03,Checkpoint_Alpha,Kinetic Agitation Spike,98.1
2026-09-15 15:47:03,Checkpoint_Alpha,Kinetic Agitation Spike,57.94
2026-09-15 15:47:03,Checkpoint_Alpha,Kinetic Agitation Spike,100.0
2026-09-15 15:47:03,Checkpoint_Alpha,Kinetic Agitation Spike,60.6
2026-09-15 15:47:03,Checkpoint_Alpha,Kinetic Agitation Spike,68.56
2026-09-15 15:47:03,Checkpoint_Alpha,Kinetic Agitation Spike,46.69
2026-09-15 15:47:03,Checkpoint_Alpha,Kinetic Agitation Spike,60.47
2026-09-15 15:47:03,Checkpoint_Alpha,Kinetic Agitation Spike,93.28
2026-09-15 15:47:03,Checkpoint_Alpha,Kinetic Agitation Spike,56.21
2026-09-15 15:47:03,Checkpoint_Alpha,Kinetic Agitation Spike,61.43
2026-09-15 15:47:03,Checkpoint_Alpha,Kinetic Agitation Spike,97.04
2026-09-15 15:47:03,Checkpoint_Alpha,Kinetic Agitation Spike,79.92
2026-09-15 15:47:03,Checkpoint_Alpha,Kinetic Agitation Spike,48.73
2026-09-15 15:47:03,Checkpoint_Alpha,Kinetic Agitation Spike,100.0
2026-09-15 15:47:03,Checkpoint_Alpha,Kinetic Agitation Spike,94.45
2026-09-15 15:47:04,Checkpoint_Alpha,Kinetic Agitation Spike,100.0
2026-09-15 15:47:04,Checkpoint_Alpha,Kinetic Agitation Spike,51.34
2026-09-15 15:47:04,Checkpoint_Alpha,Kinetic Agitation Spike,84.96
2026-09-15 15:47:04,Checkpoint_Alpha,Kinetic Agitation Spike,86.15
2026-09-15 15:47:04,Checkpoint_Alpha,Kinetic Agitation Spike,57.08
2026-09-15 15:47:04,Checkpoint_Alpha,Kinetic Agitation Spike,65.04
2026-09-15 15:47:04,Checkpoint_Alpha,Kinetic Agitation Spike,100.0
2026-09-15 15:47:04,Checkpoint_Alpha,Kinetic Agitation Spike,100.0
2026-09-15 15:47:04,Checkpoint_Alpha,Kinetic Agitation Spike,75.11
2026-09-15 15:47:04,Checkpoint_Alpha,Kinetic Agitation Spike,57.64
2026-09-15 15:47:04,Checkpoint_Alpha,Kinetic Agitation Spike,66.26
2026-09-15 15:47:04,Checkpoint_Alpha,Kinetic Agitation Spike,76.26
2026-09-15 15:47:04,Checkpoint_Alpha,Kinetic Agitation Spike,54.51
2026-09-15 15:47:04,Checkpoint_Alpha,Kinetic Agitation Spike,45.42
2026-09-15 15:47:04,Checkpoint_Alpha,Kinetic Agitation Spike,100.0
2026-09-15 15:47:04,Checkpoint_Alpha,Kinetic Agitation Spike,65.51
2026-09-15 15:47:04,Checkpoint_Alpha,Kinetic Agitation Spike,49.39
2026-09-15 15:47:04,Checkpoint_Alpha,Kinetic Agitation Spike,47.3
2026-09-15 15:47:04,Checkpoint_Alpha,Kinetic Agitation Spike,47.88
2026-09-15 15:47:04,Checkpoint_Alpha,Kinetic Agitation Spike,61.52
2026-09-15 15:47:04,Checkpoint_Alpha,Kinetic Agitation Spike,100.0
2026-09-15 15:47:04,Checkpoint_Alpha,Kinetic Agitation Spike,73.78
2026-09-15 15:47:04,Checkpoint_Alpha,Kinetic Agitation Spike,55.55
2026-09-15 15:47:04,Checkpoint_Alpha,Kinetic Agitation Spike,58.37
2026-09-15 15:47:04,Checkpoint_Alpha,Kinetic Agitation Spike,58.59
2026-09-15 15:47:04,Checkpoint_Alpha,Kinetic Agitation Spike,96.81
2026-09-15 15:47:04,Checkpoint_Alpha,Kinetic Agitation Spike,68.49
2026-09-15 15:47:04,Checkpoint_Alpha,Kinetic Agitation Spike,56.32
2026-09-15 15:47:04,Checkpoint_Alpha,Kinetic Agitation Spike,68.26
2026-09-15 15:47:04,Checkpoint_Alpha,Kinetic Agitation Spike,67.06
2026-09-15 15:47:04,Checkpoint_Alpha,Kinetic Agitation Spike,100.0
2026-09-15 15:47:04,Checkpoint_Alpha,Kinetic Agitation Spike,86.45
2026-09-15 15:47:04,Checkpoint_Alpha,Kinetic Agitation Spike,56.82
2026-09-15 15:47:04,Checkpoint_Alpha,Kinetic Agitation Spike,100.0
2026-09-15 15:47:04,Checkpoint_Alpha,Kinetic Agitation Spike,100.0
2026-09-15 15:47:04,Checkpoint_Alpha,Kinetic Agitation Spike,91.43
2026-09-15 15:47:04,Checkpoint_Alpha,Kinetic Agitation Spike,54.67
2026-09-15 15:47:04,Checkpoint_Alpha,Kinetic Agitation Spike,58.37
2026-09-15 15:47:04,Checkpoint_Alpha,Kinetic Agitation Spike,54.31
2026-09-15 15:47:04,Checkpoint_Alpha,Kinetic Agitation Spike,94.53
2026-09-15 15:47:04,Checkpoint_Alpha,Kinetic Agitation Spike,100.0
2026-09-15 15:47:04,Checkpoint_Alpha,Kinetic Agitation Spike,100.0
2026-09-15 15:47:04,Checkpoint_Alpha,Kinetic Agitation Spike,71.7
2026-09-15 15:47:04,Checkpoint_Alpha,Kinetic Agitation Spike,54.89
2026-09-15 15:47:04,Checkpoint_Alpha,Kinetic Agitation Spike,56.79
2026-09-15 15:47:04,Checkpoint_Alpha,Kinetic Agitation Spike,49.29
2026-09-15 15:47:04,Checkpoint_Alpha,Kinetic Agitation Spike,100.0
2026-09-15 15:47:04,Checkpoint_Alpha,Kinetic Agitation Spike,83.65
2026-09-15 15:47:04,Checkpoint_Alpha,Kinetic Agitation Spike,100.0
2026-09-15 15:47:04,Checkpoint_Alpha,Kinetic Agitation Spike,45.29
2026-09-15 15:47:04,Checkpoint_Alpha,Kinetic Agitation Spike,81.46
2026-09-15 15:47:04,Checkpoint_Alpha,Kinetic Agitation Spike,100.0
2026-09-15 15:47:05,Checkpoint_Alpha,Kinetic Agitation Spike,59.1
2026-09-15 15:47:05,Checkpoint_Alpha,Kinetic Agitation Spike,100.0
2026-09-15 15:47:05,Checkpoint_Alpha,Kinetic Agitation Spike,49.31
2026-09-15 15:47:05,Checkpoint_Alpha,Kinetic Agitation Spike,100.0
2026-09-15 15:47:05,Checkpoint_Alpha,Kinetic Agitation Spike,54.64
2026-09-15 15:47:05,Checkpoint_Alpha,Kinetic Agitation Spike,89.12
2026-09-15 15:47:05,Checkpoint_Alpha,Kinetic Agitation Spike,60.3
2026-09-15 15:47:05,Checkpoint_Alpha,Kinetic Agitation Spike,71.59
2026-09-15 15:47:05,Checkpoint_Alpha,Kinetic Agitation Spike,56.07
2026-09-15 15:47:05,Checkpoint_Alpha,Kinetic Agitation Spike,100.0
2026-09-15 15:47:05,Checkpoint_Alpha,Kinetic Agitation Spike,52.98
2026-09-15 15:47:05,Checkpoint_Alpha,Kinetic Agitation Spike,100.0
2026-09-15 15:47:05,Checkpoint_Alpha,Kinetic Agitation Spike,76.19
2026-09-15 15:47:05,Checkpoint_Alpha,Kinetic Agitation Spike,47.37
2026-09-15 15:47:05,Checkpoint_Alpha,Kinetic Agitation Spike,46.15
2026-09-15 15:47:05,Checkpoint_Alpha,Kinetic Agitation Spike,46.14
2026-09-15 15:47:05,Checkpoint_Alpha,Kinetic Agitation Spike,79.79
2026-09-15 15:47:05,Checkpoint_Alpha,Kinetic Agitation Spike,47.47
2026-09-15 15:47:05,Checkpoint_Alpha,Kinetic Agitation Spike,50.75
2026-09-15 15:47:05,Checkpoint_Alpha,Kinetic Agitation Spike,61.09
2026-09-15 15:47:05,Checkpoint_Alpha,Kinetic Agitation Spike,46.41
2026-09-15 15:47:05,Checkpoint_Alpha,Kinetic Agitation Spike,100.0
2026-09-15 15:47:05,Checkpoint_Alpha,Kinetic Agitation Spike,75.27
2026-09-15 15:47:05,Checkpoint_Alpha,Kinetic Agitation Spike,100.0
2026-09-15 15:47:05,Checkpoint_Alpha,Kinetic Agitation Spike,47.97
2026-09-15 15:47:05,Checkpoint_Alpha,Kinetic Agitation Spike,100.0
2026-09-15 15:47:05,Checkpoint_Alpha,Kinetic Agitation Spike,100.0
2026-09-15 15:47:05,Checkpoint_Alpha,Kinetic Agitation Spike,71.85
2026-09-15 15:47:05,Checkpoint_Alpha,Kinetic Agitation Spike,82.28
2026-09-15 15:47:05,Checkpoint_Alpha,Kinetic Agitation Spike,100.0
2026-09-15 15:47:05,Checkpoint_Alpha,Kinetic Agitation Spike,58.36
2026-09-15 15:47:05,Checkpoint_Alpha,Kinetic Agitation Spike,100.0
2026-09-15 15:47:05,Checkpoint_Alpha,Kinetic Agitation Spike,59.09
2026-09-15 15:47:05,Checkpoint_Alpha,Kinetic Agitation Spike,53.15
2026-09-15 15:47:05,Checkpoint_Alpha,Kinetic Agitation Spike,63.02
2026-09-15 15:47:05,Checkpoint_Alpha,Kinetic Agitation Spike,59.79
2026-09-15 15:47:05,Checkpoint_Alpha,Kinetic Agitation Spike,89.74
2026-09-15 15:47:05,Checkpoint_Alpha,Kinetic Agitation Spike,94.77
2026-09-15 15:47:05,Checkpoint_Alpha,Kinetic Agitation Spike,100.0
2026-09-15 15:47:05,Checkpoint_Alpha,Kinetic Agitation Spike,100.0
2026-09-15 15:47:05,Checkpoint_Alpha,Kinetic Agitation Spike,58.26
2026-09-15 15:47:05,Checkpoint_Alpha,Kinetic Agitation Spike,100.0
2026-09-15 15:47:05,Checkpoint_Alpha,Kinetic Agitation Spike,100.0
2026-09-15 15:47:05,Checkpoint_Alpha,Kinetic Agitation Spike,47.02
2026-09-15 15:47:05,Checkpoint_Alpha,Kinetic Agitation Spike,52.29
2026-09-15 15:47:05,Checkpoint_Alpha,Kinetic Agitation Spike,100.0
2026-09-15 15:47:05,Checkpoint_Alpha,Kinetic Agitation Spike,52.22
2026-09-15 15:47:05,Checkpoint_Alpha,Kinetic Agitation Spike,100.0
2026-09-15 15:47:05,Checkpoint_Alpha,Kinetic Agitation Spike,84.62
2026-09-15 15:47:05,Checkpoint_Alpha,Kinetic Agitation Spike,100.0
2026-09-15 15:47:05,Checkpoint_Alpha,Kinetic Agitation Spike,57.78
2026-09-15 15:47:05,Checkpoint_Alpha,Kinetic Agitation Spike,86.03
2026-09-15 15:47:05,Checkpoint_Alpha,Kinetic Agitation Spike,54.48
2026-09-15 15:47:05,Checkpoint_Alpha,Kinetic Agitation Spike,100.0
2026-09-15 15:47:05,Checkpoint_Alpha,Kinetic Agitation Spike,93.87
2026-09-15 15:47:05,Checkpoint_Alpha,Kinetic Agitation Spike,59.09
2026-09-15 15:47:05,Checkpoint_Alpha,Kinetic Agitation Spike,80.89
2026-09-15 15:47:05,Checkpoint_Alpha,Kinetic Agitation Spike,100.0
2026-09-15 15:47:05,Checkpoint_Alpha,Kinetic Agitation Spike,100.0
2026-09-15 15:47:05,Checkpoint_Alpha,Kinetic Agitation Spike,45.86
2026-09-15 15:47:05,Checkpoint_Alpha,Kinetic Agitation Spike,80.38
2026-09-15 15:47:05,Checkpoint_Alpha,Kinetic Agitation Spike,100.0
2026-09-15 15:47:05,Checkpoint_Alpha,Kinetic Agitation Spike,97.28
2026-09-15 15:47:05,Checkpoint_Alpha,Kinetic Agitation Spike,61.86
2026-09-15 15:47:05,Checkpoint_Alpha,Kinetic Agitation Spike,100.0
2026-09-15 15:47:05,Checkpoint_Alpha,Kinetic Agitation Spike,47.66
2026-09-15 15:47:06,Checkpoint_Alpha,Kinetic Agitation Spike,100.0
2026-09-15 15:47:06,Checkpoint_Alpha,Kinetic Agitation Spike,100.0
2026-09-15 15:47:06,Checkpoint_Alpha,Kinetic Agitation Spike,88.04
2026-09-15 15:47:06,Checkpoint_Alpha,Kinetic Agitation Spike,79.87
2026-09-15 15:47:06,Checkpoint_Alpha,Kinetic Agitation Spike,95.54
2026-09-15 15:47:06,Checkpoint_Alpha,Kinetic Agitation Spike,56.75
2026-09-15 15:47:06,Checkpoint_Alpha,Kinetic Agitation Spike,74.71
2026-09-15 15:47:06,Checkpoint_Alpha,Kinetic Agitation Spike,96.27
2026-09-15 15:47:06,Checkpoint_Alpha,Kinetic Agitation Spike,62.91
2026-09-15 15:47:06,Checkpoint_Alpha,Kinetic Agitation Spike,75.28
2026-09-15 15:47:06,Checkpoint_Alpha,Kinetic Agitation Spike,100.0
2026-09-15 15:47:06,Checkpoint_Alpha,Kinetic Agitation Spike,100.0
2026-09-15 15:47:06,Checkpoint_Alpha,Kinetic Agitation Spike,98.28
2026-09-15 15:47:06,Checkpoint_Alpha,Kinetic Agitation Spike,46.96
2026-09-15 15:47:06,Checkpoint_Alpha,Kinetic Agitation Spike,64.27
2026-09-15 15:47:06,Checkpoint_Alpha,Kinetic Agitation Spike,100.0
2026-09-15 15:47:06,Checkpoint_Alpha,Kinetic Agitation Spike,47.2
2026-09-15 15:47:06,Checkpoint_Alpha,Kinetic Agitation Spike,91.65
2026-09-15 15:47:06,Checkpoint_Alpha,Kinetic Agitation Spike,65.15
2026-09-15 15:47:06,Checkpoint_Alpha,Kinetic Agitation Spike,82.57
2026-09-15 15:47:06,Checkpoint_Alpha,Kinetic Agitation Spike,57.76
2026-09-15 15:47:06,Checkpoint_Alpha,Kinetic Agitation Spike,100.0
2026-09-15 15:47:06,Checkpoint_Alpha,Kinetic Agitation Spike,65.25
2026-09-15 15:47:06,Checkpoint_Alpha,Kinetic Agitation Spike,66.43
2026-09-15 15:47:06,Checkpoint_Alpha,Kinetic Agitation Spike,97.41
2026-09-15 15:47:06,Checkpoint_Alpha,Kinetic Agitation Spike,50.48
2026-09-15 15:47:06,Checkpoint_Alpha,Kinetic Agitation Spike,89.45
2026-09-15 15:47:06,Checkpoint_Alpha,Kinetic Agitation Spike,52.44
2026-09-15 15:47:06,Checkpoint_Alpha,Kinetic Agitation Spike,76.71
2026-09-15 15:47:06,Checkpoint_Alpha,Kinetic Agitation Spike,55.58
2026-09-15 15:47:06,Checkpoint_Alpha,Kinetic Agitation Spike,47.02
2026-09-15 15:47:06,Checkpoint_Alpha,Kinetic Agitation Spike,74.89
2026-09-15 15:47:06,Checkpoint_Alpha,Kinetic Agitation Spike,56.44
2026-09-15 15:47:06,Checkpoint_Alpha,Kinetic Agitation Spike,89.85
2026-09-15 15:47:06,Checkpoint_Alpha,Kinetic Agitation Spike,81.84
2026-09-15 15:47:06,Checkpoint_Alpha,Kinetic Agitation Spike,83.14
2026-09-15 15:47:06,Checkpoint_Alpha,Kinetic Agitation Spike,96.6
2026-09-15 15:47:06,Checkpoint_Alpha,Kinetic Agitation Spike,72.31
2026-09-15 15:47:06,Checkpoint_Alpha,Kinetic Agitation Spike,51.26
2026-09-15 15:47:06,Checkpoint_Alpha,Kinetic Agitation Spike,45.66
2026-09-15 15:47:06,Checkpoint_Alpha,Kinetic Agitation Spike,69.62
2026-09-15 15:47:06,Checkpoint_Alpha,Kinetic Agitation Spike,100.0
2026-09-15 15:47:06,Checkpoint_Alpha,Kinetic Agitation Spike,64.02
2026-09-15 15:47:06,Checkpoint_Alpha,Kinetic Agitation Spike,71.47
2026-09-15 15:47:06,Checkpoint_Alpha,Kinetic Agitation Spike,45.35
2026-09-15 15:47:06,Checkpoint_Alpha,Kinetic Agitation Spike,69.2
2026-09-15 15:47:06,Checkpoint_Alpha,Kinetic Agitation Spike,76.62
2026-09-15 15:47:06,Checkpoint_Alpha,Kinetic Agitation Spike,56.83
2026-09-15 15:47:06,Checkpoint_Alpha,Kinetic Agitation Spike,60.09
2026-09-15 15:47:06,Checkpoint_Alpha,Kinetic Agitation Spike,100.0
2026-09-15 15:47:06,Checkpoint_Alpha,Kinetic Agitation Spike,45.85
2026-09-15 15:47:06,Checkpoint_Alpha,Kinetic Agitation Spike,77.27
2026-09-15 15:47:06,Checkpoint_Alpha,Kinetic Agitation Spike,66.93
2026-09-15 15:47:06,Checkpoint_Alpha,Kinetic Agitation Spike,76.46
2026-09-15 15:47:06,Checkpoint_Alpha,Kinetic Agitation Spike,100.0
2026-09-15 15:47:06,Checkpoint_Alpha,Kinetic Agitation Spike,75.78
2026-09-15 15:47:06,Checkpoint_Alpha,Kinetic Agitation Spike,45.02
2026-09-15 15:47:06,Checkpoint_Alpha,Kinetic Agitation Spike,49.43
2026-09-15 15:47:06,Checkpoint_Alpha,Kinetic Agitation Spike,100.0
2026-09-15 15:47:06,Checkpoint_Alpha,Kinetic Agitation Spike,51.6
2026-09-15 15:47:06,Checkpoint_Alpha,Kinetic Agitation Spike,63.65
2026-09-15 15:47:06,Checkpoint_Alpha,Kinetic Agitation Spike,69.61
2026-09-15 15:47:06,Checkpoint_Alpha,Kinetic Agitation Spike,54.78
2026-09-15 15:47:07,Checkpoint_Alpha,Kinetic Agitation Spike,89.32
2026-09-15 15:47:07,Checkpoint_Alpha,Kinetic Agitation Spike,96.38
2026-09-15 15:47:07,Checkpoint_Alpha,Kinetic Agitation Spike,45.72
2026-09-15 15:47:07,Checkpoint_Alpha,Kinetic Agitation Spike,82.3
2026-09-15 15:47:07,Checkpoint_Alpha,Kinetic Agitation Spike,100.0
2026-09-15 15:47:07,Checkpoint_Alpha,Kinetic Agitation Spike,53.93
2026-09-15 15:47:07,Checkpoint_Alpha,Kinetic Agitation Spike,78.53
2026-09-15 15:47:07,Checkpoint_Alpha,Kinetic Agitation Spike,48.93
2026-09-15 15:47:07,Checkpoint_Alpha,Kinetic Agitation Spike,100.0
2026-09-15 15:47:07,Checkpoint_Alpha,Kinetic Agitation Spike,100.0
2026-09-15 15:47:07,Checkpoint_Alpha,Kinetic Agitation Spike,53.65
2026-09-15 15:47:07,Checkpoint_Alpha,Kinetic Agitation Spike,100.0
2026-09-15 15:47:07,Checkpoint_Alpha,Kinetic Agitation Spike,58.06
2026-09-15 15:47:07,Checkpoint_Alpha,Kinetic Agitation Spike,51.25
2026-09-15 15:47:07,Checkpoint_Alpha,Kinetic Agitation Spike,71.83
2026-09-15 15:47:07,Checkpoint_Alpha,Kinetic Agitation Spike,78.13
2026-09-15 15:47:07,Checkpoint_Alpha,Kinetic Agitation Spike,50.46
2026-09-15 15:47:07,Checkpoint_Alpha,Kinetic Agitation Spike,69.5
2026-09-15 15:47:07,Checkpoint_Alpha,Kinetic Agitation Spike,47.95
2026-09-15 15:47:07,Checkpoint_Alpha,Kinetic Agitation Spike,92.19
2026-09-15 15:47:07,Checkpoint_Alpha,Kinetic Agitation Spike,100.0
2026-09-15 15:47:07,Checkpoint_Alpha,Kinetic Agitation Spike,96.04
2026-09-15 15:47:07,Checkpoint_Alpha,Kinetic Agitation Spike,57.05
2026-09-15 15:47:07,Checkpoint_Alpha,Kinetic Agitation Spike,100.0
2026-09-15 15:47:07,Checkpoint_Alpha,Kinetic Agitation Spike,83.91
2026-09-15 15:47:07,Checkpoint_Alpha,Kinetic Agitation Spike,80.19
2026-09-15 15:47:07,Checkpoint_Alpha,Kinetic Agitation Spike,67.64
2026-09-15 15:47:07,Checkpoint_Alpha,Kinetic Agitation Spike,78.28
2026-09-15 15:47:07,Checkpoint_Alpha,Kinetic Agitation Spike,87.64
2026-09-15 15:47:07,Checkpoint_Alpha,Kinetic Agitation Spike,100.0
2026-09-15 15:47:07,Checkpoint_Alpha,Kinetic Agitation Spike,59.26
2026-09-15 15:47:07,Checkpoint_Alpha,Kinetic Agitation Spike,60.68
2026-09-15 15:47:07,Checkpoint_Alpha,Kinetic Agitation Spike,53.17
2026-09-15 15:47:07,Checkpoint_Alpha,Kinetic Agitation Spike,100.0
2026-09-15 15:47:07,Checkpoint_Alpha,Kinetic Agitation Spike,97.45
2026-09-15 15:47:07,Checkpoint_Alpha,Kinetic Agitation Spike,100.0
2026-09-15 15:47:07,Checkpoint_Alpha,Kinetic Agitation Spike,91.48
2026-09-15 15:47:07,Checkpoint_Alpha,Kinetic Agitation Spike,80.1
2026-09-15 15:47:07,Checkpoint_Alpha,Kinetic Agitation Spike,96.93
2026-09-15 15:47:07,Checkpoint_Alpha,Kinetic Agitation Spike,100.0
2026-09-15 15:47:07,Checkpoint_Alpha,Kinetic Agitation Spike,100.0
2026-09-15 15:47:07,Checkpoint_Alpha,Kinetic Agitation Spike,51.55
2026-09-15 15:47:07,Checkpoint_Alpha,Kinetic Agitation Spike,57.15
2026-09-15 15:47:07,Checkpoint_Alpha,Kinetic Agitation Spike,48.87
2026-09-15 15:47:07,Checkpoint_Alpha,Kinetic Agitation Spike,73.26
2026-09-15 15:47:07,Checkpoint_Alpha,Kinetic Agitation Spike,56.08
2026-09-15 15:47:07,Checkpoint_Alpha,Kinetic Agitation Spike,71.18
2026-09-15 15:47:07,Checkpoint_Alpha,Kinetic Agitation Spike,81.44
2026-09-15 15:47:07,Checkpoint_Alpha,Kinetic Agitation Spike,82.82
2026-09-15 15:47:07,Checkpoint_Alpha,Kinetic Agitation Spike,46.02
2026-09-15 15:47:07,Checkpoint_Alpha,Kinetic Agitation Spike,100.0
2026-09-15 15:47:07,Checkpoint_Alpha,Kinetic Agitation Spike,61.88
2026-09-15 15:47:07,Checkpoint_Alpha,Kinetic Agitation Spike,63.38
2026-09-15 15:47:07,Checkpoint_Alpha,Kinetic Agitation Spike,61.89
2026-09-15 15:47:07,Checkpoint_Alpha,Kinetic Agitation Spike,79.04
2026-09-15 15:47:07,Checkpoint_Alpha,Kinetic Agitation Spike,55.48
2026-09-15 15:47:07,Checkpoint_Alpha,Kinetic Agitation Spike,73.33
2026-09-15 15:47:07,Checkpoint_Alpha,Kinetic Agitation Spike,77.24
2026-09-15 15:47:07,Checkpoint_Alpha,Kinetic Agitation Spike,60.63
2026-09-15 15:47:07,Checkpoint_Alpha,Kinetic Agitation Spike,54.63
2026-09-15 15:47:07,Checkpoint_Alpha,Kinetic Agitation Spike,59.3
2026-09-15 15:47:07,Checkpoint_Alpha,Kinetic Agitation Spike,53.09
2026-09-15 15:47:07,Checkpoint_Alpha,Kinetic Agitation Spike,90.9
2026-09-15 15:47:08,Checkpoint_Alpha,Kinetic Agitation Spike,59.82
2026-09-15 15:47:08,Checkpoint_Alpha,Kinetic Agitation Spike,100.0
2026-09-15 15:47:08,Checkpoint_Alpha,Kinetic Agitation Spike,58.8
2026-09-15 15:47:08,Checkpoint_Alpha,Kinetic Agitation Spike,69.82
2026-09-15 15:47:08,Checkpoint_Alpha,Kinetic Agitation Spike,100.0
2026-09-15 15:47:08,Checkpoint_Alpha,Kinetic Agitation Spike,100.0
2026-09-15 15:47:08,Checkpoint_Alpha,Kinetic Agitation Spike,73.08
2026-09-15 15:47:08,Checkpoint_Alpha,Kinetic Agitation Spike,62.3
2026-09-15 15:47:08,Checkpoint_Alpha,Kinetic Agitation Spike,100.0
2026-09-15 15:47:08,Checkpoint_Alpha,Kinetic Agitation Spike,71.16
2026-09-15 15:47:08,Checkpoint_Alpha,Kinetic Agitation Spike,45.91
2026-09-15 15:47:08,Checkpoint_Alpha,Kinetic Agitation Spike,60.91
2026-09-15 15:47:08,Checkpoint_Alpha,Kinetic Agitation Spike,69.71
2026-09-15 15:47:08,Checkpoint_Alpha,Kinetic Agitation Spike,100.0
2026-09-15 15:47:08,Checkpoint_Alpha,Kinetic Agitation Spike,50.64
2026-09-15 15:47:08,Checkpoint_Alpha,Kinetic Agitation Spike,100.0
2026-09-15 15:47:08,Checkpoint_Alpha,Kinetic Agitation Spike,73.5
2026-09-15 15:47:08,Checkpoint_Alpha,Kinetic Agitation Spike,65.34
2026-09-15 15:47:08,Checkpoint_Alpha,Kinetic Agitation Spike,71.58
2026-09-15 15:47:08,Checkpoint_Alpha,Kinetic Agitation Spike,49.6
2026-09-15 15:47:08,Checkpoint_Alpha,Kinetic Agitation Spike,53.96
2026-09-15 15:47:08,Checkpoint_Alpha,Kinetic Agitation Spike,46.24
2026-09-15 15:47:08,Checkpoint_Alpha,Kinetic Agitation Spike,96.04
2026-09-15 15:47:08,Checkpoint_Alpha,Kinetic Agitation Spike,86.96
2026-09-15 15:47:08,Checkpoint_Alpha,Kinetic Agitation Spike,87.21
2026-09-15 15:47:08,Checkpoint_Alpha,Kinetic Agitation Spike,56.04
2026-09-15 15:47:08,Checkpoint_Alpha,Kinetic Agitation Spike,87.22
2026-09-15 15:47:08,Checkpoint_Alpha,Kinetic Agitation Spike,45.73
2026-09-15 15:47:08,Checkpoint_Alpha,Kinetic Agitation Spike,52.95
2026-09-15 15:47:08,Checkpoint_Alpha,Kinetic Agitation Spike,82.51
2026-09-15 15:47:08,Checkpoint_Alpha,Kinetic Agitation Spike,53.14
2026-09-15 15:47:08,Checkpoint_Alpha,Kinetic Agitation Spike,81.82
2026-09-15 15:47:08,Checkpoint_Alpha,Kinetic Agitation Spike,88.98
2026-09-15 15:47:08,Checkpoint_Alpha,Kinetic Agitation Spike,47.33
2026-09-15 15:47:08,Checkpoint_Alpha,Kinetic Agitation Spike,46.61
2026-09-15 15:47:08,Checkpoint_Alpha,Kinetic Agitation Spike,72.25
2026-09-15 15:47:08,Checkpoint_Alpha,Kinetic Agitation Spike,100.0
2026-09-15 15:47:08,Checkpoint_Alpha,Kinetic Agitation Spike,52.97
2026-09-15 15:47:08,Checkpoint_Alpha,Kinetic Agitation Spike,60.71
2026-09-15 15:47:08,Checkpoint_Alpha,Kinetic Agitation Spike,52.37
2026-09-15 15:47:08,Checkpoint_Alpha,Kinetic Agitation Spike,88.93
2026-09-15 15:47:08,Checkpoint_Alpha,Kinetic Agitation Spike,95.93
2026-09-15 15:47:08,Checkpoint_Alpha,Kinetic Agitation Spike,48.79
2026-09-15 15:47:08,Checkpoint_Alpha,Kinetic Agitation Spike,100.0
2026-09-15 15:47:08,Checkpoint_Alpha,Kinetic Agitation Spike,57.13
2026-09-15 15:47:08,Checkpoint_Alpha,Kinetic Agitation Spike,56.35
2026-09-15 15:47:08,Checkpoint_Alpha,Kinetic Agitation Spike,62.31
2026-09-15 15:47:09,Checkpoint_Alpha,Kinetic Agitation Spike,100.0
2026-09-15 15:47:09,Checkpoint_Alpha,Kinetic Agitation Spike,53.15
2026-09-15 15:47:09,Checkpoint_Alpha,Kinetic Agitation Spike,78.73
2026-09-15 15:47:09,Checkpoint_Alpha,Kinetic Agitation Spike,55.07
2026-09-15 15:47:09,Checkpoint_Alpha,Kinetic Agitation Spike,52.09
2026-09-15 15:47:09,Checkpoint_Alpha,Kinetic Agitation Spike,88.65
2026-09-15 15:47:09,Checkpoint_Alpha,Kinetic Agitation Spike,60.48
2026-09-15 15:47:09,Checkpoint_Alpha,Kinetic Agitation Spike,71.55
2026-09-15 15:47:09,Checkpoint_Alpha,Kinetic Agitation Spike,89.07
2026-09-15 15:47:09,Checkpoint_Alpha,Kinetic Agitation Spike,100.0
2026-09-15 15:47:09,Checkpoint_Alpha,Kinetic Agitation Spike,66.36
2026-09-15 15:47:09,Checkpoint_Alpha,Kinetic Agitation Spike,53.74
2026-09-15 15:47:09,Checkpoint_Alpha,Kinetic Agitation Spike,53.7
2026-09-15 15:47:09,Checkpoint_Alpha,Kinetic Agitation Spike,63.72
2026-09-15 15:47:09,Checkpoint_Alpha,Kinetic Agitation Spike,77.03
2026-09-15 15:47:09,Checkpoint_Alpha,Kinetic Agitation Spike,95.26
2026-09-15 15:47:09,Checkpoint_Alpha,Kinetic Agitation Spike,83.75
2026-09-15 15:47:09,Checkpoint_Alpha,Kinetic Agitation Spike,88.06
2026-09-15 15:47:09,Checkpoint_Alpha,Kinetic Agitation Spike,51.91
2026-09-15 15:47:09,Checkpoint_Alpha,Kinetic Agitation Spike,55.17
2026-09-15 15:47:09,Checkpoint_Alpha,Kinetic Agitation Spike,61.83
2026-09-15 15:47:09,Checkpoint_Alpha,Kinetic Agitation Spike,53.34
2026-09-15 15:47:09,Checkpoint_Alpha,Kinetic Agitation Spike,81.9
2026-09-15 15:47:09,Checkpoint_Alpha,Kinetic Agitation Spike,73.66
2026-09-15 15:47:09,Checkpoint_Alpha,Kinetic Agitation Spike,93.7
2026-09-15 15:47:09,Checkpoint_Alpha,Kinetic Agitation Spike,49.7
2026-09-15 15:47:09,Checkpoint_Alpha,Kinetic Agitation Spike,54.08
2026-09-15 15:47:09,Checkpoint_Alpha,Kinetic Agitation Spike,54.77
2026-09-15 15:47:09,Checkpoint_Alpha,Kinetic Agitation Spike,78.13
2026-09-15 15:47:09,Checkpoint_Alpha,Kinetic Agitation Spike,84.07
2026-09-15 15:47:09,Checkpoint_Alpha,Kinetic Agitation Spike,49.83
2026-09-15 15:47:09,Checkpoint_Alpha,Kinetic Agitation Spike,84.44
2026-09-15 15:47:09,Checkpoint_Alpha,Kinetic Agitation Spike,70.52
2026-09-15 15:47:09,Checkpoint_Alpha,Kinetic Agitation Spike,58.8
2026-09-15 15:47:09,Checkpoint_Alpha,Kinetic Agitation Spike,100.0
2026-09-15 15:47:09,Checkpoint_Alpha,Kinetic Agitation Spike,80.99
2026-09-15 15:47:09,Checkpoint_Alpha,Kinetic Agitation Spike,60.2
2026-09-15 15:47:09,Checkpoint_Alpha,Kinetic Agitation Spike,75.65
2026-09-15 15:47:09,Checkpoint_Alpha,Kinetic Agitation Spike,49.86
2026-09-15 15:47:09,Checkpoint_Alpha,Kinetic Agitation Spike,83.24
2026-09-15 15:47:09,Checkpoint_Alpha,Kinetic Agitation Spike,50.77
2026-09-15 15:47:09,Checkpoint_Alpha,Kinetic Agitation Spike,84.94
2026-09-15 15:47:09,Checkpoint_Alpha,Kinetic Agitation Spike,52.6
2026-09-15 15:47:09,Checkpoint_Alpha,Kinetic Agitation Spike,53.1
2026-09-15 15:47:09,Checkpoint_Alpha,Kinetic Agitation Spike,58.32
2026-09-15 15:47:09,Checkpoint_Alpha,Kinetic Agitation Spike,75.82
2026-09-15 15:47:09,Checkpoint_Alpha,Kinetic Agitation Spike,76.85
2026-09-15 15:47:09,Checkpoint_Alpha,Kinetic Agitation Spike,76.79
2026-09-15 15:47:09,Checkpoint_Alpha,Kinetic Agitation Spike,46.3
2026-09-15 15:47:09,Checkpoint_Alpha,Kinetic Agitation Spike,100.0
2026-09-15 15:47:09,Checkpoint_Alpha,Kinetic Agitation Spike,100.0
2026-09-15 15:47:09,Checkpoint_Alpha,Kinetic Agitation Spike,100.0
2026-09-15 15:47:09,Checkpoint_Alpha,Kinetic Agitation Spike,71.42
2026-09-15 15:47:09,Checkpoint_Alpha,Kinetic Agitation Spike,94.11
2026-09-15 15:47:09,Checkpoint_Alpha,Kinetic Agitation Spike,65.35
2026-09-15 15:47:09,Checkpoint_Alpha,Kinetic Agitation Spike,100.0
2026-09-15 15:47:09,Checkpoint_Alpha,Kinetic Agitation Spike,66.2
2026-09-15 15:47:09,Checkpoint_Alpha,Kinetic Agitation Spike,100.0
2026-09-15 15:47:09,Checkpoint_Alpha,Kinetic Agitation Spike,48.57
2026-09-15 15:47:09,Checkpoint_Alpha,Kinetic Agitation Spike,63.71
2026-09-15 15:47:09,Checkpoint_Alpha,Kinetic Agitation Spike,100.0
2026-09-15 15:47:09,Checkpoint_Alpha,Kinetic Agitation Spike,61.8
2026-09-15 15:47:09,Checkpoint_Alpha,Kinetic Agitation Spike,48.09
2026-09-15 15:47:09,Checkpoint_Alpha,Kinetic Agitation Spike,99.03
2026-09-15 15:47:09,Checkpoint_Alpha,Kinetic Agitation Spike,51.49
2026-09-15 15:47:10,Checkpoint_Alpha,Kinetic Agitation Spike,67.97
2026-09-15 15:47:10,Checkpoint_Alpha,Kinetic Agitation Spike,100.0
2026-09-15 15:47:10,Checkpoint_Alpha,Kinetic Agitation Spike,97.75
2026-09-15 15:47:10,Checkpoint_Alpha,Kinetic Agitation Spike,81.87
2026-09-15 15:47:10,Checkpoint_Alpha,Kinetic Agitation Spike,56.69
2026-09-15 15:47:10,Checkpoint_Alpha,Kinetic Agitation Spike,100.0
2026-09-15 15:47:10,Checkpoint_Alpha,Kinetic Agitation Spike,53.77
2026-09-15 15:47:10,Checkpoint_Alpha,Kinetic Agitation Spike,49.8
2026-09-15 15:47:10,Checkpoint_Alpha,Kinetic Agitation Spike,51.67
2026-09-15 15:47:10,Checkpoint_Alpha,Kinetic Agitation Spike,74.28
2026-09-15 15:47:10,Checkpoint_Alpha,Kinetic Agitation Spike,85.71
2026-09-15 15:47:10,Checkpoint_Alpha,Kinetic Agitation Spike,53.58
2026-09-15 15:47:10,Checkpoint_Alpha,Kinetic Agitation Spike,50.86
2026-09-15 15:47:10,Checkpoint_Alpha,Kinetic Agitation Spike,69.56
2026-09-15 15:47:10,Checkpoint_Alpha,Kinetic Agitation Spike,100.0
2026-09-15 15:47:10,Checkpoint_Alpha,Kinetic Agitation Spike,63.36
2026-09-15 15:47:10,Checkpoint_Alpha,Kinetic Agitation Spike,96.74
2026-09-15 15:47:10,Checkpoint_Alpha,Kinetic Agitation Spike,61.54
2026-09-15 15:47:10,Checkpoint_Alpha,Kinetic Agitation Spike,85.3
2026-09-15 15:47:10,Checkpoint_Alpha,Kinetic Agitation Spike,96.0
2026-09-15 15:47:10,Checkpoint_Alpha,Kinetic Agitation Spike,49.6
2026-09-15 15:47:10,Checkpoint_Alpha,Kinetic Agitation Spike,51.62
2026-09-15 15:47:10,Checkpoint_Alpha,Kinetic Agitation Spike,76.91
2026-09-15 15:47:10,Checkpoint_Alpha,Kinetic Agitation Spike,52.59
2026-09-15 15:47:10,Checkpoint_Alpha,Kinetic Agitation Spike,82.04
2026-09-15 15:47:10,Checkpoint_Alpha,Kinetic Agitation Spike,57.88
2026-09-15 15:47:10,Checkpoint_Alpha,Kinetic Agitation Spike,100.0
2026-09-15 15:47:10,Checkpoint_Alpha,Kinetic Agitation Spike,55.58
2026-09-15 15:47:10,Checkpoint_Alpha,Kinetic Agitation Spike,57.33
2026-09-15 15:47:10,Checkpoint_Alpha,Kinetic Agitation Spike,100.0
2026-09-15 15:47:10,Checkpoint_Alpha,Kinetic Agitation Spike,64.65
2026-09-15 15:47:10,Checkpoint_Alpha,Kinetic Agitation Spike,97.52
2026-09-15 15:47:10,Checkpoint_Alpha,Kinetic Agitation Spike,56.88
2026-09-15 15:47:10,Checkpoint_Alpha,Kinetic Agitation Spike,46.55
2026-09-15 15:47:10,Checkpoint_Alpha,Kinetic Agitation Spike,100.0
2026-09-15 15:47:10,Checkpoint_Alpha,Kinetic Agitation Spike,53.17
2026-09-15 15:47:10,Checkpoint_Alpha,Kinetic Agitation Spike,55.44
2026-09-15 15:47:10,Checkpoint_Alpha,Kinetic Agitation Spike,53.85
2026-09-15 15:47:10,Checkpoint_Alpha,Kinetic Agitation Spike,47.11
2026-09-15 15:47:10,Checkpoint_Alpha,Kinetic Agitation Spike,51.49
2026-09-15 15:47:10,Checkpoint_Alpha,Kinetic Agitation Spike,51.42
2026-09-15 15:47:10,Checkpoint_Alpha,Kinetic Agitation Spike,100.0
2026-09-15 15:47:10,Checkpoint_Alpha,Kinetic Agitation Spike,63.72
2026-09-15 15:47:10,Checkpoint_Alpha,Kinetic Agitation Spike,52.84
2026-09-15 15:47:10,Checkpoint_Alpha,Kinetic Agitation Spike,57.28
2026-09-15 15:47:10,Checkpoint_Alpha,Kinetic Agitation Spike,52.79
2026-09-15 15:47:10,Checkpoint_Alpha,Kinetic Agitation Spike,51.04
2026-09-15 15:47:10,Checkpoint_Alpha,Kinetic Agitation Spike,60.33
2026-09-15 15:47:10,Checkpoint_Alpha,Kinetic Agitation Spike,70.65
2026-09-15 15:47:10,Checkpoint_Alpha,Kinetic Agitation Spike,85.61
2026-09-15 15:47:10,Checkpoint_Alpha,Kinetic Agitation Spike,100.0
2026-09-15 15:47:10,Checkpoint_Alpha,Kinetic Agitation Spike,49.22
2026-09-15 15:47:11,Checkpoint_Alpha,Kinetic Agitation Spike,54.81
2026-09-15 15:47:11,Checkpoint_Alpha,Kinetic Agitation Spike,100.0
2026-09-15 15:47:11,Checkpoint_Alpha,Kinetic Agitation Spike,60.29
2026-09-15 15:47:11,Checkpoint_Alpha,Kinetic Agitation Spike,48.88
2026-09-15 15:47:11,Checkpoint_Alpha,Kinetic Agitation Spike,45.6
2026-09-15 15:47:11,Checkpoint_Alpha,Kinetic Agitation Spike,49.28
2026-09-15 15:47:11,Checkpoint_Alpha,Kinetic Agitation Spike,50.99
2026-09-15 15:47:11,Checkpoint_Alpha,Kinetic Agitation Spike,100.0
2026-09-15 15:47:11,Checkpoint_Alpha,Kinetic Agitation Spike,52.45
2026-09-15 15:47:11,Checkpoint_Alpha,Kinetic Agitation Spike,51.3
2026-09-15 15:47:11,Checkpoint_Alpha,Kinetic Agitation Spike,56.41
2026-09-15 15:47:11,Checkpoint_Alpha,Kinetic Agitation Spike,58.63
2026-09-15 15:47:11,Checkpoint_Alpha,Kinetic Agitation Spike,56.34
2026-09-15 15:47:11,Checkpoint_Alpha,Kinetic Agitation Spike,48.06
2026-09-15 15:47:11,Checkpoint_Alpha,Kinetic Agitation Spike,100.0
2026-09-15 15:47:11,Checkpoint_Alpha,Kinetic Agitation Spike,63.22
2026-09-15 15:47:11,Checkpoint_Alpha,Kinetic Agitation Spike,59.13
2026-09-15 15:47:11,Checkpoint_Alpha,Kinetic Agitation Spike,53.58
2026-09-15 15:47:11,Checkpoint_Alpha,Kinetic Agitation Spike,55.42
2026-09-15 15:47:11,Checkpoint_Alpha,Kinetic Agitation Spike,60.83
2026-09-15 15:47:11,Checkpoint_Alpha,Kinetic Agitation Spike,68.17
2026-09-15 15:47:11,Checkpoint_Alpha,Kinetic Agitation Spike,95.81
2026-09-15 15:47:11,Checkpoint_Alpha,Kinetic Agitation Spike,47.53
2026-09-15 15:47:11,Checkpoint_Alpha,Kinetic Agitation Spike,54.77
2026-09-15 15:47:11,Checkpoint_Alpha,Kinetic Agitation Spike,55.02
2026-09-15 15:47:11,Checkpoint_Alpha,Kinetic Agitation Spike,52.12
2026-09-15 15:47:11,Checkpoint_Alpha,Kinetic Agitation Spike,51.4
2026-09-15 15:47:11,Checkpoint_Alpha,Kinetic Agitation Spike,47.02
2026-09-15 15:47:11,Checkpoint_Alpha,Kinetic Agitation Spike,92.15
2026-09-15 15:47:11,Checkpoint_Alpha,Kinetic Agitation Spike,100.0
2026-09-15 15:47:11,Checkpoint_Alpha,Kinetic Agitation Spike,60.43
2026-09-15 15:47:11,Checkpoint_Alpha,Kinetic Agitation Spike,59.39
2026-09-15 15:47:11,Checkpoint_Alpha,Kinetic Agitation Spike,92.58
2026-09-15 15:47:11,Checkpoint_Alpha,Kinetic Agitation Spike,100.0
2026-09-15 15:47:11,Checkpoint_Alpha,Kinetic Agitation Spike,100.0
2026-09-15 15:47:11,Checkpoint_Alpha,Kinetic Agitation Spike,46.28
2026-09-15 15:47:11,Checkpoint_Alpha,Kinetic Agitation Spike,55.92
2026-09-15 15:47:11,Checkpoint_Alpha,Kinetic Agitation Spike,87.22
2026-09-15 15:47:11,Checkpoint_Alpha,Kinetic Agitation Spike,77.8
2026-09-15 15:47:11,Checkpoint_Alpha,Kinetic Agitation Spike,93.72
2026-09-15 15:47:11,Checkpoint_Alpha,Kinetic Agitation Spike,75.19
2026-09-15 15:47:11,Checkpoint_Alpha,Kinetic Agitation Spike,74.88
2026-09-15 15:47:11,Checkpoint_Alpha,Kinetic Agitation Spike,88.37
2026-09-15 15:47:11,Checkpoint_Alpha,Kinetic Agitation Spike,50.72
2026-09-15 15:47:11,Checkpoint_Alpha,Kinetic Agitation Spike,100.0
2026-09-15 15:47:11,Checkpoint_Alpha,Kinetic Agitation Spike,76.9
2026-09-15 15:47:11,Checkpoint_Alpha,Kinetic Agitation Spike,73.63
2026-09-15 15:47:11,Checkpoint_Alpha,Kinetic Agitation Spike,66.93
2026-09-15 15:47:11,Checkpoint_Alpha,Kinetic Agitation Spike,59.39
2026-09-15 15:47:11,Checkpoint_Alpha,Kinetic Agitation Spike,64.99
2026-09-15 15:47:11,Checkpoint_Alpha,Kinetic Agitation Spike,55.13
2026-09-15 15:47:11,Checkpoint_Alpha,Kinetic Agitation Spike,73.57
2026-09-15 15:47:11,Checkpoint_Alpha,Kinetic Agitation Spike,66.71
2026-09-15 15:47:11,Checkpoint_Alpha,Kinetic Agitation Spike,59.69
2026-09-15 15:47:11,Checkpoint_Alpha,Kinetic Agitation Spike,85.05
2026-09-15 15:47:11,Checkpoint_Alpha,Kinetic Agitation Spike,83.29
2026-09-15 15:47:11,Checkpoint_Alpha,Kinetic Agitation Spike,47.1
2026-09-15 15:47:11,Checkpoint_Alpha,Kinetic Agitation Spike,81.36
2026-09-15 15:47:11,Checkpoint_Alpha,Kinetic Agitation Spike,67.48
2026-09-15 15:47:11,Checkpoint_Alpha,Kinetic Agitation Spike,87.22
2026-09-15 15:47:11,Checkpoint_Alpha,Kinetic Agitation Spike,76.23
2026-09-15 15:47:11,Checkpoint_Alpha,Kinetic Agitation Spike,55.79
2026-09-15 15:47:11,Checkpoint_Alpha,Kinetic Agitation Spike,63.26
2026-09-15 15:47:11,Checkpoint_Alpha,Kinetic Agitation Spike,59.33
2026-09-15 15:47:12,Checkpoint_Alpha,Kinetic Agitation Spike,52.18
2026-09-15 15:47:12,Checkpoint_Alpha,Kinetic Agitation Spike,85.09
2026-09-15 15:47:12,Checkpoint_Alpha,Kinetic Agitation Spike,78.33
2026-09-15 15:47:12,Checkpoint_Alpha,Kinetic Agitation Spike,91.46
2026-09-15 15:47:12,Checkpoint_Alpha,Kinetic Agitation Spike,63.46
2026-09-15 15:47:12,Checkpoint_Alpha,Kinetic Agitation Spike,63.05
2026-09-15 15:47:12,Checkpoint_Alpha,Kinetic Agitation Spike,87.65
2026-09-15 15:47:12,Checkpoint_Alpha,Kinetic Agitation Spike,46.99
2026-09-15 15:47:12,Checkpoint_Alpha,Kinetic Agitation Spike,48.1
2026-09-15 15:47:12,Checkpoint_Alpha,Kinetic Agitation Spike,47.71
2026-09-15 15:47:12,Checkpoint_Alpha,Kinetic Agitation Spike,100.0
2026-09-15 15:47:12,Checkpoint_Alpha,Kinetic Agitation Spike,73.49
2026-09-15 15:47:12,Checkpoint_Alpha,Kinetic Agitation Spike,51.33
2026-09-15 15:47:12,Checkpoint_Alpha,Kinetic Agitation Spike,91.96
2026-09-15 15:47:12,Checkpoint_Alpha,Kinetic Agitation Spike,90.14
2026-09-15 15:47:12,Checkpoint_Alpha,Kinetic Agitation Spike,53.17
2026-09-15 15:47:12,Checkpoint_Alpha,Kinetic Agitation Spike,49.25
2026-09-15 15:47:12,Checkpoint_Alpha,Kinetic Agitation Spike,48.48
2026-09-15 15:47:12,Checkpoint_Alpha,Kinetic Agitation Spike,64.39
2026-09-15 15:47:12,Checkpoint_Alpha,Kinetic Agitation Spike,46.86
2026-09-15 15:47:12,Checkpoint_Alpha,Kinetic Agitation Spike,88.58
2026-09-15 15:47:12,Checkpoint_Alpha,Kinetic Agitation Spike,63.51
2026-09-15 15:47:12,Checkpoint_Alpha,Kinetic Agitation Spike,58.78
2026-09-15 15:47:12,Checkpoint_Alpha,Kinetic Agitation Spike,48.7
2026-09-15 15:47:12,Checkpoint_Alpha,Kinetic Agitation Spike,100.0
2026-09-15 15:47:12,Checkpoint_Alpha,Kinetic Agitation Spike,66.64
2026-09-15 15:47:12,Checkpoint_Alpha,Kinetic Agitation Spike,100.0
2026-09-15 15:47:12,Checkpoint_Alpha,Kinetic Agitation Spike,52.14
2026-09-15 15:47:12,Checkpoint_Alpha,Kinetic Agitation Spike,51.77
2026-09-15 15:47:12,Checkpoint_Alpha,Kinetic Agitation Spike,62.44
2026-09-15 15:47:12,Checkpoint_Alpha,Kinetic Agitation Spike,100.0
2026-09-15 15:47:12,Checkpoint_Alpha,Kinetic Agitation Spike,46.25
2026-09-15 15:47:12,Checkpoint_Alpha,Kinetic Agitation Spike,47.8
2026-09-15 15:47:12,Checkpoint_Alpha,Kinetic Agitation Spike,81.99
2026-09-15 15:47:12,Checkpoint_Alpha,Kinetic Agitation Spike,48.62
2026-09-15 15:47:12,Checkpoint_Alpha,Kinetic Agitation Spike,51.08
2026-09-15 15:47:12,Checkpoint_Alpha,Kinetic Agitation Spike,70.24
2026-09-15 15:47:12,Checkpoint_Alpha,Kinetic Agitation Spike,74.65
2026-09-15 15:47:12,Checkpoint_Alpha,Kinetic Agitation Spike,82.17
2026-09-15 15:47:12,Checkpoint_Alpha,Kinetic Agitation Spike,45.46
2026-09-15 15:47:12,Checkpoint_Alpha,Kinetic Agitation Spike,95.16
2026-09-15 15:47:12,Checkpoint_Alpha,Kinetic Agitation Spike,64.79
2026-09-15 15:47:12,Checkpoint_Alpha,Kinetic Agitation Spike,60.88
2026-09-15 15:47:12,Checkpoint_Alpha,Kinetic Agitation Spike,98.45
2026-09-15 15:47:12,Checkpoint_Alpha,Kinetic Agitation Spike,100.0
2026-09-15 15:47:12,Checkpoint_Alpha,Kinetic Agitation Spike,94.08
2026-09-15 15:47:12,Checkpoint_Alpha,Kinetic Agitation Spike,100.0
2026-09-15 15:47:12,Checkpoint_Alpha,Kinetic Agitation Spike,88.58
2026-09-15 15:47:12,Checkpoint_Alpha,Kinetic Agitation Spike,77.37
2026-09-15 15:47:12,Checkpoint_Alpha,Kinetic Agitation Spike,60.07
2026-09-15 15:47:12,Checkpoint_Alpha,Kinetic Agitation Spike,100.0
2026-09-15 15:47:12,Checkpoint_Alpha,Kinetic Agitation Spike,64.07
2026-09-15 15:47:12,Checkpoint_Alpha,Kinetic Agitation Spike,78.7
2026-09-15 15:47:12,Checkpoint_Alpha,Kinetic Agitation Spike,51.29
2026-09-15 15:47:12,Checkpoint_Alpha,Kinetic Agitation Spike,100.0
2026-09-15 15:47:12,Checkpoint_Alpha,Kinetic Agitation Spike,59.66
2026-09-15 15:47:12,Checkpoint_Alpha,Kinetic Agitation Spike,67.55
2026-09-15 15:47:12,Checkpoint_Alpha,Kinetic Agitation Spike,93.64
2026-09-15 15:47:12,Checkpoint_Alpha,Kinetic Agitation Spike,49.56
2026-09-15 15:47:12,Checkpoint_Alpha,Kinetic Agitation Spike,60.23
2026-09-15 15:47:12,Checkpoint_Alpha,Kinetic Agitation Spike,56.64
2026-09-15 15:47:12,Checkpoint_Alpha,Kinetic Agitation Spike,48.61
2026-09-15 15:47:13,Checkpoint_Alpha,Kinetic Agitation Spike,45.73
2026-09-15 15:47:13,Checkpoint_Alpha,Kinetic Agitation Spike,90.56
2026-09-15 15:47:13,Checkpoint_Alpha,Kinetic Agitation Spike,71.18
2026-09-15 15:47:13,Checkpoint_Alpha,Kinetic Agitation Spike,46.59
2026-09-15 15:47:13,Checkpoint_Alpha,Kinetic Agitation Spike,53.42
2026-09-15 15:47:13,Checkpoint_Alpha,Kinetic Agitation Spike,58.8
2026-09-15 15:47:13,Checkpoint_Alpha,Kinetic Agitation Spike,54.92
2026-09-15 15:47:13,Checkpoint_Alpha,Kinetic Agitation Spike,95.8
2026-09-15 15:47:13,Checkpoint_Alpha,Kinetic Agitation Spike,49.02
2026-09-15 15:47:13,Checkpoint_Alpha,Kinetic Agitation Spike,68.02
2026-09-15 15:47:13,Checkpoint_Alpha,Kinetic Agitation Spike,56.33
2026-09-15 15:47:13,Checkpoint_Alpha,Kinetic Agitation Spike,61.77
2026-09-15 15:47:13,Checkpoint_Alpha,Kinetic Agitation Spike,75.43
2026-09-15 15:47:13,Checkpoint_Alpha,Kinetic Agitation Spike,72.09
2026-09-15 15:47:13,Checkpoint_Alpha,Kinetic Agitation Spike,51.19
2026-09-15 15:47:13,Checkpoint_Alpha,Kinetic Agitation Spike,93.27
2026-09-15 15:47:13,Checkpoint_Alpha,Kinetic Agitation Spike,70.79
2026-09-15 15:47:13,Checkpoint_Alpha,Kinetic Agitation Spike,100.0
2026-09-15 15:47:13,Checkpoint_Alpha,Kinetic Agitation Spike,83.61
2026-09-15 15:47:13,Checkpoint_Alpha,Kinetic Agitation Spike,74.08
2026-09-15 15:47:13,Checkpoint_Alpha,Kinetic Agitation Spike,51.8
2026-09-15 15:47:13,Checkpoint_Alpha,Kinetic Agitation Spike,100.0
2026-09-15 15:47:13,Checkpoint_Alpha,Kinetic Agitation Spike,68.07
2026-09-15 15:47:13,Checkpoint_Alpha,Kinetic Agitation Spike,66.06
2026-09-15 15:47:13,Checkpoint_Alpha,Kinetic Agitation Spike,69.5
2026-09-15 15:47:13,Checkpoint_Alpha,Kinetic Agitation Spike,81.67
2026-09-15 15:47:13,Checkpoint_Alpha,Kinetic Agitation Spike,99.67
2026-09-15 15:47:13,Checkpoint_Alpha,Kinetic Agitation Spike,65.22
2026-09-15 15:47:13,Checkpoint_Alpha,Kinetic Agitation Spike,100.0
2026-09-15 15:47:13,Checkpoint_Alpha,Kinetic Agitation Spike,100.0
2026-09-15 15:47:13,Checkpoint_Alpha,Kinetic Agitation Spike,46.49
2026-09-15 15:47:13,Checkpoint_Alpha,Kinetic Agitation Spike,51.84
2026-09-15 15:47:13,Checkpoint_Alpha,Kinetic Agitation Spike,100.0
2026-09-15 15:47:13,Checkpoint_Alpha,Kinetic Agitation Spike,99.72
2026-09-15 15:47:13,Checkpoint_Alpha,Kinetic Agitation Spike,65.54
2026-09-15 15:47:13,Checkpoint_Alpha,Kinetic Agitation Spike,59.64
2026-09-15 15:47:13,Checkpoint_Alpha,Kinetic Agitation Spike,85.21
2026-09-15 15:47:13,Checkpoint_Alpha,Kinetic Agitation Spike,51.62
2026-09-15 15:47:13,Checkpoint_Alpha,Kinetic Agitation Spike,48.24
2026-09-15 15:47:13,Checkpoint_Alpha,Kinetic Agitation Spike,76.36
2026-09-15 15:47:13,Checkpoint_Alpha,Kinetic Agitation Spike,58.3
2026-09-15 15:47:13,Checkpoint_Alpha,Kinetic Agitation Spike,54.53
2026-09-15 15:47:13,Checkpoint_Alpha,Kinetic Agitation Spike,57.78
2026-09-15 15:47:13,Checkpoint_Alpha,Kinetic Agitation Spike,52.68
2026-09-15 15:47:13,Checkpoint_Alpha,Kinetic Agitation Spike,86.94
2026-09-15 15:47:13,Checkpoint_Alpha,Kinetic Agitation Spike,100.0
2026-09-15 15:47:13,Checkpoint_Alpha,Kinetic Agitation Spike,75.48
2026-09-15 15:47:13,Checkpoint_Alpha,Kinetic Agitation Spike,76.82
2026-09-15 15:47:13,Checkpoint_Alpha,Kinetic Agitation Spike,58.04
2026-09-15 15:47:13,Checkpoint_Alpha,Kinetic Agitation Spike,48.29
2026-09-15 15:47:13,Checkpoint_Alpha,Kinetic Agitation Spike,91.54
2026-09-15 15:47:13,Checkpoint_Alpha,Kinetic Agitation Spike,45.29
2026-09-15 15:47:13,Checkpoint_Alpha,Kinetic Agitation Spike,88.28
2026-09-15 15:47:13,Checkpoint_Alpha,Kinetic Agitation Spike,53.69
2026-09-15 15:47:13,Checkpoint_Alpha,Kinetic Agitation Spike,72.95
2026-09-15 15:47:13,Checkpoint_Alpha,Kinetic Agitation Spike,51.55
2026-09-15 15:47:13,Checkpoint_Alpha,Kinetic Agitation Spike,51.78
2026-09-15 15:47:14,Checkpoint_Alpha,Kinetic Agitation Spike,59.21
2026-09-15 15:47:14,Checkpoint_Alpha,Kinetic Agitation Spike,66.19
2026-09-15 15:47:14,Checkpoint_Alpha,Kinetic Agitation Spike,46.21
2026-09-15 15:47:14,Checkpoint_Alpha,Kinetic Agitation Spike,45.66
2026-09-15 15:47:14,Checkpoint_Alpha,Kinetic Agitation Spike,46.07
2026-09-15 15:47:14,Checkpoint_Alpha,Kinetic Agitation Spike,66.16
2026-09-15 15:47:14,Checkpoint_Alpha,Kinetic Agitation Spike,83.29
2026-09-15 15:47:14,Checkpoint_Alpha,Kinetic Agitation Spike,55.63
2026-09-15 15:47:14,Checkpoint_Alpha,Kinetic Agitation Spike,84.11
2026-09-15 15:47:14,Checkpoint_Alpha,Kinetic Agitation Spike,56.17
2026-09-15 15:47:14,Checkpoint_Alpha,Kinetic Agitation Spike,82.56
2026-09-15 15:47:14,Checkpoint_Alpha,Kinetic Agitation Spike,82.52
2026-09-15 15:47:14,Checkpoint_Alpha,Kinetic Agitation Spike,52.41
2026-09-15 15:47:14,Checkpoint_Alpha,Kinetic Agitation Spike,48.6
2026-09-15 15:47:14,Checkpoint_Alpha,Kinetic Agitation Spike,66.24
2026-09-15 15:47:14,Checkpoint_Alpha,Kinetic Agitation Spike,89.81
2026-09-15 15:47:14,Checkpoint_Alpha,Kinetic Agitation Spike,79.75
2026-09-15 15:47:14,Checkpoint_Alpha,Kinetic Agitation Spike,63.74
2026-09-15 15:47:14,Checkpoint_Alpha,Kinetic Agitation Spike,47.74
2026-09-15 15:47:14,Checkpoint_Alpha,Kinetic Agitation Spike,55.53
2026-09-15 15:47:14,Checkpoint_Alpha,Kinetic Agitation Spike,88.07
2026-09-15 15:47:14,Checkpoint_Alpha,Kinetic Agitation Spike,97.1
2026-09-15 15:47:14,Checkpoint_Alpha,Kinetic Agitation Spike,86.87
2026-09-15 15:47:14,Checkpoint_Alpha,Kinetic Agitation Spike,71.49
2026-09-15 15:47:14,Checkpoint_Alpha,Kinetic Agitation Spike,63.91
2026-09-15 15:47:14,Checkpoint_Alpha,Kinetic Agitation Spike,100.0
2026-09-15 15:47:14,Checkpoint_Alpha,Kinetic Agitation Spike,91.57
2026-09-15 15:47:14,Checkpoint_Alpha,Kinetic Agitation Spike,56.66
2026-09-15 15:47:14,Checkpoint_Alpha,Kinetic Agitation Spike,81.3
2026-09-15 15:47:14,Checkpoint_Alpha,Kinetic Agitation Spike,73.47
2026-09-15 15:47:14,Checkpoint_Alpha,Kinetic Agitation Spike,92.6
2026-09-15 15:47:14,Checkpoint_Alpha,Kinetic Agitation Spike,97.76
2026-09-15 15:47:14,Checkpoint_Alpha,Kinetic Agitation Spike,100.0
2026-09-15 15:47:14,Checkpoint_Alpha,Kinetic Agitation Spike,73.74
2026-09-15 15:47:14,Checkpoint_Alpha,Kinetic Agitation Spike,95.97
2026-09-15 15:47:14,Checkpoint_Alpha,Kinetic Agitation Spike,63.66
2026-09-15 15:47:14,Checkpoint_Alpha,Kinetic Agitation Spike,92.54
2026-09-15 15:47:14,Checkpoint_Alpha,Kinetic Agitation Spike,63.09
2026-09-15 15:47:14,Checkpoint_Alpha,Kinetic Agitation Spike,82.23
2026-09-15 15:47:14,Checkpoint_Alpha,Kinetic Agitation Spike,61.59
2026-09-15 15:47:14,Checkpoint_Alpha,Kinetic Agitation Spike,100.0
2026-09-15 15:47:14,Checkpoint_Alpha,Kinetic Agitation Spike,80.8
2026-09-15 15:47:14,Checkpoint_Alpha,Kinetic Agitation Spike,47.69
2026-09-15 15:47:14,Checkpoint_Alpha,Kinetic Agitation Spike,87.75
2026-09-15 15:47:14,Checkpoint_Alpha,Kinetic Agitation Spike,53.12
2026-09-15 15:47:14,Checkpoint_Alpha,Kinetic Agitation Spike,86.97
2026-09-15 15:47:14,Checkpoint_Alpha,Kinetic Agitation Spike,46.51
2026-09-15 15:47:14,Checkpoint_Alpha,Kinetic Agitation Spike,50.23
2026-09-15 15:47:14,Checkpoint_Alpha,Kinetic Agitation Spike,45.62
2026-09-15 15:47:14,Checkpoint_Alpha,Kinetic Agitation Spike,79.54
2026-09-15 15:47:14,Checkpoint_Alpha,Kinetic Agitation Spike,87.05
2026-09-15 15:47:14,Checkpoint_Alpha,Kinetic Agitation Spike,80.57
2026-09-15 15:47:14,Checkpoint_Alpha,Kinetic Agitation Spike,100.0
2026-09-15 15:47:14,Checkpoint_Alpha,Kinetic Agitation Spike,100.0
2026-09-15 15:47:14,Checkpoint_Alpha,Kinetic Agitation Spike,51.54
2026-09-15 15:47:14,Checkpoint_Alpha,Kinetic Agitation Spike,85.85
2026-09-15 15:47:14,Checkpoint_Alpha,Kinetic Agitation Spike,87.04
2026-09-15 15:47:14,Checkpoint_Alpha,Kinetic Agitation Spike,76.01
2026-09-15 15:47:14,Checkpoint_Alpha,Kinetic Agitation Spike,100.0
2026-09-15 15:47:14,Checkpoint_Alpha,Kinetic Agitation Spike,46.35
2026-09-15 15:47:14,Checkpoint_Alpha,Kinetic Agitation Spike,78.0
2026-09-15 15:47:14,Checkpoint_Alpha,Kinetic Agitation Spike,79.37
2026-09-15 15:47:14,Checkpoint_Alpha,Kinetic Agitation Spike,85.73
2026-09-15 15:47:14,Checkpoint_Alpha,Kinetic Agitation Spike,60.25
2026-09-15 15:47:14,Checkpoint_Alpha,Kinetic Agitation Spike,60.02
2026-09-15 15:47:14,Checkpoint_Alpha,Kinetic Agitation Spike,88.63
2026-09-15 15:47:14,Checkpoint_Alpha,Kinetic Agitation Spike,100.0
2026-09-15 15:47:14,Checkpoint_Alpha,Kinetic Agitation Spike,82.74
2026-09-15 15:47:14,Checkpoint_Alpha,Kinetic Agitation Spike,64.4
2026-09-15 15:47:15,Checkpoint_Alpha,Kinetic Agitation Spike,81.33
2026-09-15 15:47:15,Checkpoint_Alpha,Kinetic Agitation Spike,49.98
2026-09-15 15:47:15,Checkpoint_Alpha,Kinetic Agitation Spike,89.06
2026-09-15 15:47:15,Checkpoint_Alpha,Kinetic Agitation Spike,96.35
2026-09-15 15:47:15,Checkpoint_Alpha,Kinetic Agitation Spike,71.58
2026-09-15 15:47:15,Checkpoint_Alpha,Kinetic Agitation Spike,85.3
2026-09-15 15:47:15,Checkpoint_Alpha,Kinetic Agitation Spike,100.0
2026-09-15 15:47:15,Checkpoint_Alpha,Kinetic Agitation Spike,85.6
2026-09-15 15:47:15,Checkpoint_Alpha,Kinetic Agitation Spike,93.96
2026-09-15 15:47:15,Checkpoint_Alpha,Kinetic Agitation Spike,64.51
2026-09-15 15:47:15,Checkpoint_Alpha,Kinetic Agitation Spike,54.85
2026-09-15 15:47:15,Checkpoint_Alpha,Kinetic Agitation Spike,48.84
2026-09-15 15:47:15,Checkpoint_Alpha,Kinetic Agitation Spike,72.55
2026-09-15 15:47:15,Checkpoint_Alpha,Kinetic Agitation Spike,55.62
2026-09-15 15:47:15,Checkpoint_Alpha,Kinetic Agitation Spike,70.61
2026-09-15 15:47:15,Checkpoint_Alpha,Kinetic Agitation Spike,87.14
2026-09-15 15:47:15,Checkpoint_Alpha,Kinetic Agitation Spike,55.46
2026-09-15 15:47:15,Checkpoint_Alpha,Kinetic Agitation Spike,70.93
2026-09-15 15:47:15,Checkpoint_Alpha,Kinetic Agitation Spike,55.73
2026-09-15 15:47:15,Checkpoint_Alpha,Kinetic Agitation Spike,100.0
2026-09-15 15:47:15,Checkpoint_Alpha,Kinetic Agitation Spike,100.0
2026-09-15 15:47:15,Checkpoint_Alpha,Kinetic Agitation Spike,63.48
2026-09-15 15:47:15,Checkpoint_Alpha,Kinetic Agitation Spike,65.27
2026-09-15 15:47:15,Checkpoint_Alpha,Kinetic Agitation Spike,69.35
2026-09-15 15:47:15,Checkpoint_Alpha,Kinetic Agitation Spike,84.03
2026-09-15 15:47:15,Checkpoint_Alpha,Kinetic Agitation Spike,46.35
2026-09-15 15:47:15,Checkpoint_Alpha,Kinetic Agitation Spike,48.31
2026-09-15 15:47:15,Checkpoint_Alpha,Kinetic Agitation Spike,53.14
2026-09-15 15:47:15,Checkpoint_Alpha,Kinetic Agitation Spike,61.15
2026-09-15 15:47:15,Checkpoint_Alpha,Kinetic Agitation Spike,64.31
2026-09-15 15:47:15,Checkpoint_Alpha,Kinetic Agitation Spike,56.84
2026-09-15 15:47:15,Checkpoint_Alpha,Kinetic Agitation Spike,56.37
2026-09-15 15:47:15,Checkpoint_Alpha,Kinetic Agitation Spike,80.02
2026-09-15 15:47:15,Checkpoint_Alpha,Kinetic Agitation Spike,87.92
2026-09-15 15:47:15,Checkpoint_Alpha,Kinetic Agitation Spike,82.38
2026-09-15 15:47:15,Checkpoint_Alpha,Kinetic Agitation Spike,66.52
2026-09-15 15:47:15,Checkpoint_Alpha,Kinetic Agitation Spike,47.67
2026-09-15 15:47:15,Checkpoint_Alpha,Kinetic Agitation Spike,100.0
2026-09-15 15:47:15,Checkpoint_Alpha,Kinetic Agitation Spike,52.33
2026-09-15 15:47:15,Checkpoint_Alpha,Kinetic Agitation Spike,98.33
2026-09-15 15:47:15,Checkpoint_Alpha,Kinetic Agitation Spike,68.18
2026-09-15 15:47:15,Checkpoint_Alpha,Kinetic Agitation Spike,62.96
2026-09-15 15:47:15,Checkpoint_Alpha,Kinetic Agitation Spike,45.59
2026-09-15 15:47:15,Checkpoint_Alpha,Kinetic Agitation Spike,74.86
2026-09-15 15:47:15,Checkpoint_Alpha,Kinetic Agitation Spike,55.19
2026-09-15 15:47:15,Checkpoint_Alpha,Kinetic Agitation Spike,69.17
2026-09-15 15:47:15,Checkpoint_Alpha,Kinetic Agitation Spike,52.85
2026-09-15 15:47:15,Checkpoint_Alpha,Kinetic Agitation Spike,75.87
2026-09-15 15:47:15,Checkpoint_Alpha,Kinetic Agitation Spike,99.74
2026-09-15 15:47:15,Checkpoint_Alpha,Kinetic Agitation Spike,46.21
2026-09-15 15:47:15,Checkpoint_Alpha,Kinetic Agitation Spike,48.07
2026-09-15 15:47:15,Checkpoint_Alpha,Kinetic Agitation Spike,48.72
2026-09-15 15:47:15,Checkpoint_Alpha,Kinetic Agitation Spike,100.0
2026-09-15 15:47:15,Checkpoint_Alpha,Kinetic Agitation Spike,100.0
2026-09-15 15:47:16,Checkpoint_Alpha,Kinetic Agitation Spike,45.59
2026-09-15 15:47:16,Checkpoint_Alpha,Kinetic Agitation Spike,69.17
2026-09-15 15:47:16,Checkpoint_Alpha,Kinetic Agitation Spike,79.2
2026-09-15 15:47:16,Checkpoint_Alpha,Kinetic Agitation Spike,58.49
2026-09-15 15:47:16,Checkpoint_Alpha,Kinetic Agitation Spike,72.66
2026-09-15 15:47:16,Checkpoint_Alpha,Kinetic Agitation Spike,100.0
2026-09-15 15:47:16,Checkpoint_Alpha,Kinetic Agitation Spike,100.0
2026-09-15 15:47:16,Checkpoint_Alpha,Kinetic Agitation Spike,70.77
2026-09-15 15:47:16,Checkpoint_Alpha,Kinetic Agitation Spike,100.0
2026-09-15 15:47:16,Checkpoint_Alpha,Kinetic Agitation Spike,52.77
2026-09-15 15:47:16,Checkpoint_Alpha,Kinetic Agitation Spike,66.3
2026-09-15 15:47:16,Checkpoint_Alpha,Kinetic Agitation Spike,73.54
2026-09-15 15:47:16,Checkpoint_Alpha,Kinetic Agitation Spike,75.62
2026-09-15 15:47:16,Checkpoint_Alpha,Kinetic Agitation Spike,69.34
2026-09-15 15:47:16,Checkpoint_Alpha,Kinetic Agitation Spike,100.0
2026-09-15 15:47:16,Checkpoint_Alpha,Kinetic Agitation Spike,100.0
2026-09-15 15:47:16,Checkpoint_Alpha,Kinetic Agitation Spike,92.24
2026-09-15 15:47:16,Checkpoint_Alpha,Kinetic Agitation Spike,52.12
2026-09-15 15:47:16,Checkpoint_Alpha,Kinetic Agitation Spike,79.99
2026-09-15 15:47:16,Checkpoint_Alpha,Kinetic Agitation Spike,100.0
2026-09-15 15:47:16,Checkpoint_Alpha,Kinetic Agitation Spike,56.35
2026-09-15 15:47:16,Checkpoint_Alpha,Kinetic Agitation Spike,65.01
2026-09-15 15:47:16,Checkpoint_Alpha,Kinetic Agitation Spike,74.07
2026-09-15 15:47:16,Checkpoint_Alpha,Kinetic Agitation Spike,69.27
2026-09-15 15:47:16,Checkpoint_Alpha,Kinetic Agitation Spike,87.96
2026-09-15 15:47:16,Checkpoint_Alpha,Kinetic Agitation Spike,92.61
2026-09-15 15:47:16,Checkpoint_Alpha,Kinetic Agitation Spike,62.92
2026-09-15 15:47:16,Checkpoint_Alpha,Kinetic Agitation Spike,67.3
2026-09-15 15:47:16,Checkpoint_Alpha,Kinetic Agitation Spike,91.3
2026-09-15 15:47:16,Checkpoint_Alpha,Kinetic Agitation Spike,55.43
2026-09-15 15:47:16,Checkpoint_Alpha,Kinetic Agitation Spike,46.1
2026-09-15 15:47:16,Checkpoint_Alpha,Kinetic Agitation Spike,65.58
2026-09-15 15:47:16,Checkpoint_Alpha,Kinetic Agitation Spike,97.06
2026-09-15 15:47:16,Checkpoint_Alpha,Kinetic Agitation Spike,63.89
2026-09-15 15:47:16,Checkpoint_Alpha,Kinetic Agitation Spike,100.0
2026-09-15 15:47:16,Checkpoint_Alpha,Kinetic Agitation Spike,92.16
2026-09-15 15:47:16,Checkpoint_Alpha,Kinetic Agitation Spike,57.89
2026-09-15 15:47:16,Checkpoint_Alpha,Kinetic Agitation Spike,46.3
2026-09-15 15:47:16,Checkpoint_Alpha,Kinetic Agitation Spike,97.75
2026-09-15 15:47:16,Checkpoint_Alpha,Kinetic Agitation Spike,68.04
2026-09-15 15:47:16,Checkpoint_Alpha,Kinetic Agitation Spike,89.75
2026-09-15 15:47:16,Checkpoint_Alpha,Kinetic Agitation Spike,64.62
2026-09-15 15:47:16,Checkpoint_Alpha,Kinetic Agitation Spike,100.0
2026-09-15 15:47:16,Checkpoint_Alpha,Kinetic Agitation Spike,45.82
2026-09-15 15:47:16,Checkpoint_Alpha,Kinetic Agitation Spike,52.81
2026-09-15 15:47:16,Checkpoint_Alpha,Kinetic Agitation Spike,100.0
2026-09-15 15:47:16,Checkpoint_Alpha,Kinetic Agitation Spike,69.31
2026-09-15 15:47:16,Checkpoint_Alpha,Kinetic Agitation Spike,87.54
2026-09-15 15:47:17,Checkpoint_Alpha,Kinetic Agitation Spike,55.89
2026-09-15 15:47:17,Checkpoint_Alpha,Kinetic Agitation Spike,88.17
2026-09-15 15:47:17,Checkpoint_Alpha,Kinetic Agitation Spike,80.53
2026-09-15 15:47:17,Checkpoint_Alpha,Kinetic Agitation Spike,63.1
2026-09-15 15:47:17,Checkpoint_Alpha,Kinetic Agitation Spike,67.08
2026-09-15 15:47:17,Checkpoint_Alpha,Kinetic Agitation Spike,59.61
2026-09-15 15:47:17,Checkpoint_Alpha,Kinetic Agitation Spike,68.83
2026-09-15 15:47:17,Checkpoint_Alpha,Kinetic Agitation Spike,79.76
2026-09-15 15:47:17,Checkpoint_Alpha,Kinetic Agitation Spike,50.58
2026-09-15 15:47:17,Checkpoint_Alpha,Kinetic Agitation Spike,83.08
2026-09-15 15:47:17,Checkpoint_Alpha,Kinetic Agitation Spike,100.0
2026-09-15 15:47:17,Checkpoint_Alpha,Kinetic Agitation Spike,61.11
2026-09-15 15:47:17,Checkpoint_Alpha,Kinetic Agitation Spike,73.0
2026-09-15 15:47:17,Checkpoint_Alpha,Kinetic Agitation Spike,75.83
2026-09-15 15:47:17,Checkpoint_Alpha,Kinetic Agitation Spike,71.28
2026-09-15 15:47:17,Checkpoint_Alpha,Kinetic Agitation Spike,72.79
2026-09-15 15:47:17,Checkpoint_Alpha,Kinetic Agitation Spike,52.58
2026-09-15 15:47:17,Checkpoint_Alpha,Kinetic Agitation Spike,62.86
2026-09-15 15:47:17,Checkpoint_Alpha,Kinetic Agitation Spike,63.29
2026-09-15 15:47:17,Checkpoint_Alpha,Kinetic Agitation Spike,47.95
2026-09-15 15:47:17,Checkpoint_Alpha,Kinetic Agitation Spike,58.33
2026-09-15 15:47:17,Checkpoint_Alpha,Kinetic Agitation Spike,72.82
2026-09-15 15:47:17,Checkpoint_Alpha,Kinetic Agitation Spike,59.18
2026-09-15 15:47:17,Checkpoint_Alpha,Kinetic Agitation Spike,49.04
2026-09-15 15:47:17,Checkpoint_Alpha,Kinetic Agitation Spike,67.23
2026-09-15 15:47:17,Checkpoint_Alpha,Kinetic Agitation Spike,84.58
2026-09-15 15:47:17,Checkpoint_Alpha,Kinetic Agitation Spike,60.29
2026-09-15 15:47:17,Checkpoint_Alpha,Kinetic Agitation Spike,45.21
2026-09-15 15:47:17,Checkpoint_Alpha,Kinetic Agitation Spike,49.59
2026-09-15 15:47:17,Checkpoint_Alpha,Kinetic Agitation Spike,80.47
2026-09-15 15:47:17,Checkpoint_Alpha,Kinetic Agitation Spike,64.8
2026-09-15 15:47:17,Checkpoint_Alpha,Kinetic Agitation Spike,74.6
2026-09-15 15:47:17,Checkpoint_Alpha,Kinetic Agitation Spike,65.18
2026-09-15 15:47:17,Checkpoint_Alpha,Kinetic Agitation Spike,55.35
2026-09-15 15:47:17,Checkpoint_Alpha,Kinetic Agitation Spike,63.53
2026-09-15 15:47:17,Checkpoint_Alpha,Kinetic Agitation Spike,70.64
2026-09-15 15:47:18,Checkpoint_Alpha,Kinetic Agitation Spike,65.98
2026-09-15 15:47:18,Checkpoint_Alpha,Kinetic Agitation Spike,89.6
2026-09-15 15:47:18,Checkpoint_Alpha,Kinetic Agitation Spike,65.0
2026-09-15 15:47:18,Checkpoint_Alpha,Kinetic Agitation Spike,54.34
2026-09-15 15:47:18,Checkpoint_Alpha,Kinetic Agitation Spike,51.71
2026-09-15 15:47:18,Checkpoint_Alpha,Kinetic Agitation Spike,46.87
2026-09-15 15:47:18,Checkpoint_Alpha,Kinetic Agitation Spike,83.89
2026-09-15 15:47:18,Checkpoint_Alpha,Kinetic Agitation Spike,56.62
2026-09-15 15:47:18,Checkpoint_Alpha,Kinetic Agitation Spike,70.23
2026-09-15 15:47:18,Checkpoint_Alpha,Kinetic Agitation Spike,57.4
2026-09-15 15:47:18,Checkpoint_Alpha,Kinetic Agitation Spike,69.38
2026-09-15 15:47:18,Checkpoint_Alpha,Kinetic Agitation Spike,66.4
2026-09-15 15:47:18,Checkpoint_Alpha,Kinetic Agitation Spike,100.0
2026-09-15 15:47:18,Checkpoint_Alpha,Kinetic Agitation Spike,63.52
2026-09-15 15:47:18,Checkpoint_Alpha,Kinetic Agitation Spike,68.76
2026-09-15 15:47:18,Checkpoint_Alpha,Kinetic Agitation Spike,72.75
2026-09-15 15:47:18,Checkpoint_Alpha,Kinetic Agitation Spike,52.5
2026-09-15 15:47:18,Checkpoint_Alpha,Kinetic Agitation Spike,100.0
2026-09-15 15:47:18,Checkpoint_Alpha,Kinetic Agitation Spike,63.01
2026-09-15 15:47:18,Checkpoint_Alpha,Kinetic Agitation Spike,65.63
2026-09-15 15:47:18,Checkpoint_Alpha,Kinetic Agitation Spike,45.5
2026-09-15 15:47:18,Checkpoint_Alpha,Kinetic Agitation Spike,54.76
2026-09-15 15:47:18,Checkpoint_Alpha,Kinetic Agitation Spike,47.61
2026-09-15 15:47:18,Checkpoint_Alpha,Kinetic Agitation Spike,56.6
2026-09-15 15:47:18,Checkpoint_Alpha,Kinetic Agitation Spike,100.0
2026-09-15 15:47:18,Checkpoint_Alpha,Kinetic Agitation Spike,66.52
2026-09-15 15:47:18,Checkpoint_Alpha,Kinetic Agitation Spike,55.14
2026-09-15 15:47:18,Checkpoint_Alpha,Kinetic Agitation Spike,58.67
2026-09-15 15:47:18,Checkpoint_Alpha,Kinetic Agitation Spike,55.57
2026-09-15 15:47:18,Checkpoint_Alpha,Kinetic Agitation Spike,48.89
2026-09-15 15:47:18,Checkpoint_Alpha,Kinetic Agitation Spike,91.78
2026-09-15 15:47:18,Checkpoint_Alpha,Kinetic Agitation Spike,57.88
2026-09-15 15:47:18,Checkpoint_Alpha,Kinetic Agitation Spike,61.32
2026-09-15 15:47:18,Checkpoint_Alpha,Kinetic Agitation Spike,100.0
2026-09-15 15:47:18,Checkpoint_Alpha,Kinetic Agitation Spike,55.15
2026-09-15 15:47:18,Checkpoint_Alpha,Kinetic Agitation Spike,47.21
2026-09-15 15:47:18,Checkpoint_Alpha,Kinetic Agitation Spike,72.1
2026-09-15 15:47:18,Checkpoint_Alpha,Kinetic Agitation Spike,100.0
2026-09-15 15:47:18,Checkpoint_Alpha,Kinetic Agitation Spike,78.18
2026-09-15 15:47:18,Checkpoint_Alpha,Kinetic Agitation Spike,45.2
2026-09-15 15:47:18,Checkpoint_Alpha,Kinetic Agitation Spike,48.07
2026-09-15 15:47:18,Checkpoint_Alpha,Kinetic Agitation Spike,61.89
2026-09-15 15:47:18,Checkpoint_Alpha,Kinetic Agitation Spike,95.11
2026-09-15 15:47:18,Checkpoint_Alpha,Kinetic Agitation Spike,49.57
2026-09-15 15:47:19,Checkpoint_Alpha,Kinetic Agitation Spike,67.32
2026-09-15 15:47:19,Checkpoint_Alpha,Kinetic Agitation Spike,66.37
2026-09-15 15:47:19,Checkpoint_Alpha,Kinetic Agitation Spike,49.84
2026-09-15 15:47:19,Checkpoint_Alpha,Kinetic Agitation Spike,97.77
2026-09-15 15:47:19,Checkpoint_Alpha,Kinetic Agitation Spike,91.13
2026-09-15 15:47:19,Checkpoint_Alpha,Kinetic Agitation Spike,66.09
2026-09-15 15:47:19,Checkpoint_Alpha,Kinetic Agitation Spike,66.01
2026-09-15 15:47:19,Checkpoint_Alpha,Kinetic Agitation Spike,53.69
2026-09-15 15:47:19,Checkpoint_Alpha,Kinetic Agitation Spike,100.0
2026-09-15 15:47:19,Checkpoint_Alpha,Kinetic Agitation Spike,66.47
2026-09-15 15:47:19,Checkpoint_Alpha,Kinetic Agitation Spike,53.6
2026-09-15 15:47:19,Checkpoint_Alpha,Kinetic Agitation Spike,100.0
2026-09-15 15:47:19,Checkpoint_Alpha,Kinetic Agitation Spike,58.22
2026-09-15 15:47:19,Checkpoint_Alpha,Kinetic Agitation Spike,92.96
2026-09-15 15:47:19,Checkpoint_Alpha,Kinetic Agitation Spike,58.18
2026-09-15 15:47:19,Checkpoint_Alpha,Kinetic Agitation Spike,78.75
2026-09-15 15:47:19,Checkpoint_Alpha,Kinetic Agitation Spike,51.79
2026-09-15 15:47:19,Checkpoint_Alpha,Kinetic Agitation Spike,54.88
2026-09-15 15:47:19,Checkpoint_Alpha,Kinetic Agitation Spike,100.0
2026-09-15 15:47:19,Checkpoint_Alpha,Kinetic Agitation Spike,100.0
2026-09-15 15:47:19,Checkpoint_Alpha,Kinetic Agitation Spike,52.97
2026-09-15 15:47:19,Checkpoint_Alpha,Kinetic Agitation Spike,87.45
2026-09-15 15:47:19,Checkpoint_Alpha,Kinetic Agitation Spike,47.67
2026-09-15 15:47:19,Checkpoint_Alpha,Kinetic Agitation Spike,66.49
2026-09-15 15:47:19,Checkpoint_Alpha,Kinetic Agitation Spike,96.28
2026-09-15 15:47:19,Checkpoint_Alpha,Kinetic Agitation Spike,53.44
2026-09-15 15:47:19,Checkpoint_Alpha,Kinetic Agitation Spike,57.77
2026-09-15 15:47:19,Checkpoint_Alpha,Kinetic Agitation Spike,47.15
2026-09-15 15:47:19,Checkpoint_Alpha,Kinetic Agitation Spike,60.75
2026-09-15 15:47:19,Checkpoint_Alpha,Kinetic Agitation Spike,57.82
2026-09-15 15:47:19,Checkpoint_Alpha,Kinetic Agitation Spike,100.0
2026-09-15 15:47:19,Checkpoint_Alpha,Kinetic Agitation Spike,52.62
2026-09-15 15:47:19,Checkpoint_Alpha,Kinetic Agitation Spike,75.7
2026-09-15 15:47:19,Checkpoint_Alpha,Kinetic Agitation Spike,100.0
2026-09-15 15:47:19,Checkpoint_Alpha,Kinetic Agitation Spike,66.94
2026-09-15 15:47:19,Checkpoint_Alpha,Kinetic Agitation Spike,62.82
2026-09-15 15:47:19,Checkpoint_Alpha,Kinetic Agitation Spike,56.61
2026-09-15 15:47:19,Checkpoint_Alpha,Kinetic Agitation Spike,57.36
2026-09-15 15:47:19,Checkpoint_Alpha,Kinetic Agitation Spike,100.0
2026-09-15 15:47:19,Checkpoint_Alpha,Kinetic Agitation Spike,90.94
2026-09-15 15:47:19,Checkpoint_Alpha,Kinetic Agitation Spike,100.0
2026-09-15 15:47:19,Checkpoint_Alpha,Kinetic Agitation Spike,70.71
2026-09-15 15:47:19,Checkpoint_Alpha,Kinetic Agitation Spike,58.39
2026-09-15 15:47:19,Checkpoint_Alpha,Kinetic Agitation Spike,100.0
2026-09-15 15:47:19,Checkpoint_Alpha,Kinetic Agitation Spike,100.0
2026-09-15 15:47:19,Checkpoint_Alpha,Kinetic Agitation Spike,100.0
2026-09-15 15:47:20,Checkpoint_Alpha,Kinetic Agitation Spike,61.54
2026-09-15 15:47:20,Checkpoint_Alpha,Kinetic Agitation Spike,50.37
2026-09-15 15:47:20,Checkpoint_Alpha,Kinetic Agitation Spike,95.54
2026-09-15 15:47:20,Checkpoint_Alpha,Kinetic Agitation Spike,50.86
2026-09-15 15:47:20,Checkpoint_Alpha,Kinetic Agitation Spike,79.87
2026-09-15 15:47:20,Checkpoint_Alpha,Kinetic Agitation Spike,89.51
2026-09-15 15:47:20,Checkpoint_Alpha,Kinetic Agitation Spike,45.17
2026-09-15 15:47:20,Checkpoint_Alpha,Kinetic Agitation Spike,47.76
2026-09-15 15:47:20,Checkpoint_Alpha,Kinetic Agitation Spike,100.0
2026-09-15 15:47:20,Checkpoint_Alpha,Kinetic Agitation Spike,100.0
2026-09-15 15:47:20,Checkpoint_Alpha,Kinetic Agitation Spike,55.48
2026-09-15 15:47:20,Checkpoint_Alpha,Kinetic Agitation Spike,73.91
2026-09-15 15:47:20,Checkpoint_Alpha,Kinetic Agitation Spike,66.87
2026-09-15 15:47:20,Checkpoint_Alpha,Kinetic Agitation Spike,58.57
2026-09-15 15:47:20,Checkpoint_Alpha,Kinetic Agitation Spike,59.04
2026-09-15 15:47:20,Checkpoint_Alpha,Kinetic Agitation Spike,100.0
2026-09-15 15:47:20,Checkpoint_Alpha,Kinetic Agitation Spike,87.29
2026-09-15 15:47:20,Checkpoint_Alpha,Kinetic Agitation Spike,85.04
2026-09-15 15:47:20,Checkpoint_Alpha,Kinetic Agitation Spike,65.74
2026-09-15 15:47:20,Checkpoint_Alpha,Kinetic Agitation Spike,100.0
2026-09-15 15:47:20,Checkpoint_Alpha,Kinetic Agitation Spike,88.96
2026-09-15 15:47:20,Checkpoint_Alpha,Kinetic Agitation Spike,74.61
2026-09-15 15:47:20,Checkpoint_Alpha,Kinetic Agitation Spike,77.05
2026-09-15 15:47:20,Checkpoint_Alpha,Kinetic Agitation Spike,100.0
2026-09-15 15:47:20,Checkpoint_Alpha,Kinetic Agitation Spike,87.12
2026-09-15 15:47:20,Checkpoint_Alpha,Kinetic Agitation Spike,68.61
2026-09-15 15:47:20,Checkpoint_Alpha,Kinetic Agitation Spike,100.0
2026-09-15 15:47:20,Checkpoint_Alpha,Kinetic Agitation Spike,62.25
2026-09-15 15:47:20,Checkpoint_Alpha,Kinetic Agitation Spike,79.66
2026-09-15 15:47:20,Checkpoint_Alpha,Kinetic Agitation Spike,74.45
2026-09-15 15:47:20,Checkpoint_Alpha,Kinetic Agitation Spike,52.76
2026-09-15 15:47:20,Checkpoint_Alpha,Kinetic Agitation Spike,58.39
2026-09-15 15:47:20,Checkpoint_Alpha,Kinetic Agitation Spike,100.0
2026-09-15 15:47:20,Checkpoint_Alpha,Kinetic Agitation Spike,92.26
2026-09-15 15:47:21,Checkpoint_Alpha,Kinetic Agitation Spike,57.36
2026-09-15 15:47:21,Checkpoint_Alpha,Kinetic Agitation Spike,50.88
2026-09-15 15:47:21,Checkpoint_Alpha,Kinetic Agitation Spike,64.89
2026-09-15 15:47:21,Checkpoint_Alpha,Kinetic Agitation Spike,70.54
2026-09-15 15:47:21,Checkpoint_Alpha,Kinetic Agitation Spike,100.0
2026-09-15 15:47:21,Checkpoint_Alpha,Kinetic Agitation Spike,70.08
2026-09-15 15:47:21,Checkpoint_Alpha,Kinetic Agitation Spike,67.19
2026-09-15 15:47:21,Checkpoint_Alpha,Kinetic Agitation Spike,85.52
2026-09-15 15:47:21,Checkpoint_Alpha,Kinetic Agitation Spike,90.61
2026-09-15 15:47:21,Checkpoint_Alpha,Kinetic Agitation Spike,100.0
2026-09-15 15:47:21,Checkpoint_Alpha,Kinetic Agitation Spike,56.66
2026-09-15 15:47:21,Checkpoint_Alpha,Kinetic Agitation Spike,56.1
2026-09-15 15:47:21,Checkpoint_Alpha,Kinetic Agitation Spike,74.28
2026-09-15 15:47:21,Checkpoint_Alpha,Kinetic Agitation Spike,100.0
2026-09-15 15:47:21,Checkpoint_Alpha,Kinetic Agitation Spike,67.46
2026-09-15 15:47:21,Checkpoint_Alpha,Kinetic Agitation Spike,56.58
2026-09-15 15:47:21,Checkpoint_Alpha,Kinetic Agitation Spike,100.0
2026-09-15 15:47:21,Checkpoint_Alpha,Kinetic Agitation Spike,45.81
2026-09-15 15:47:21,Checkpoint_Alpha,Kinetic Agitation Spike,66.41
2026-09-15 15:47:21,Checkpoint_Alpha,Kinetic Agitation Spike,100.0
2026-09-15 15:47:21,Checkpoint_Alpha,Kinetic Agitation Spike,67.87
2026-09-15 15:47:21,Checkpoint_Alpha,Kinetic Agitation Spike,69.57
2026-09-15 15:47:21,Checkpoint_Alpha,Kinetic Agitation Spike,49.42
2026-09-15 15:47:21,Checkpoint_Alpha,Kinetic Agitation Spike,48.25
2026-09-15 15:47:21,Checkpoint_Alpha,Kinetic Agitation Spike,68.48
2026-09-15 15:47:21,Checkpoint_Alpha,Kinetic Agitation Spike,69.23
2026-09-15 15:47:21,Checkpoint_Alpha,Kinetic Agitation Spike,48.8
2026-09-15 15:47:21,Checkpoint_Alpha,Kinetic Agitation Spike,78.64
2026-09-15 15:47:21,Checkpoint_Alpha,Kinetic Agitation Spike,63.97
2026-09-15 15:47:21,Checkpoint_Alpha,Kinetic Agitation Spike,80.24
2026-09-15 15:47:21,Checkpoint_Alpha,Kinetic Agitation Spike,58.49
2026-09-15 15:47:21,Checkpoint_Alpha,Kinetic Agitation Spike,47.91
2026-09-15 15:47:21,Checkpoint_Alpha,Kinetic Agitation Spike,66.37
2026-09-15 15:47:21,Checkpoint_Alpha,Kinetic Agitation Spike,64.2
2026-09-15 15:47:21,Checkpoint_Alpha,Kinetic Agitation Spike,94.69
2026-09-15 15:47:21,Checkpoint_Alpha,Kinetic Agitation Spike,58.47
2026-09-15 15:47:21,Checkpoint_Alpha,Kinetic Agitation Spike,89.36
2026-09-15 15:47:21,Checkpoint_Alpha,Kinetic Agitation Spike,47.07
2026-09-15 15:47:21,Checkpoint_Alpha,Kinetic Agitation Spike,57.9
2026-09-15 15:47:21,Checkpoint_Alpha,Kinetic Agitation Spike,100.0
2026-09-15 15:47:22,Checkpoint_Alpha,Kinetic Agitation Spike,45.03
2026-09-15 15:47:22,Checkpoint_Alpha,Kinetic Agitation Spike,50.66
2026-09-15 15:47:22,Checkpoint_Alpha,Kinetic Agitation Spike,55.71
2026-09-15 15:47:22,Checkpoint_Alpha,Kinetic Agitation Spike,66.19
2026-09-15 15:47:22,Checkpoint_Alpha,Kinetic Agitation Spike,75.11
2026-09-15 15:47:22,Checkpoint_Alpha,Kinetic Agitation Spike,87.03
2026-09-15 15:47:22,Checkpoint_Alpha,Kinetic Agitation Spike,68.87
2026-09-15 15:47:22,Checkpoint_Alpha,Kinetic Agitation Spike,50.04
2026-09-15 15:47:22,Checkpoint_Alpha,Kinetic Agitation Spike,64.42
2026-09-15 15:47:22,Checkpoint_Alpha,Kinetic Agitation Spike,65.04
2026-09-15 15:47:22,Checkpoint_Alpha,Kinetic Agitation Spike,73.72
2026-09-15 15:47:22,Checkpoint_Alpha,Kinetic Agitation Spike,59.13
2026-09-15 15:47:22,Checkpoint_Alpha,Kinetic Agitation Spike,84.48
2026-09-15 15:47:22,Checkpoint_Alpha,Kinetic Agitation Spike,55.55
2026-09-15 15:47:22,Checkpoint_Alpha,Kinetic Agitation Spike,66.41
2026-09-15 15:47:22,Checkpoint_Alpha,Kinetic Agitation Spike,61.7
2026-09-15 15:47:22,Checkpoint_Alpha,Kinetic Agitation Spike,71.75
2026-09-15 15:47:22,Checkpoint_Alpha,Kinetic Agitation Spike,62.21
2026-09-15 15:47:22,Checkpoint_Alpha,Kinetic Agitation Spike,81.1
2026-09-15 15:47:22,Checkpoint_Alpha,Kinetic Agitation Spike,52.09
2026-09-15 15:47:22,Checkpoint_Alpha,Kinetic Agitation Spike,49.64
2026-09-15 15:47:22,Checkpoint_Alpha,Kinetic Agitation Spike,66.3
2026-09-15 15:47:22,Checkpoint_Alpha,Kinetic Agitation Spike,87.54
2026-09-15 15:47:22,Checkpoint_Alpha,Kinetic Agitation Spike,50.86
2026-09-15 15:47:22,Checkpoint_Alpha,Kinetic Agitation Spike,48.51
2026-09-15 15:47:22,Checkpoint_Alpha,Kinetic Agitation Spike,54.56
2026-09-15 15:47:22,Checkpoint_Alpha,Kinetic Agitation Spike,90.46
2026-09-15 15:47:22,Checkpoint_Alpha,Kinetic Agitation Spike,64.33
2026-09-15 15:47:22,Checkpoint_Alpha,Kinetic Agitation Spike,49.82
2026-09-15 15:47:22,Checkpoint_Alpha,Kinetic Agitation Spike,54.86
2026-09-15 15:47:22,Checkpoint_Alpha,Kinetic Agitation Spike,56.71
2026-09-15 15:47:22,Checkpoint_Alpha,Kinetic Agitation Spike,76.45
2026-09-15 15:47:22,Checkpoint_Alpha,Kinetic Agitation Spike,57.04
2026-09-15 15:47:22,Checkpoint_Alpha,Kinetic Agitation Spike,77.53
2026-09-15 15:47:22,Checkpoint_Alpha,Kinetic Agitation Spike,48.83
2026-09-15 15:47:22,Checkpoint_Alpha,Kinetic Agitation Spike,65.78
2026-09-15 15:47:22,Checkpoint_Alpha,Kinetic Agitation Spike,51.41
2026-09-15 15:47:22,Checkpoint_Alpha,Kinetic Agitation Spike,85.23
2026-09-15 15:47:22,Checkpoint_Alpha,Kinetic Agitation Spike,54.29
2026-09-15 15:47:23,Checkpoint_Alpha,Kinetic Agitation Spike,52.89
2026-09-15 15:47:23,Checkpoint_Alpha,Kinetic Agitation Spike,83.33
2026-09-15 15:47:23,Checkpoint_Alpha,Kinetic Agitation Spike,50.28
2026-09-15 15:47:23,Checkpoint_Alpha,Kinetic Agitation Spike,98.03
2026-09-15 15:47:23,Checkpoint_Alpha,Kinetic Agitation Spike,59.52
2026-09-15 15:47:23,Checkpoint_Alpha,Kinetic Agitation Spike,54.56
2026-09-15 15:47:23,Checkpoint_Alpha,Kinetic Agitation Spike,70.14
2026-09-15 15:47:23,Checkpoint_Alpha,Kinetic Agitation Spike,72.46
2026-09-15 15:47:23,Checkpoint_Alpha,Kinetic Agitation Spike,55.77
2026-09-15 15:47:23,Checkpoint_Alpha,Kinetic Agitation Spike,73.61
2026-09-15 15:47:23,Checkpoint_Alpha,Kinetic Agitation Spike,69.49
2026-09-15 15:47:23,Checkpoint_Alpha,Kinetic Agitation Spike,72.78
2026-09-15 15:47:23,Checkpoint_Alpha,Kinetic Agitation Spike,82.76
2026-09-15 15:47:23,Checkpoint_Alpha,Kinetic Agitation Spike,63.06
2026-09-15 15:47:23,Checkpoint_Alpha,Kinetic Agitation Spike,46.84
2026-09-15 15:47:23,Checkpoint_Alpha,Kinetic Agitation Spike,100.0
2026-09-15 15:47:23,Checkpoint_Alpha,Kinetic Agitation Spike,63.39
2026-09-15 15:47:23,Checkpoint_Alpha,Kinetic Agitation Spike,66.63
2026-09-15 15:47:23,Checkpoint_Alpha,Kinetic Agitation Spike,83.9
2026-09-15 15:47:23,Checkpoint_Alpha,Kinetic Agitation Spike,54.66
2026-09-15 15:47:23,Checkpoint_Alpha,Kinetic Agitation Spike,45.05
2026-09-15 15:47:23,Checkpoint_Alpha,Kinetic Agitation Spike,49.38
2026-09-15 15:47:23,Checkpoint_Alpha,Kinetic Agitation Spike,45.34
2026-09-15 15:47:23,Checkpoint_Alpha,Kinetic Agitation Spike,56.9
2026-09-15 15:47:23,Checkpoint_Alpha,Kinetic Agitation Spike,50.53
2026-09-15 15:47:23,Checkpoint_Alpha,Kinetic Agitation Spike,47.81
2026-09-15 15:47:23,Checkpoint_Alpha,Kinetic Agitation Spike,51.67
2026-09-15 15:47:23,Checkpoint_Alpha,Kinetic Agitation Spike,55.91
2026-09-15 15:47:23,Checkpoint_Alpha,Kinetic Agitation Spike,71.41
2026-09-15 15:47:24,Checkpoint_Alpha,Kinetic Agitation Spike,73.45
2026-09-15 15:47:24,Checkpoint_Alpha,Kinetic Agitation Spike,73.38
2026-09-15 15:47:24,Checkpoint_Alpha,Kinetic Agitation Spike,50.12
2026-09-15 15:47:24,Checkpoint_Alpha,Kinetic Agitation Spike,65.56
2026-09-15 15:47:24,Checkpoint_Alpha,Kinetic Agitation Spike,47.92
2026-09-15 15:47:24,Checkpoint_Alpha,Kinetic Agitation Spike,68.97
2026-09-15 15:47:24,Checkpoint_Alpha,Kinetic Agitation Spike,71.12
2026-09-15 15:47:24,Checkpoint_Alpha,Kinetic Agitation Spike,68.64
2026-09-15 15:47:24,Checkpoint_Alpha,Kinetic Agitation Spike,52.11
2026-09-15 15:47:24,Checkpoint_Alpha,Kinetic Agitation Spike,54.48
2026-09-15 15:47:24,Checkpoint_Alpha,Kinetic Agitation Spike,47.17
2026-09-15 15:47:24,Checkpoint_Alpha,Kinetic Agitation Spike,53.36
2026-09-15 15:47:24,Checkpoint_Alpha,Kinetic Agitation Spike,51.69
2026-09-15 15:47:24,Checkpoint_Alpha,Kinetic Agitation Spike,51.02
2026-09-15 15:47:24,Checkpoint_Alpha,Kinetic Agitation Spike,100.0
2026-09-15 15:47:24,Checkpoint_Alpha,Kinetic Agitation Spike,52.14
2026-09-15 15:47:24,Checkpoint_Alpha,Kinetic Agitation Spike,46.57
2026-09-15 15:47:24,Checkpoint_Alpha,Kinetic Agitation Spike,48.89
2026-09-15 15:47:24,Checkpoint_Alpha,Kinetic Agitation Spike,76.96
2026-09-15 15:47:24,Checkpoint_Alpha,Kinetic Agitation Spike,62.59
2026-09-15 15:47:24,Checkpoint_Alpha,Kinetic Agitation Spike,64.67
2026-09-15 15:47:24,Checkpoint_Alpha,Kinetic Agitation Spike,48.99
2026-09-15 15:47:24,Checkpoint_Alpha,Kinetic Agitation Spike,93.25
2026-09-15 15:47:24,Checkpoint_Alpha,Kinetic Agitation Spike,49.97
2026-09-15 15:47:24,Checkpoint_Alpha,Kinetic Agitation Spike,79.2
2026-09-15 15:47:24,Checkpoint_Alpha,Kinetic Agitation Spike,75.73
2026-09-15 15:47:24,Checkpoint_Alpha,Kinetic Agitation Spike,53.25
2026-09-15 15:47:24,Checkpoint_Alpha,Kinetic Agitation Spike,46.77
2026-09-15 15:47:24,Checkpoint_Alpha,Kinetic Agitation Spike,63.78
2026-09-15 15:47:24,Checkpoint_Alpha,Kinetic Agitation Spike,45.79
2026-09-15 15:47:24,Checkpoint_Alpha,Kinetic Agitation Spike,83.46
2026-09-15 15:47:24,Checkpoint_Alpha,Kinetic Agitation Spike,55.88
2026-09-15 15:47:24,Checkpoint_Alpha,Kinetic Agitation Spike,66.68
2026-09-15 15:47:24,Checkpoint_Alpha,Kinetic Agitation Spike,48.24
2026-09-15 15:47:25,Checkpoint_Alpha,Kinetic Agitation Spike,51.07
2026-09-15 15:47:25,Checkpoint_Alpha,Kinetic Agitation Spike,54.57
2026-09-15 15:47:25,Checkpoint_Alpha,Kinetic Agitation Spike,64.44
2026-09-15 15:47:25,Checkpoint_Alpha,Kinetic Agitation Spike,61.63
2026-09-15 15:47:25,Checkpoint_Alpha,Kinetic Agitation Spike,71.94
2026-09-15 15:47:25,Checkpoint_Alpha,Kinetic Agitation Spike,100.0
2026-09-15 15:47:25,Checkpoint_Alpha,Kinetic Agitation Spike,45.35
2026-09-15 15:47:25,Checkpoint_Alpha,Kinetic Agitation Spike,65.43
2026-09-15 15:47:25,Checkpoint_Alpha,Kinetic Agitation Spike,64.14
2026-09-15 15:47:25,Checkpoint_Alpha,Kinetic Agitation Spike,62.09
2026-09-15 15:47:25,Checkpoint_Alpha,Kinetic Agitation Spike,60.06
2026-09-15 15:47:25,Checkpoint_Alpha,Kinetic Agitation Spike,53.52
2026-09-15 15:47:25,Checkpoint_Alpha,Kinetic Agitation Spike,51.03
2026-09-15 15:47:25,Checkpoint_Alpha,Kinetic Agitation Spike,71.74
2026-09-15 15:47:25,Checkpoint_Alpha,Kinetic Agitation Spike,76.23
2026-09-15 15:47:25,Checkpoint_Alpha,Kinetic Agitation Spike,47.48
2026-09-15 15:47:25,Checkpoint_Alpha,Kinetic Agitation Spike,63.64
2026-09-15 15:47:25,Checkpoint_Alpha,Kinetic Agitation Spike,45.75
2026-09-15 15:47:25,Checkpoint_Alpha,Kinetic Agitation Spike,78.43
2026-09-15 15:47:25,Checkpoint_Alpha,Kinetic Agitation Spike,59.07
2026-09-15 15:47:25,Checkpoint_Alpha,Kinetic Agitation Spike,53.96
2026-09-15 15:47:25,Checkpoint_Alpha,Kinetic Agitation Spike,94.65
2026-09-15 15:47:25,Checkpoint_Alpha,Kinetic Agitation Spike,89.33
2026-09-15 15:47:25,Checkpoint_Alpha,Kinetic Agitation Spike,66.13
2026-09-15 15:47:25,Checkpoint_Alpha,Kinetic Agitation Spike,62.77
2026-09-15 15:47:25,Checkpoint_Alpha,Kinetic Agitation Spike,46.72
2026-09-15 15:47:25,Checkpoint_Alpha,Kinetic Agitation Spike,59.13
2026-09-15 15:47:25,Checkpoint_Alpha,Kinetic Agitation Spike,77.53
2026-09-15 15:47:25,Checkpoint_Alpha,Kinetic Agitation Spike,72.87
2026-09-15 15:47:25,Checkpoint_Alpha,Kinetic Agitation Spike,71.74
2026-09-15 15:47:25,Checkpoint_Alpha,Kinetic Agitation Spike,53.78
2026-09-15 15:47:25,Checkpoint_Alpha,Kinetic Agitation Spike,57.59
2026-09-15 15:47:25,Checkpoint_Alpha,Kinetic Agitation Spike,55.39
2026-09-15 15:47:25,Checkpoint_Alpha,Kinetic Agitation Spike,46.58
2026-09-15 15:47:25,Checkpoint_Alpha,Kinetic Agitation Spike,65.87
2026-09-15 15:47:25,Checkpoint_Alpha,Kinetic Agitation Spike,81.97
2026-09-15 15:47:25,Checkpoint_Alpha,Kinetic Agitation Spike,50.14
2026-09-15 15:47:25,Checkpoint_Alpha,Kinetic Agitation Spike,45.65
2026-09-15 15:47:25,Checkpoint_Alpha,Kinetic Agitation Spike,53.24
2026-09-15 15:47:25,Checkpoint_Alpha,Kinetic Agitation Spike,63.15
2026-09-15 15:47:25,Checkpoint_Alpha,Kinetic Agitation Spike,51.76
2026-09-15 15:47:25,Checkpoint_Alpha,Kinetic Agitation Spike,66.37
2026-09-15 15:47:25,Checkpoint_Alpha,Kinetic Agitation Spike,45.64
2026-09-15 15:47:25,Checkpoint_Alpha,Kinetic Agitation Spike,53.94
2026-09-15 15:47:25,Checkpoint_Alpha,Kinetic Agitation Spike,82.27
2026-09-15 15:47:25,Checkpoint_Alpha,Kinetic Agitation Spike,61.87
2026-09-15 15:47:25,Checkpoint_Alpha,Kinetic Agitation Spike,100.0
2026-09-15 15:47:26,Checkpoint_Alpha,Kinetic Agitation Spike,50.94
2026-09-15 15:47:26,Checkpoint_Alpha,Kinetic Agitation Spike,61.34
2026-09-15 15:47:26,Checkpoint_Alpha,Kinetic Agitation Spike,74.85
2026-09-15 15:47:26,Checkpoint_Alpha,Kinetic Agitation Spike,61.4
2026-09-15 15:47:26,Checkpoint_Alpha,Kinetic Agitation Spike,66.9
2026-09-15 15:47:26,Checkpoint_Alpha,Kinetic Agitation Spike,81.88
2026-09-15 15:47:26,Checkpoint_Alpha,Kinetic Agitation Spike,51.09
2026-09-15 15:47:26,Checkpoint_Alpha,Kinetic Agitation Spike,77.94
2026-09-15 15:47:26,Checkpoint_Alpha,Kinetic Agitation Spike,100.0
2026-09-15 15:47:26,Checkpoint_Alpha,Kinetic Agitation Spike,46.41
2026-09-15 15:47:26,Checkpoint_Alpha,Kinetic Agitation Spike,92.28
2026-09-15 15:47:26,Checkpoint_Alpha,Kinetic Agitation Spike,95.67
2026-09-15 15:47:26,Checkpoint_Alpha,Kinetic Agitation Spike,68.62
2026-09-15 15:47:26,Checkpoint_Alpha,Kinetic Agitation Spike,68.34
2026-09-15 15:47:26,Checkpoint_Alpha,Kinetic Agitation Spike,50.93
2026-09-15 15:47:26,Checkpoint_Alpha,Kinetic Agitation Spike,52.04
2026-09-15 15:47:26,Checkpoint_Alpha,Kinetic Agitation Spike,77.67
2026-09-15 15:47:26,Checkpoint_Alpha,Kinetic Agitation Spike,66.59
2026-09-15 15:47:26,Checkpoint_Alpha,Kinetic Agitation Spike,76.53
2026-09-15 15:47:26,Checkpoint_Alpha,Kinetic Agitation Spike,68.01
2026-09-15 15:47:26,Checkpoint_Alpha,Kinetic Agitation Spike,49.99
2026-09-15 15:47:26,Checkpoint_Alpha,Kinetic Agitation Spike,56.72
2026-09-15 15:47:26,Checkpoint_Alpha,Kinetic Agitation Spike,50.01
2026-09-15 15:47:26,Checkpoint_Alpha,Kinetic Agitation Spike,59.01
2026-09-15 15:47:26,Checkpoint_Alpha,Kinetic Agitation Spike,100.0
2026-09-15 15:47:26,Checkpoint_Alpha,Kinetic Agitation Spike,74.59
2026-09-15 15:47:26,Checkpoint_Alpha,Kinetic Agitation Spike,61.45
2026-09-15 15:47:26,Checkpoint_Alpha,Kinetic Agitation Spike,79.86
2026-09-15 15:47:26,Checkpoint_Alpha,Kinetic Agitation Spike,49.82
2026-09-15 15:47:26,Checkpoint_Alpha,Kinetic Agitation Spike,57.85
2026-09-15 15:47:26,Checkpoint_Alpha,Kinetic Agitation Spike,84.25
2026-09-15 15:47:26,Checkpoint_Alpha,Kinetic Agitation Spike,48.06
2026-09-15 15:47:26,Checkpoint_Alpha,Kinetic Agitation Spike,49.56
2026-09-15 15:47:26,Checkpoint_Alpha,Kinetic Agitation Spike,49.78
2026-09-15 15:47:26,Checkpoint_Alpha,Kinetic Agitation Spike,51.52
2026-09-15 15:47:26,Checkpoint_Alpha,Kinetic Agitation Spike,100.0
2026-09-15 15:47:26,Checkpoint_Alpha,Kinetic Agitation Spike,70.44
2026-09-15 15:47:26,Checkpoint_Alpha,Kinetic Agitation Spike,51.93
2026-09-15 15:47:26,Checkpoint_Alpha,Kinetic Agitation Spike,51.91
2026-09-15 15:47:26,Checkpoint_Alpha,Kinetic Agitation Spike,54.31
2026-09-15 15:47:26,Checkpoint_Alpha,Kinetic Agitation Spike,100.0
2026-09-15 15:47:26,Checkpoint_Alpha,Kinetic Agitation Spike,49.29
2026-09-15 15:47:26,Checkpoint_Alpha,Kinetic Agitation Spike,68.2
2026-09-15 15:47:26,Checkpoint_Alpha,Kinetic Agitation Spike,75.02
2026-09-15 15:47:27,Checkpoint_Alpha,Kinetic Agitation Spike,59.86
2026-09-15 15:47:27,Checkpoint_Alpha,Kinetic Agitation Spike,79.67
2026-09-15 15:47:27,Checkpoint_Alpha,Kinetic Agitation Spike,99.93
2026-09-15 15:47:27,Checkpoint_Alpha,Kinetic Agitation Spike,50.84
2026-09-15 15:47:27,Checkpoint_Alpha,Kinetic Agitation Spike,46.53
2026-09-15 15:47:27,Checkpoint_Alpha,Kinetic Agitation Spike,52.52
2026-09-15 15:47:27,Checkpoint_Alpha,Kinetic Agitation Spike,91.79
2026-09-15 15:47:27,Checkpoint_Alpha,Kinetic Agitation Spike,66.06
2026-09-15 15:47:27,Checkpoint_Alpha,Kinetic Agitation Spike,80.79
2026-09-15 15:47:27,Checkpoint_Alpha,Kinetic Agitation Spike,80.37
2026-09-15 15:47:27,Checkpoint_Alpha,Kinetic Agitation Spike,66.52
2026-09-15 15:47:27,Checkpoint_Alpha,Kinetic Agitation Spike,74.35
2026-09-15 15:47:27,Checkpoint_Alpha,Kinetic Agitation Spike,93.56
2026-09-15 15:47:27,Checkpoint_Alpha,Kinetic Agitation Spike,52.22
2026-09-15 15:47:27,Checkpoint_Alpha,Kinetic Agitation Spike,56.96
2026-09-15 15:47:27,Checkpoint_Alpha,Kinetic Agitation Spike,45.05
2026-09-15 15:47:27,Checkpoint_Alpha,Kinetic Agitation Spike,52.14
2026-09-15 15:47:27,Checkpoint_Alpha,Kinetic Agitation Spike,54.21
2026-09-15 15:47:27,Checkpoint_Alpha,Kinetic Agitation Spike,49.25
2026-09-15 15:47:27,Checkpoint_Alpha,Kinetic Agitation Spike,71.1
2026-09-15 15:47:27,Checkpoint_Alpha,Kinetic Agitation Spike,48.94
2026-09-15 15:47:27,Checkpoint_Alpha,Kinetic Agitation Spike,52.48
2026-09-15 15:47:27,Checkpoint_Alpha,Kinetic Agitation Spike,55.46
2026-09-15 15:47:27,Checkpoint_Alpha,Kinetic Agitation Spike,48.69
2026-09-15 15:47:27,Checkpoint_Alpha,Kinetic Agitation Spike,100.0
2026-09-15 15:47:27,Checkpoint_Alpha,Kinetic Agitation Spike,65.4
2026-09-15 15:47:27,Checkpoint_Alpha,Kinetic Agitation Spike,48.18
2026-09-15 15:47:27,Checkpoint_Alpha,Kinetic Agitation Spike,100.0
2026-09-15 15:47:27,Checkpoint_Alpha,Kinetic Agitation Spike,87.82
2026-09-15 15:47:27,Checkpoint_Alpha,Kinetic Agitation Spike,87.07
2026-09-15 15:47:27,Checkpoint_Alpha,Kinetic Agitation Spike,45.87
2026-09-15 15:47:27,Checkpoint_Alpha,Kinetic Agitation Spike,49.51
2026-09-15 15:47:27,Checkpoint_Alpha,Kinetic Agitation Spike,61.99
2026-09-15 15:47:27,Checkpoint_Alpha,Kinetic Agitation Spike,66.05
2026-09-15 15:47:27,Checkpoint_Alpha,Kinetic Agitation Spike,75.53
2026-09-15 15:47:28,Checkpoint_Alpha,Kinetic Agitation Spike,66.93
2026-09-15 15:47:28,Checkpoint_Alpha,Kinetic Agitation Spike,48.23
2026-09-15 15:47:28,Checkpoint_Alpha,Kinetic Agitation Spike,67.8
2026-09-15 15:47:28,Checkpoint_Alpha,Kinetic Agitation Spike,62.15
2026-09-15 15:47:28,Checkpoint_Alpha,Kinetic Agitation Spike,59.26
2026-09-15 15:47:28,Checkpoint_Alpha,Kinetic Agitation Spike,67.76
2026-09-15 15:47:28,Checkpoint_Alpha,Kinetic Agitation Spike,100.0
2026-09-15 15:47:28,Checkpoint_Alpha,Kinetic Agitation Spike,53.17
2026-09-15 15:47:28,Checkpoint_Alpha,Kinetic Agitation Spike,97.65
2026-09-15 15:47:28,Checkpoint_Alpha,Kinetic Agitation Spike,68.27
2026-09-15 15:47:28,Checkpoint_Alpha,Kinetic Agitation Spike,72.68
2026-09-15 15:47:28,Checkpoint_Alpha,Kinetic Agitation Spike,56.37
2026-09-15 15:47:28,Checkpoint_Alpha,Kinetic Agitation Spike,100.0
2026-09-15 15:47:28,Checkpoint_Alpha,Kinetic Agitation Spike,46.59
2026-09-15 15:47:28,Checkpoint_Alpha,Kinetic Agitation Spike,100.0
2026-09-15 15:47:28,Checkpoint_Alpha,Kinetic Agitation Spike,61.33
2026-09-15 15:47:28,Checkpoint_Alpha,Kinetic Agitation Spike,56.82
2026-09-15 15:47:28,Checkpoint_Alpha,Kinetic Agitation Spike,46.64
2026-09-15 15:47:28,Checkpoint_Alpha,Kinetic Agitation Spike,82.24
2026-09-15 15:47:28,Checkpoint_Alpha,Kinetic Agitation Spike,95.69
2026-09-15 15:47:28,Checkpoint_Alpha,Kinetic Agitation Spike,73.11
2026-09-15 15:47:28,Checkpoint_Alpha,Kinetic Agitation Spike,72.63
2026-09-15 15:47:28,Checkpoint_Alpha,Kinetic Agitation Spike,63.73
2026-09-15 15:47:28,Checkpoint_Alpha,Kinetic Agitation Spike,57.29
2026-09-15 15:47:28,Checkpoint_Alpha,Kinetic Agitation Spike,95.91
2026-09-15 15:47:28,Checkpoint_Alpha,Kinetic Agitation Spike,48.72
2026-09-15 15:47:28,Checkpoint_Alpha,Kinetic Agitation Spike,71.48
2026-09-15 15:47:28,Checkpoint_Alpha,Kinetic Agitation Spike,100.0
2026-09-15 15:47:28,Checkpoint_Alpha,Kinetic Agitation Spike,88.15
2026-09-15 15:47:28,Checkpoint_Alpha,Kinetic Agitation Spike,67.35
2026-09-15 15:47:28,Checkpoint_Alpha,Kinetic Agitation Spike,76.58
2026-09-15 15:47:28,Checkpoint_Alpha,Kinetic Agitation Spike,60.15
2026-09-15 15:47:28,Checkpoint_Alpha,Kinetic Agitation Spike,100.0
2026-09-15 15:47:28,Checkpoint_Alpha,Kinetic Agitation Spike,98.36
2026-09-15 15:47:28,Checkpoint_Alpha,Kinetic Agitation Spike,49.7
2026-09-15 15:47:28,Checkpoint_Alpha,Kinetic Agitation Spike,62.3
2026-09-15 15:47:28,Checkpoint_Alpha,Kinetic Agitation Spike,62.68
2026-09-15 15:47:28,Checkpoint_Alpha,Kinetic Agitation Spike,83.96
2026-09-15 15:47:28,Checkpoint_Alpha,Kinetic Agitation Spike,53.26
2026-09-15 15:47:28,Checkpoint_Alpha,Kinetic Agitation Spike,93.2
2026-09-15 15:47:28,Checkpoint_Alpha,Kinetic Agitation Spike,49.79
2026-09-15 15:47:28,Checkpoint_Alpha,Kinetic Agitation Spike,46.69
2026-09-15 15:47:28,Checkpoint_Alpha,Kinetic Agitation Spike,50.31
2026-09-15 15:47:28,Checkpoint_Alpha,Kinetic Agitation Spike,100.0
2026-09-15 15:47:28,Checkpoint_Alpha,Kinetic Agitation Spike,47.54
2026-09-15 15:47:28,Checkpoint_Alpha,Kinetic Agitation Spike,58.55
2026-09-15 15:47:29,Checkpoint_Alpha,Kinetic Agitation Spike,76.34
2026-09-15 15:47:29,Checkpoint_Alpha,Kinetic Agitation Spike,50.63
2026-09-15 15:47:29,Checkpoint_Alpha,Kinetic Agitation Spike,61.24
2026-09-15 15:47:29,Checkpoint_Alpha,Kinetic Agitation Spike,89.66
2026-09-15 15:47:29,Checkpoint_Alpha,Kinetic Agitation Spike,80.36
2026-09-15 15:47:29,Checkpoint_Alpha,Kinetic Agitation Spike,56.75
2026-09-15 15:47:29,Checkpoint_Alpha,Kinetic Agitation Spike,61.56
2026-09-15 15:47:29,Checkpoint_Alpha,Kinetic Agitation Spike,68.08
2026-09-15 15:47:29,Checkpoint_Alpha,Kinetic Agitation Spike,60.68
2026-09-15 15:47:29,Checkpoint_Alpha,Kinetic Agitation Spike,52.18
2026-09-15 15:47:29,Checkpoint_Alpha,Kinetic Agitation Spike,58.88
2026-09-15 15:47:29,Checkpoint_Alpha,Kinetic Agitation Spike,67.17
2026-09-15 15:47:29,Checkpoint_Alpha,Kinetic Agitation Spike,100.0
2026-09-15 15:47:29,Checkpoint_Alpha,Kinetic Agitation Spike,74.33
2026-09-15 15:47:29,Checkpoint_Alpha,Kinetic Agitation Spike,58.21
2026-09-15 15:47:29,Checkpoint_Alpha,Kinetic Agitation Spike,60.35
2026-09-15 15:47:29,Checkpoint_Alpha,Kinetic Agitation Spike,90.79
2026-09-15 15:47:30,Checkpoint_Alpha,Kinetic Agitation Spike,100.0
2026-09-15 15:47:30,Checkpoint_Alpha,Kinetic Agitation Spike,71.03
2026-09-15 15:47:30,Checkpoint_Alpha,Kinetic Agitation Spike,59.72
2026-09-15 15:47:30,Checkpoint_Alpha,Kinetic Agitation Spike,100.0
2026-09-15 15:47:30,Checkpoint_Alpha,Kinetic Agitation Spike,70.03
2026-09-15 15:47:30,Checkpoint_Alpha,Kinetic Agitation Spike,74.35
2026-09-15 15:47:30,Checkpoint_Alpha,Kinetic Agitation Spike,90.46
2026-09-15 15:47:30,Checkpoint_Alpha,Kinetic Agitation Spike,99.28
2026-09-15 15:47:30,Checkpoint_Alpha,Kinetic Agitation Spike,69.9
2026-09-15 15:47:30,Checkpoint_Alpha,Kinetic Agitation Spike,83.95
2026-09-15 15:47:30,Checkpoint_Alpha,Kinetic Agitation Spike,57.07
2026-09-15 15:47:30,Checkpoint_Alpha,Kinetic Agitation Spike,45.1
2026-09-15 15:47:30,Checkpoint_Alpha,Kinetic Agitation Spike,46.87
2026-09-15 15:47:30,Checkpoint_Alpha,Kinetic Agitation Spike,58.84
2026-09-15 15:47:30,Checkpoint_Alpha,Kinetic Agitation Spike,47.71
2026-09-15 15:47:30,Checkpoint_Alpha,Kinetic Agitation Spike,95.62
2026-09-15 15:47:30,Checkpoint_Alpha,Kinetic Agitation Spike,45.45
2026-09-15 15:47:30,Checkpoint_Alpha,Kinetic Agitation Spike,65.6
2026-09-15 15:47:30,Checkpoint_Alpha,Kinetic Agitation Spike,51.19
2026-09-15 15:47:31,Checkpoint_Alpha,Kinetic Agitation Spike,68.97
2026-09-15 15:47:31,Checkpoint_Alpha,Kinetic Agitation Spike,53.06
2026-09-15 15:47:31,Checkpoint_Alpha,Kinetic Agitation Spike,49.02
2026-09-15 15:47:31,Checkpoint_Alpha,Kinetic Agitation Spike,66.97
2026-09-15 15:47:31,Checkpoint_Alpha,Kinetic Agitation Spike,70.44
2026-09-15 15:47:31,Checkpoint_Alpha,Kinetic Agitation Spike,83.96
2026-09-15 15:47:31,Checkpoint_Alpha,Kinetic Agitation Spike,100.0
2026-09-15 15:47:31,Checkpoint_Alpha,Kinetic Agitation Spike,78.38
2026-09-15 15:47:31,Checkpoint_Alpha,Kinetic Agitation Spike,45.16
2026-09-15 15:47:31,Checkpoint_Alpha,Kinetic Agitation Spike,85.41
2026-09-15 15:47:31,Checkpoint_Alpha,Kinetic Agitation Spike,63.34
2026-09-15 15:47:32,Checkpoint_Alpha,Kinetic Agitation Spike,58.85
2026-09-15 15:47:32,Checkpoint_Alpha,Kinetic Agitation Spike,50.91
2026-09-15 15:47:32,Checkpoint_Alpha,Kinetic Agitation Spike,48.69
2026-09-15 15:47:32,Checkpoint_Alpha,Kinetic Agitation Spike,48.65
2026-09-15 15:47:32,Checkpoint_Alpha,Kinetic Agitation Spike,46.48
2026-09-15 15:47:32,Checkpoint_Alpha,Kinetic Agitation Spike,50.33
2026-09-15 15:47:32,Checkpoint_Alpha,Kinetic Agitation Spike,50.39
2026-09-15 15:47:32,Checkpoint_Alpha,Kinetic Agitation Spike,47.71
2026-09-15 15:47:32,Checkpoint_Alpha,Kinetic Agitation Spike,46.65
2026-09-15 15:47:32,Checkpoint_Alpha,Kinetic Agitation Spike,50.3
2026-09-15 15:47:32,Checkpoint_Alpha,Kinetic Agitation Spike,71.68
2026-09-15 15:47:32,Checkpoint_Alpha,Kinetic Agitation Spike,92.99
2026-09-15 15:47:32,Checkpoint_Alpha,Kinetic Agitation Spike,75.15
2026-09-15 15:47:32,Checkpoint_Alpha,Kinetic Agitation Spike,52.62
2026-09-15 15:47:32,Checkpoint_Alpha,Kinetic Agitation Spike,59.41
2026-09-15 15:47:33,Checkpoint_Alpha,Kinetic Agitation Spike,48.98
2026-09-15 15:47:33,Checkpoint_Alpha,Kinetic Agitation Spike,62.21
2026-09-15 15:47:33,Checkpoint_Alpha,Kinetic Agitation Spike,84.62
2026-09-15 15:47:33,Checkpoint_Alpha,Kinetic Agitation Spike,86.64
2026-09-15 15:47:33,Checkpoint_Alpha,Kinetic Agitation Spike,100.0
2026-09-15 15:47:33,Checkpoint_Alpha,Kinetic Agitation Spike,84.55
2026-09-15 15:47:33,Checkpoint_Alpha,Kinetic Agitation Spike,66.3
2026-09-15 15:47:33,Checkpoint_Alpha,Kinetic Agitation Spike,65.46
2026-09-15 15:47:33,Checkpoint_Alpha,Kinetic Agitation Spike,61.59
2026-09-15 15:47:33,Checkpoint_Alpha,Kinetic Agitation Spike,50.63
2026-09-15 15:47:33,Checkpoint_Alpha,Kinetic Agitation Spike,70.08
2026-09-15 15:47:33,Checkpoint_Alpha,Kinetic Agitation Spike,100.0
2026-09-15 15:47:33,Checkpoint_Alpha,Kinetic Agitation Spike,89.24
2026-09-15 15:47:33,Checkpoint_Alpha,Kinetic Agitation Spike,88.66
2026-09-15 15:47:33,Checkpoint_Alpha,Kinetic Agitation Spike,46.57
2026-09-15 15:47:33,Checkpoint_Alpha,Kinetic Agitation Spike,72.7
2026-09-15 15:47:33,Checkpoint_Alpha,Kinetic Agitation Spike,100.0
2026-09-15 15:47:33,Checkpoint_Alpha,Kinetic Agitation Spike,46.76
2026-09-15 15:47:33,Checkpoint_Alpha,Kinetic Agitation Spike,46.56
2026-09-15 15:47:33,Checkpoint_Alpha,Kinetic Agitation Spike,70.95
2026-09-15 15:47:33,Checkpoint_Alpha,Kinetic Agitation Spike,94.36
2026-09-15 15:47:33,Checkpoint_Alpha,Kinetic Agitation Spike,52.67
2026-09-15 15:47:33,Checkpoint_Alpha,Kinetic Agitation Spike,59.4
2026-09-15 15:47:33,Checkpoint_Alpha,Kinetic Agitation Spike,50.38
2026-09-15 15:47:33,Checkpoint_Alpha,Kinetic Agitation Spike,74.41
2026-09-15 15:47:33,Checkpoint_Alpha,Kinetic Agitation Spike,55.15
2026-09-15 15:47:33,Checkpoint_Alpha,Kinetic Agitation Spike,81.09
2026-09-15 15:47:33,Checkpoint_Alpha,Kinetic Agitation Spike,77.42
2026-09-15 15:47:33,Checkpoint_Alpha,Kinetic Agitation Spike,55.16
2026-09-15 15:47:33,Checkpoint_Alpha,Kinetic Agitation Spike,72.35
2026-09-15 15:47:33,Checkpoint_Alpha,Kinetic Agitation Spike,60.6
2026-09-15 15:47:33,Checkpoint_Alpha,Kinetic Agitation Spike,81.96
2026-09-15 15:47:34,Checkpoint_Alpha,Kinetic Agitation Spike,53.49
2026-09-15 15:47:34,Checkpoint_Alpha,Kinetic Agitation Spike,50.95
2026-09-15 15:47:34,Checkpoint_Alpha,Kinetic Agitation Spike,64.23
2026-09-15 15:47:34,Checkpoint_Alpha,Kinetic Agitation Spike,56.26
2026-09-15 15:47:34,Checkpoint_Alpha,Kinetic Agitation Spike,51.63
2026-09-15 15:47:34,Checkpoint_Alpha,Kinetic Agitation Spike,89.15
2026-09-15 15:47:34,Checkpoint_Alpha,Kinetic Agitation Spike,79.83
2026-09-15 15:47:34,Checkpoint_Alpha,Kinetic Agitation Spike,75.58
2026-09-15 15:47:34,Checkpoint_Alpha,Kinetic Agitation Spike,46.91
2026-09-15 15:47:34,Checkpoint_Alpha,Kinetic Agitation Spike,50.91
2026-09-15 15:47:34,Checkpoint_Alpha,Kinetic Agitation Spike,49.98
2026-09-15 15:47:34,Checkpoint_Alpha,Kinetic Agitation Spike,53.54
2026-09-15 15:47:34,Checkpoint_Alpha,Kinetic Agitation Spike,68.77
2026-09-15 15:47:34,Checkpoint_Alpha,Kinetic Agitation Spike,50.27
2026-09-15 15:47:34,Checkpoint_Alpha,Kinetic Agitation Spike,64.07
2026-09-15 15:47:34,Checkpoint_Alpha,Kinetic Agitation Spike,79.16
2026-09-15 15:47:34,Checkpoint_Alpha,Kinetic Agitation Spike,69.18
2026-09-15 15:47:34,Checkpoint_Alpha,Kinetic Agitation Spike,67.98
2026-09-15 15:47:34,Checkpoint_Alpha,Kinetic Agitation Spike,59.21
2026-09-15 15:47:34,Checkpoint_Alpha,Kinetic Agitation Spike,46.67
2026-09-15 15:47:34,Checkpoint_Alpha,Kinetic Agitation Spike,49.12
2026-09-15 15:47:34,Checkpoint_Alpha,Kinetic Agitation Spike,62.26
2026-09-15 15:47:34,Checkpoint_Alpha,Kinetic Agitation Spike,53.31
2026-09-15 15:47:34,Checkpoint_Alpha,Kinetic Agitation Spike,64.52
2026-09-15 15:47:35,Checkpoint_Alpha,Kinetic Agitation Spike,74.49
2026-09-15 15:47:35,Checkpoint_Alpha,Kinetic Agitation Spike,70.82
2026-09-15 15:47:35,Checkpoint_Alpha,Kinetic Agitation Spike,74.87
2026-09-15 15:47:35,Checkpoint_Alpha,Kinetic Agitation Spike,50.43
2026-09-15 15:47:35,Checkpoint_Alpha,Kinetic Agitation Spike,49.43
2026-09-15 15:47:35,Checkpoint_Alpha,Kinetic Agitation Spike,74.4
2026-09-15 15:47:35,Checkpoint_Alpha,Kinetic Agitation Spike,56.2
2026-09-15 15:47:35,Checkpoint_Alpha,Kinetic Agitation Spike,49.11
2026-09-15 15:47:35,Checkpoint_Alpha,Kinetic Agitation Spike,45.59
2026-09-15 15:47:35,Checkpoint_Alpha,Kinetic Agitation Spike,82.15
2026-09-15 15:47:35,Checkpoint_Alpha,Kinetic Agitation Spike,48.13
2026-09-15 15:47:35,Checkpoint_Alpha,Kinetic Agitation Spike,100.0
2026-09-15 15:47:35,Checkpoint_Alpha,Kinetic Agitation Spike,68.29
2026-09-15 15:47:35,Checkpoint_Alpha,Kinetic Agitation Spike,46.88
2026-09-15 15:47:35,Checkpoint_Alpha,Kinetic Agitation Spike,60.47
2026-09-15 15:47:35,Checkpoint_Alpha,Kinetic Agitation Spike,64.78
2026-09-15 15:47:35,Checkpoint_Alpha,Kinetic Agitation Spike,74.16
2026-09-15 15:47:35,Checkpoint_Alpha,Kinetic Agitation Spike,53.51
2026-09-15 15:47:35,Checkpoint_Alpha,Kinetic Agitation Spike,57.36
2026-09-15 15:47:35,Checkpoint_Alpha,Kinetic Agitation Spike,57.47
2026-09-15 15:47:35,Checkpoint_Alpha,Kinetic Agitation Spike,49.38
2026-09-15 15:47:35,Checkpoint_Alpha,Kinetic Agitation Spike,54.47
2026-09-15 15:47:35,Checkpoint_Alpha,Kinetic Agitation Spike,49.28
2026-09-15 15:47:35,Checkpoint_Alpha,Kinetic Agitation Spike,51.62
2026-09-15 15:47:35,Checkpoint_Alpha,Kinetic Agitation Spike,57.32
2026-09-15 15:47:35,Checkpoint_Alpha,Kinetic Agitation Spike,54.86
2026-09-15 15:47:36,Checkpoint_Alpha,Kinetic Agitation Spike,47.08
2026-09-15 15:47:36,Checkpoint_Alpha,Kinetic Agitation Spike,50.02
2026-09-15 15:47:36,Checkpoint_Alpha,Kinetic Agitation Spike,55.02
2026-09-15 15:47:36,Checkpoint_Alpha,Kinetic Agitation Spike,82.05
2026-09-15 15:47:36,Checkpoint_Alpha,Kinetic Agitation Spike,68.59
2026-09-15 15:47:36,Checkpoint_Alpha,Kinetic Agitation Spike,53.21
2026-09-15 15:47:36,Checkpoint_Alpha,Kinetic Agitation Spike,87.73
2026-09-15 15:47:36,Checkpoint_Alpha,Kinetic Agitation Spike,49.79
2026-09-15 15:47:36,Checkpoint_Alpha,Kinetic Agitation Spike,49.38
2026-09-15 15:47:36,Checkpoint_Alpha,Kinetic Agitation Spike,47.64
2026-09-15 15:47:36,Checkpoint_Alpha,Kinetic Agitation Spike,45.31
2026-09-15 15:47:36,Checkpoint_Alpha,Kinetic Agitation Spike,58.91
2026-09-15 15:47:36,Checkpoint_Alpha,Kinetic Agitation Spike,52.36
2026-09-15 15:47:36,Checkpoint_Alpha,Kinetic Agitation Spike,100.0
2026-09-15 15:47:36,Checkpoint_Alpha,Kinetic Agitation Spike,63.33
2026-09-15 15:47:36,Checkpoint_Alpha,Kinetic Agitation Spike,94.72
2026-09-15 15:47:36,Checkpoint_Alpha,Kinetic Agitation Spike,53.1
2026-09-15 15:47:36,Checkpoint_Alpha,Kinetic Agitation Spike,51.01
2026-09-15 15:47:36,Checkpoint_Alpha,Kinetic Agitation Spike,99.01
2026-09-15 15:47:36,Checkpoint_Alpha,Kinetic Agitation Spike,90.68
2026-09-15 15:47:36,Checkpoint_Alpha,Kinetic Agitation Spike,57.94
2026-09-15 15:47:36,Checkpoint_Alpha,Kinetic Agitation Spike,48.73
2026-09-15 15:47:36,Checkpoint_Alpha,Kinetic Agitation Spike,100.0
2026-09-15 15:47:36,Checkpoint_Alpha,Kinetic Agitation Spike,53.86
2026-09-15 15:47:36,Checkpoint_Alpha,Kinetic Agitation Spike,51.63
2026-09-15 15:47:36,Checkpoint_Alpha,Kinetic Agitation Spike,56.42
2026-09-15 15:47:36,Checkpoint_Alpha,Kinetic Agitation Spike,73.1
2026-09-15 15:47:37,Checkpoint_Alpha,Kinetic Agitation Spike,46.34
2026-09-15 15:47:37,Checkpoint_Alpha,Kinetic Agitation Spike,97.32
2026-09-15 15:47:37,Checkpoint_Alpha,Kinetic Agitation Spike,50.62
2026-09-15 15:47:37,Checkpoint_Alpha,Kinetic Agitation Spike,73.56
2026-09-15 15:47:37,Checkpoint_Alpha,Kinetic Agitation Spike,100.0
2026-09-15 15:47:37,Checkpoint_Alpha,Kinetic Agitation Spike,57.48
2026-09-15 15:47:37,Checkpoint_Alpha,Kinetic Agitation Spike,50.23
2026-09-15 15:47:37,Checkpoint_Alpha,Kinetic Agitation Spike,72.58
2026-09-15 15:47:37,Checkpoint_Alpha,Kinetic Agitation Spike,53.65
2026-09-15 15:47:37,Checkpoint_Alpha,Kinetic Agitation Spike,88.61
2026-09-15 15:47:37,Checkpoint_Alpha,Kinetic Agitation Spike,57.09
2026-09-15 15:47:38,Checkpoint_Alpha,Kinetic Agitation Spike,59.81
2026-09-15 15:47:38,Checkpoint_Alpha,Kinetic Agitation Spike,71.7
2026-09-15 15:47:38,Checkpoint_Alpha,Kinetic Agitation Spike,74.01
2026-09-15 15:47:38,Checkpoint_Alpha,Kinetic Agitation Spike,73.12
2026-09-15 15:47:38,Checkpoint_Alpha,Kinetic Agitation Spike,48.77
2026-09-15 15:47:38,Checkpoint_Alpha,Kinetic Agitation Spike,72.19
2026-09-15 15:47:38,Checkpoint_Alpha,Kinetic Agitation Spike,47.38
2026-09-15 15:47:38,Checkpoint_Alpha,Kinetic Agitation Spike,52.1
2026-09-15 15:47:38,Checkpoint_Alpha,Kinetic Agitation Spike,49.31
2026-09-15 15:47:38,Checkpoint_Alpha,Kinetic Agitation Spike,91.93
2026-09-15 15:47:38,Checkpoint_Alpha,Kinetic Agitation Spike,47.0
2026-09-15 15:47:38,Checkpoint_Alpha,Kinetic Agitation Spike,76.55
2026-09-15 15:47:38,Checkpoint_Alpha,Kinetic Agitation Spike,54.57
2026-09-15 15:47:38,Checkpoint_Alpha,Kinetic Agitation Spike,59.44
2026-09-15 15:47:38,Checkpoint_Alpha,Kinetic Agitation Spike,45.87
2026-09-15 15:47:38,Checkpoint_Alpha,Kinetic Agitation Spike,88.46
2026-09-15 15:47:38,Checkpoint_Alpha,Kinetic Agitation Spike,55.59
2026-09-15 15:47:38,Checkpoint_Alpha,Kinetic Agitation Spike,83.86
2026-09-15 15:47:38,Checkpoint_Alpha,Kinetic Agitation Spike,59.48
2026-09-15 15:47:38,Checkpoint_Alpha,Kinetic Agitation Spike,49.86
2026-09-15 15:47:38,Checkpoint_Alpha,Kinetic Agitation Spike,76.23
2026-09-15 15:47:38,Checkpoint_Alpha,Kinetic Agitation Spike,68.39
2026-09-15 15:47:38,Checkpoint_Alpha,Kinetic Agitation Spike,55.97
2026-09-15 15:47:38,Checkpoint_Alpha,Kinetic Agitation Spike,54.57
2026-09-15 15:47:38,Checkpoint_Alpha,Kinetic Agitation Spike,51.1
2026-09-15 15:47:38,Checkpoint_Alpha,Kinetic Agitation Spike,80.27
2026-09-15 15:47:38,Checkpoint_Alpha,Kinetic Agitation Spike,57.24
2026-09-15 15:47:38,Checkpoint_Alpha,Kinetic Agitation Spike,69.58
2026-09-15 15:47:38,Checkpoint_Alpha,Kinetic Agitation Spike,100.0
2026-09-15 15:47:38,Checkpoint_Alpha,Kinetic Agitation Spike,94.96
2026-09-15 15:47:38,Checkpoint_Alpha,Kinetic Agitation Spike,90.27
2026-09-15 15:47:38,Checkpoint_Alpha,Kinetic Agitation Spike,60.6
2026-09-15 15:47:38,Checkpoint_Alpha,Kinetic Agitation Spike,84.22
2026-09-15 15:47:38,Checkpoint_Alpha,Kinetic Agitation Spike,54.81
2026-09-15 15:47:38,Checkpoint_Alpha,Kinetic Agitation Spike,100.0
2026-09-15 15:47:38,Checkpoint_Alpha,Kinetic Agitation Spike,69.23
2026-09-15 15:47:39,Checkpoint_Alpha,Kinetic Agitation Spike,66.01
2026-09-15 15:47:39,Checkpoint_Alpha,Kinetic Agitation Spike,67.15
2026-09-15 15:47:39,Checkpoint_Alpha,Kinetic Agitation Spike,75.93
2026-09-15 15:47:39,Checkpoint_Alpha,Kinetic Agitation Spike,86.02
2026-09-15 15:47:39,Checkpoint_Alpha,Kinetic Agitation Spike,52.71
2026-09-15 15:47:39,Checkpoint_Alpha,Kinetic Agitation Spike,74.25
2026-09-15 15:47:39,Checkpoint_Alpha,Kinetic Agitation Spike,61.1
2026-09-15 15:47:39,Checkpoint_Alpha,Kinetic Agitation Spike,77.14
2026-09-15 15:47:39,Checkpoint_Alpha,Kinetic Agitation Spike,85.9
2026-09-15 15:47:39,Checkpoint_Alpha,Kinetic Agitation Spike,91.21
2026-09-15 15:47:39,Checkpoint_Alpha,Kinetic Agitation Spike,54.13
2026-09-15 15:47:39,Checkpoint_Alpha,Kinetic Agitation Spike,54.76
2026-09-15 15:47:39,Checkpoint_Alpha,Kinetic Agitation Spike,90.87
2026-09-15 15:47:39,Checkpoint_Alpha,Kinetic Agitation Spike,80.72
2026-09-15 15:47:39,Checkpoint_Alpha,Kinetic Agitation Spike,92.23
2026-09-15 15:47:39,Checkpoint_Alpha,Kinetic Agitation Spike,91.51
2026-09-15 15:47:39,Checkpoint_Alpha,Kinetic Agitation Spike,100.0
2026-09-15 15:47:39,Checkpoint_Alpha,Kinetic Agitation Spike,93.99
2026-09-15 15:47:39,Checkpoint_Alpha,Kinetic Agitation Spike,64.89
2026-09-15 15:47:39,Checkpoint_Alpha,Kinetic Agitation Spike,78.05
2026-09-15 15:47:39,Checkpoint_Alpha,Kinetic Agitation Spike,99.31
2026-09-15 15:47:39,Checkpoint_Alpha,Kinetic Agitation Spike,57.12
2026-09-15 15:47:39,Checkpoint_Alpha,Kinetic Agitation Spike,88.88
2026-09-15 15:47:39,Checkpoint_Alpha,Kinetic Agitation Spike,83.57
2026-09-15 15:47:39,Checkpoint_Alpha,Kinetic Agitation Spike,50.91
2026-09-15 15:47:39,Checkpoint_Alpha,Kinetic Agitation Spike,63.43
2026-09-15 15:47:39,Checkpoint_Alpha,Kinetic Agitation Spike,93.96
2026-09-15 15:47:39,Checkpoint_Alpha,Kinetic Agitation Spike,75.09
2026-09-15 15:47:39,Checkpoint_Alpha,Kinetic Agitation Spike,100.0
2026-09-15 15:47:39,Checkpoint_Alpha,Kinetic Agitation Spike,79.04
2026-09-15 15:47:39,Checkpoint_Alpha,Kinetic Agitation Spike,100.0
2026-09-15 15:47:39,Checkpoint_Alpha,Kinetic Agitation Spike,52.44
2026-09-15 15:47:39,Checkpoint_Alpha,Kinetic Agitation Spike,60.79
2026-09-15 15:47:39,Checkpoint_Alpha,Kinetic Agitation Spike,92.18
2026-09-15 15:47:39,Checkpoint_Alpha,Kinetic Agitation Spike,67.01
2026-09-15 15:47:39,Checkpoint_Alpha,Kinetic Agitation Spike,60.69
2026-09-15 15:47:39,Checkpoint_Alpha,Kinetic Agitation Spike,100.0
2026-09-15 15:47:39,Checkpoint_Alpha,Kinetic Agitation Spike,74.82
2026-09-15 15:47:39,Checkpoint_Alpha,Kinetic Agitation Spike,74.7
2026-09-15 15:47:39,Checkpoint_Alpha,Kinetic Agitation Spike,57.33
2026-09-15 15:47:39,Checkpoint_Alpha,Kinetic Agitation Spike,49.5
2026-09-15 15:47:39,Checkpoint_Alpha,Kinetic Agitation Spike,86.29
2026-09-15 15:47:39,Checkpoint_Alpha,Kinetic Agitation Spike,55.75
2026-09-15 15:47:39,Checkpoint_Alpha,Kinetic Agitation Spike,77.38
2026-09-15 15:47:39,Checkpoint_Alpha,Kinetic Agitation Spike,46.83
2026-09-15 15:47:39,Checkpoint_Alpha,Kinetic Agitation Spike,100.0
2026-09-15 15:47:40,Checkpoint_Alpha,Kinetic Agitation Spike,59.73
2026-09-15 15:47:40,Checkpoint_Alpha,Kinetic Agitation Spike,51.07
2026-09-15 15:47:40,Checkpoint_Alpha,Kinetic Agitation Spike,46.24
2026-09-15 15:47:40,Checkpoint_Alpha,Kinetic Agitation Spike,100.0
2026-09-15 15:47:40,Checkpoint_Alpha,Kinetic Agitation Spike,52.07
2026-09-15 15:47:40,Checkpoint_Alpha,Kinetic Agitation Spike,48.72
2026-09-15 15:47:40,Checkpoint_Alpha,Kinetic Agitation Spike,61.93
2026-09-15 15:47:40,Checkpoint_Alpha,Kinetic Agitation Spike,100.0
2026-09-15 15:47:40,Checkpoint_Alpha,Kinetic Agitation Spike,88.44
2026-09-15 15:47:40,Checkpoint_Alpha,Kinetic Agitation Spike,77.6
2026-09-15 15:47:40,Checkpoint_Alpha,Kinetic Agitation Spike,59.7
2026-09-15 15:47:40,Checkpoint_Alpha,Kinetic Agitation Spike,45.61
2026-09-15 15:47:40,Checkpoint_Alpha,Kinetic Agitation Spike,67.44
2026-09-15 15:47:40,Checkpoint_Alpha,Kinetic Agitation Spike,62.23
2026-09-15 15:47:40,Checkpoint_Alpha,Kinetic Agitation Spike,71.02
2026-09-15 15:47:40,Checkpoint_Alpha,Kinetic Agitation Spike,59.62
2026-09-15 15:47:40,Checkpoint_Alpha,Kinetic Agitation Spike,54.52
2026-09-15 15:47:40,Checkpoint_Alpha,Kinetic Agitation Spike,78.28
2026-09-15 15:47:40,Checkpoint_Alpha,Kinetic Agitation Spike,49.8
2026-09-15 15:47:40,Checkpoint_Alpha,Kinetic Agitation Spike,73.55
2026-09-15 15:47:40,Checkpoint_Alpha,Kinetic Agitation Spike,49.31
2026-09-15 15:47:40,Checkpoint_Alpha,Kinetic Agitation Spike,60.28
2026-09-15 15:47:40,Checkpoint_Alpha,Kinetic Agitation Spike,55.2
2026-09-15 15:47:40,Checkpoint_Alpha,Kinetic Agitation Spike,70.45
2026-09-15 15:47:40,Checkpoint_Alpha,Kinetic Agitation Spike,49.22
2026-09-15 15:47:40,Checkpoint_Alpha,Kinetic Agitation Spike,64.14
2026-09-15 15:47:40,Checkpoint_Alpha,Kinetic Agitation Spike,89.65
2026-09-15 15:47:40,Checkpoint_Alpha,Kinetic Agitation Spike,64.91
2026-09-15 15:47:40,Checkpoint_Alpha,Kinetic Agitation Spike,54.84
2026-09-15 15:47:40,Checkpoint_Alpha,Kinetic Agitation Spike,72.93
2026-09-15 15:47:41,Checkpoint_Alpha,Kinetic Agitation Spike,51.22
2026-09-15 15:47:41,Checkpoint_Alpha,Kinetic Agitation Spike,46.62
2026-09-15 15:47:41,Checkpoint_Alpha,Kinetic Agitation Spike,53.08
2026-09-15 15:47:41,Checkpoint_Alpha,Kinetic Agitation Spike,68.66
2026-09-15 15:47:41,Checkpoint_Alpha,Kinetic Agitation Spike,54.7
2026-09-15 15:47:41,Checkpoint_Alpha,Kinetic Agitation Spike,83.58
2026-09-15 15:47:41,Checkpoint_Alpha,Kinetic Agitation Spike,61.33
2026-09-15 15:47:41,Checkpoint_Alpha,Kinetic Agitation Spike,53.89
2026-09-15 15:47:41,Checkpoint_Alpha,Kinetic Agitation Spike,100.0
2026-09-15 15:47:41,Checkpoint_Alpha,Kinetic Agitation Spike,63.48
2026-09-15 15:47:41,Checkpoint_Alpha,Kinetic Agitation Spike,76.39
2026-09-15 15:47:41,Checkpoint_Alpha,Kinetic Agitation Spike,64.3
2026-09-15 15:47:41,Checkpoint_Alpha,Kinetic Agitation Spike,46.56
2026-09-15 15:47:41,Checkpoint_Alpha,Kinetic Agitation Spike,60.91
2026-09-15 15:47:41,Checkpoint_Alpha,Kinetic Agitation Spike,65.71
2026-09-15 15:47:41,Checkpoint_Alpha,Kinetic Agitation Spike,45.4
2026-09-15 15:47:41,Checkpoint_Alpha,Kinetic Agitation Spike,100.0
2026-09-15 15:47:41,Checkpoint_Alpha,Kinetic Agitation Spike,65.96
2026-09-15 15:47:41,Checkpoint_Alpha,Kinetic Agitation Spike,63.92
2026-09-15 15:47:41,Checkpoint_Alpha,Kinetic Agitation Spike,80.06
2026-09-15 15:47:41,Checkpoint_Alpha,Kinetic Agitation Spike,49.34
2026-09-15 15:47:41,Checkpoint_Alpha,Kinetic Agitation Spike,91.63
2026-09-15 15:47:41,Checkpoint_Alpha,Kinetic Agitation Spike,97.0
2026-09-15 15:47:41,Checkpoint_Alpha,Kinetic Agitation Spike,59.7
2026-09-15 15:47:41,Checkpoint_Alpha,Kinetic Agitation Spike,65.33
2026-09-15 15:47:41,Checkpoint_Alpha,Kinetic Agitation Spike,64.68
2026-09-15 15:47:41,Checkpoint_Alpha,Kinetic Agitation Spike,68.67
2026-09-15 15:47:41,Checkpoint_Alpha,Kinetic Agitation Spike,66.97
2026-09-15 15:47:41,Checkpoint_Alpha,Kinetic Agitation Spike,55.17
2026-09-15 15:47:42,Checkpoint_Alpha,Kinetic Agitation Spike,58.39
2026-09-15 15:47:42,Checkpoint_Alpha,Kinetic Agitation Spike,77.62
2026-09-15 15:47:42,Checkpoint_Alpha,Kinetic Agitation Spike,72.34
2026-09-15 15:47:42,Checkpoint_Alpha,Kinetic Agitation Spike,51.09
2026-09-15 15:47:42,Checkpoint_Alpha,Kinetic Agitation Spike,63.01
2026-09-15 15:47:42,Checkpoint_Alpha,Kinetic Agitation Spike,93.21
2026-09-15 15:47:42,Checkpoint_Alpha,Kinetic Agitation Spike,58.07
2026-09-15 15:47:42,Checkpoint_Alpha,Kinetic Agitation Spike,77.81
2026-09-15 15:47:42,Checkpoint_Alpha,Kinetic Agitation Spike,100.0
2026-09-15 15:47:42,Checkpoint_Alpha,Kinetic Agitation Spike,97.27
2026-09-15 15:47:42,Checkpoint_Alpha,Kinetic Agitation Spike,69.44
2026-09-15 15:47:42,Checkpoint_Alpha,Kinetic Agitation Spike,100.0
2026-09-15 15:47:42,Checkpoint_Alpha,Kinetic Agitation Spike,61.86
2026-09-15 15:47:42,Checkpoint_Alpha,Kinetic Agitation Spike,100.0
2026-09-15 15:47:42,Checkpoint_Alpha,Kinetic Agitation Spike,92.44
2026-09-15 15:47:42,Checkpoint_Alpha,Kinetic Agitation Spike,53.51
2026-09-15 15:47:42,Checkpoint_Alpha,Kinetic Agitation Spike,62.89
2026-09-15 15:47:42,Checkpoint_Alpha,Kinetic Agitation Spike,86.73
2026-09-15 15:47:42,Checkpoint_Alpha,Kinetic Agitation Spike,81.4
2026-09-15 15:47:42,Checkpoint_Alpha,Kinetic Agitation Spike,83.7
2026-09-15 15:47:42,Checkpoint_Alpha,Kinetic Agitation Spike,78.7
2026-09-15 15:47:42,Checkpoint_Alpha,Kinetic Agitation Spike,100.0
2026-09-15 15:47:42,Checkpoint_Alpha,Kinetic Agitation Spike,89.12
2026-09-15 15:47:42,Checkpoint_Alpha,Kinetic Agitation Spike,95.47
2026-09-15 15:47:42,Checkpoint_Alpha,Kinetic Agitation Spike,54.36
2026-09-15 15:47:42,Checkpoint_Alpha,Kinetic Agitation Spike,45.96
2026-09-15 15:47:42,Checkpoint_Alpha,Kinetic Agitation Spike,83.56
2026-09-15 15:47:42,Checkpoint_Alpha,Kinetic Agitation Spike,100.0
2026-09-15 15:47:42,Checkpoint_Alpha,Kinetic Agitation Spike,100.0
2026-09-15 15:47:42,Checkpoint_Alpha,Kinetic Agitation Spike,49.96
2026-09-15 15:47:42,Checkpoint_Alpha,Kinetic Agitation Spike,48.17
2026-09-15 15:47:42,Checkpoint_Alpha,Kinetic Agitation Spike,52.17
2026-09-15 15:47:42,Checkpoint_Alpha,Kinetic Agitation Spike,74.14
2026-09-15 15:47:42,Checkpoint_Alpha,Kinetic Agitation Spike,100.0
2026-09-15 15:47:42,Checkpoint_Alpha,Kinetic Agitation Spike,100.0
2026-09-15 15:47:42,Checkpoint_Alpha,Kinetic Agitation Spike,59.33
2026-09-15 15:47:42,Checkpoint_Alpha,Kinetic Agitation Spike,46.86
2026-09-15 15:47:42,Checkpoint_Alpha,Kinetic Agitation Spike,100.0
2026-09-15 15:47:42,Checkpoint_Alpha,Kinetic Agitation Spike,100.0
2026-09-15 15:47:42,Checkpoint_Alpha,Kinetic Agitation Spike,100.0
2026-09-15 15:47:43,Checkpoint_Alpha,Kinetic Agitation Spike,70.77
2026-09-15 15:47:43,Checkpoint_Alpha,Kinetic Agitation Spike,100.0
2026-09-15 15:47:43,Checkpoint_Alpha,Kinetic Agitation Spike,98.19
2026-09-15 15:47:43,Checkpoint_Alpha,Kinetic Agitation Spike,59.92
2026-09-15 15:47:43,Checkpoint_Alpha,Kinetic Agitation Spike,96.01
2026-09-15 15:47:43,Checkpoint_Alpha,Kinetic Agitation Spike,48.21
2026-09-15 15:47:43,Checkpoint_Alpha,Kinetic Agitation Spike,76.31
2026-09-15 15:47:43,Checkpoint_Alpha,Kinetic Agitation Spike,96.54
2026-09-15 15:47:43,Checkpoint_Alpha,Kinetic Agitation Spike,50.71
2026-09-15 15:47:43,Checkpoint_Alpha,Kinetic Agitation Spike,45.85
2026-09-15 15:47:43,Checkpoint_Alpha,Kinetic Agitation Spike,99.73
2026-09-15 15:47:43,Checkpoint_Alpha,Kinetic Agitation Spike,96.05
2026-09-15 15:47:43,Checkpoint_Alpha,Kinetic Agitation Spike,79.75
2026-09-15 15:47:43,Checkpoint_Alpha,Kinetic Agitation Spike,98.63
2026-09-15 15:47:43,Checkpoint_Alpha,Kinetic Agitation Spike,92.13
2026-09-15 15:47:43,Checkpoint_Alpha,Kinetic Agitation Spike,49.59
2026-09-15 15:47:43,Checkpoint_Alpha,Kinetic Agitation Spike,55.24
2026-09-15 15:47:43,Checkpoint_Alpha,Kinetic Agitation Spike,46.73
2026-09-15 15:47:43,Checkpoint_Alpha,Kinetic Agitation Spike,50.24
2026-09-15 15:47:43,Checkpoint_Alpha,Kinetic Agitation Spike,95.87
2026-09-15 15:47:43,Checkpoint_Alpha,Kinetic Agitation Spike,65.18
2026-09-15 15:47:43,Checkpoint_Alpha,Kinetic Agitation Spike,100.0
2026-09-15 15:47:43,Checkpoint_Alpha,Kinetic Agitation Spike,100.0
2026-09-15 15:47:43,Checkpoint_Alpha,Kinetic Agitation Spike,47.16
2026-09-15 15:47:43,Checkpoint_Alpha,Kinetic Agitation Spike,96.82
2026-09-15 15:47:43,Checkpoint_Alpha,Kinetic Agitation Spike,100.0
2026-09-15 15:47:43,Checkpoint_Alpha,Kinetic Agitation Spike,70.11
2026-09-15 15:47:43,Checkpoint_Alpha,Kinetic Agitation Spike,74.47
2026-09-15 15:47:43,Checkpoint_Alpha,Kinetic Agitation Spike,100.0
2026-09-15 15:47:43,Checkpoint_Alpha,Kinetic Agitation Spike,100.0
2026-09-15 15:47:44,Checkpoint_Alpha,Kinetic Agitation Spike,46.23
2026-09-15 15:47:44,Checkpoint_Alpha,Kinetic Agitation Spike,52.29
2026-09-15 15:47:44,Checkpoint_Alpha,Kinetic Agitation Spike,100.0
2026-09-15 15:47:44,Checkpoint_Alpha,Kinetic Agitation Spike,56.7
2026-09-15 15:47:44,Checkpoint_Alpha,Kinetic Agitation Spike,73.36
2026-09-15 15:47:44,Checkpoint_Alpha,Kinetic Agitation Spike,63.35
2026-09-15 15:47:44,Checkpoint_Alpha,Kinetic Agitation Spike,50.52
2026-09-15 15:47:44,Checkpoint_Alpha,Kinetic Agitation Spike,100.0
2026-09-15 15:47:44,Checkpoint_Alpha,Kinetic Agitation Spike,74.23
2026-09-15 15:47:44,Checkpoint_Alpha,Kinetic Agitation Spike,48.82
2026-09-15 15:47:44,Checkpoint_Alpha,Kinetic Agitation Spike,46.49
2026-09-15 15:47:44,Checkpoint_Alpha,Kinetic Agitation Spike,98.3
2026-09-15 15:47:44,Checkpoint_Alpha,Kinetic Agitation Spike,100.0
2026-09-15 15:47:44,Checkpoint_Alpha,Kinetic Agitation Spike,100.0
2026-09-15 15:47:44,Checkpoint_Alpha,Kinetic Agitation Spike,100.0
2026-09-15 15:47:44,Checkpoint_Alpha,Kinetic Agitation Spike,100.0
2026-09-15 15:47:44,Checkpoint_Alpha,Kinetic Agitation Spike,100.0
2026-09-15 15:47:44,Checkpoint_Alpha,Kinetic Agitation Spike,54.58
2026-09-15 15:47:44,Checkpoint_Alpha,Kinetic Agitation Spike,100.0
2026-09-15 15:47:44,Checkpoint_Alpha,Kinetic Agitation Spike,60.16
2026-09-15 15:47:44,Checkpoint_Alpha,Kinetic Agitation Spike,54.52
2026-09-15 15:47:44,Checkpoint_Alpha,Kinetic Agitation Spike,66.73
2026-09-15 15:47:44,Checkpoint_Alpha,Kinetic Agitation Spike,100.0
2026-09-15 15:47:44,Checkpoint_Alpha,Kinetic Agitation Spike,61.43
2026-09-15 15:47:44,Checkpoint_Alpha,Kinetic Agitation Spike,70.48
2026-09-15 15:47:44,Checkpoint_Alpha,Kinetic Agitation Spike,70.14
2026-09-15 15:47:44,Checkpoint_Alpha,Kinetic Agitation Spike,100.0
2026-09-15 15:47:44,Checkpoint_Alpha,Kinetic Agitation Spike,68.98
2026-09-15 15:47:44,Checkpoint_Alpha,Kinetic Agitation Spike,99.39
2026-09-15 15:47:44,Checkpoint_Alpha,Kinetic Agitation Spike,70.96
2026-09-15 15:47:44,Checkpoint_Alpha,Kinetic Agitation Spike,100.0
2026-09-15 15:47:44,Checkpoint_Alpha,Kinetic Agitation Spike,76.15
2026-09-15 15:47:44,Checkpoint_Alpha,Kinetic Agitation Spike,100.0
2026-09-15 15:47:44,Checkpoint_Alpha,Kinetic Agitation Spike,96.56
2026-09-15 15:47:44,Checkpoint_Alpha,Kinetic Agitation Spike,62.37
2026-09-15 15:47:44,Checkpoint_Alpha,Kinetic Agitation Spike,100.0
2026-09-15 15:47:44,Checkpoint_Alpha,Kinetic Agitation Spike,63.79
2026-09-15 15:47:44,Checkpoint_Alpha,Kinetic Agitation Spike,72.27
2026-09-15 15:47:44,Checkpoint_Alpha,Kinetic Agitation Spike,100.0
2026-09-15 15:47:44,Checkpoint_Alpha,Kinetic Agitation Spike,99.76
2026-09-15 15:47:44,Checkpoint_Alpha,Kinetic Agitation Spike,74.32
2026-09-15 15:47:44,Checkpoint_Alpha,Kinetic Agitation Spike,77.91
2026-09-15 15:47:44,Checkpoint_Alpha,Kinetic Agitation Spike,100.0
2026-09-15 15:47:45,Checkpoint_Alpha,Kinetic Agitation Spike,100.0
2026-09-15 15:47:45,Checkpoint_Alpha,Kinetic Agitation Spike,99.2
2026-09-15 15:47:45,Checkpoint_Alpha,Kinetic Agitation Spike,58.41
2026-09-15 15:47:45,Checkpoint_Alpha,Kinetic Agitation Spike,52.83
2026-09-15 15:47:45,Checkpoint_Alpha,Kinetic Agitation Spike,67.46
2026-09-15 15:47:45,Checkpoint_Alpha,Kinetic Agitation Spike,98.04
2026-09-15 15:47:45,Checkpoint_Alpha,Kinetic Agitation Spike,93.89
2026-09-15 15:47:45,Checkpoint_Alpha,Kinetic Agitation Spike,60.77
2026-09-15 15:47:45,Checkpoint_Alpha,Kinetic Agitation Spike,57.16
2026-09-15 15:47:45,Checkpoint_Alpha,Kinetic Agitation Spike,100.0
2026-09-15 15:47:45,Checkpoint_Alpha,Kinetic Agitation Spike,57.68
2026-09-15 15:47:45,Checkpoint_Alpha,Kinetic Agitation Spike,50.84
2026-09-15 15:47:45,Checkpoint_Alpha,Kinetic Agitation Spike,100.0
2026-09-15 15:47:45,Checkpoint_Alpha,Kinetic Agitation Spike,66.16
2026-09-15 15:47:45,Checkpoint_Alpha,Kinetic Agitation Spike,60.58
2026-09-15 15:47:45,Checkpoint_Alpha,Kinetic Agitation Spike,48.96
2026-09-15 15:47:45,Checkpoint_Alpha,Kinetic Agitation Spike,50.1
2026-09-15 15:47:45,Checkpoint_Alpha,Kinetic Agitation Spike,78.21
2026-09-15 15:47:45,Checkpoint_Alpha,Kinetic Agitation Spike,60.13
2026-09-15 15:47:45,Checkpoint_Alpha,Kinetic Agitation Spike,80.89
2026-09-15 15:47:45,Checkpoint_Alpha,Kinetic Agitation Spike,96.3
2026-09-15 15:47:45,Checkpoint_Alpha,Kinetic Agitation Spike,64.88
2026-09-15 15:47:45,Checkpoint_Alpha,Kinetic Agitation Spike,65.4
2026-09-15 15:47:45,Checkpoint_Alpha,Kinetic Agitation Spike,69.19
2026-09-15 15:47:45,Checkpoint_Alpha,Kinetic Agitation Spike,52.39
2026-09-15 15:47:45,Checkpoint_Alpha,Kinetic Agitation Spike,54.0
2026-09-15 15:47:45,Checkpoint_Alpha,Kinetic Agitation Spike,55.76
2026-09-15 15:47:45,Checkpoint_Alpha,Kinetic Agitation Spike,70.46
2026-09-15 15:47:45,Checkpoint_Alpha,Kinetic Agitation Spike,69.31
2026-09-15 15:47:45,Checkpoint_Alpha,Kinetic Agitation Spike,55.23
2026-09-15 15:47:45,Checkpoint_Alpha,Kinetic Agitation Spike,62.18
2026-09-15 15:47:45,Checkpoint_Alpha,Kinetic Agitation Spike,53.26
2026-09-15 15:47:45,Checkpoint_Alpha,Kinetic Agitation Spike,72.58
2026-09-15 15:47:45,Checkpoint_Alpha,Kinetic Agitation Spike,57.63
2026-09-15 15:47:46,Checkpoint_Alpha,Kinetic Agitation Spike,58.35
2026-09-15 15:47:46,Checkpoint_Alpha,Kinetic Agitation Spike,90.5
2026-09-15 15:47:46,Checkpoint_Alpha,Kinetic Agitation Spike,63.07
2026-09-15 15:47:46,Checkpoint_Alpha,Kinetic Agitation Spike,47.26
2026-09-15 15:47:46,Checkpoint_Alpha,Kinetic Agitation Spike,61.01
2026-09-15 15:47:46,Checkpoint_Alpha,Kinetic Agitation Spike,62.74
2026-09-15 15:47:46,Checkpoint_Alpha,Kinetic Agitation Spike,47.8
2026-09-15 15:47:46,Checkpoint_Alpha,Kinetic Agitation Spike,66.95
2026-09-15 15:47:46,Checkpoint_Alpha,Kinetic Agitation Spike,62.39
2026-09-15 15:47:46,Checkpoint_Alpha,Kinetic Agitation Spike,48.09
2026-09-15 15:47:46,Checkpoint_Alpha,Kinetic Agitation Spike,64.06
2026-09-15 15:47:46,Checkpoint_Alpha,Kinetic Agitation Spike,61.09
2026-09-15 15:47:46,Checkpoint_Alpha,Kinetic Agitation Spike,92.15
2026-09-15 15:47:46,Checkpoint_Alpha,Kinetic Agitation Spike,61.31
2026-09-15 15:47:46,Checkpoint_Alpha,Kinetic Agitation Spike,80.56
2026-09-15 15:47:46,Checkpoint_Alpha,Kinetic Agitation Spike,100.0
2026-09-15 15:47:46,Checkpoint_Alpha,Kinetic Agitation Spike,45.0
2026-09-15 15:47:46,Checkpoint_Alpha,Kinetic Agitation Spike,85.45
2026-09-15 15:47:46,Checkpoint_Alpha,Kinetic Agitation Spike,68.2
2026-09-15 15:47:46,Checkpoint_Alpha,Kinetic Agitation Spike,70.83
2026-09-15 15:47:46,Checkpoint_Alpha,Kinetic Agitation Spike,50.0
2026-09-15 15:47:46,Checkpoint_Alpha,Kinetic Agitation Spike,61.11
2026-09-15 15:47:46,Checkpoint_Alpha,Kinetic Agitation Spike,45.86
2026-09-15 15:47:46,Checkpoint_Alpha,Kinetic Agitation Spike,58.85
2026-09-15 15:47:46,Checkpoint_Alpha,Kinetic Agitation Spike,74.94
2026-09-15 15:47:46,Checkpoint_Alpha,Kinetic Agitation Spike,53.32
2026-09-15 15:47:46,Checkpoint_Alpha,Kinetic Agitation Spike,55.03
2026-09-15 15:47:46,Checkpoint_Alpha,Kinetic Agitation Spike,51.5
2026-09-15 15:47:46,Checkpoint_Alpha,Kinetic Agitation Spike,100.0
2026-09-15 15:47:46,Checkpoint_Alpha,Kinetic Agitation Spike,46.02
2026-09-15 15:47:46,Checkpoint_Alpha,Kinetic Agitation Spike,93.03
2026-09-15 15:47:46,Checkpoint_Alpha,Kinetic Agitation Spike,56.08
2026-09-15 15:47:46,Checkpoint_Alpha,Kinetic Agitation Spike,66.99
2026-09-15 15:47:46,Checkpoint_Alpha,Kinetic Agitation Spike,100.0
2026-09-15 15:47:46,Checkpoint_Alpha,Kinetic Agitation Spike,49.46
2026-09-15 15:47:46,Checkpoint_Alpha,Kinetic Agitation Spike,77.11
2026-09-15 15:47:46,Checkpoint_Alpha,Kinetic Agitation Spike,100.0
2026-09-15 15:47:46,Checkpoint_Alpha,Kinetic Agitation Spike,60.22
2026-09-15 15:47:46,Checkpoint_Alpha,Kinetic Agitation Spike,100.0
2026-09-15 15:47:46,Checkpoint_Alpha,Kinetic Agitation Spike,65.58
2026-09-15 15:47:46,Checkpoint_Alpha,Kinetic Agitation Spike,100.0
2026-09-15 15:47:46,Checkpoint_Alpha,Kinetic Agitation Spike,70.09
2026-09-15 15:47:47,Checkpoint_Alpha,Kinetic Agitation Spike,57.57
2026-09-15 15:47:47,Checkpoint_Alpha,Kinetic Agitation Spike,53.24
2026-09-15 15:47:47,Checkpoint_Alpha,Kinetic Agitation Spike,72.24
2026-09-15 15:47:47,Checkpoint_Alpha,Kinetic Agitation Spike,59.94
2026-09-15 15:47:47,Checkpoint_Alpha,Kinetic Agitation Spike,100.0
2026-09-15 15:47:47,Checkpoint_Alpha,Kinetic Agitation Spike,53.07
2026-09-15 15:47:47,Checkpoint_Alpha,Kinetic Agitation Spike,75.95
2026-09-15 15:47:47,Checkpoint_Alpha,Kinetic Agitation Spike,45.0
2026-09-15 15:47:47,Checkpoint_Alpha,Kinetic Agitation Spike,54.8
2026-09-15 15:47:47,Checkpoint_Alpha,Kinetic Agitation Spike,61.02
2026-09-15 15:47:47,Checkpoint_Alpha,Kinetic Agitation Spike,79.42
2026-09-15 15:47:47,Checkpoint_Alpha,Kinetic Agitation Spike,87.28
2026-09-15 15:47:47,Checkpoint_Alpha,Kinetic Agitation Spike,66.46
2026-09-15 15:47:47,Checkpoint_Alpha,Kinetic Agitation Spike,64.86
2026-09-15 15:47:47,Checkpoint_Alpha,Kinetic Agitation Spike,55.75
2026-09-15 15:47:47,Checkpoint_Alpha,Kinetic Agitation Spike,78.38
2026-09-15 15:47:47,Checkpoint_Alpha,Kinetic Agitation Spike,70.74
2026-09-15 15:47:47,Checkpoint_Alpha,Kinetic Agitation Spike,85.29
2026-09-15 15:47:47,Checkpoint_Alpha,Kinetic Agitation Spike,53.7
2026-09-15 15:47:47,Checkpoint_Alpha,Kinetic Agitation Spike,70.19
2026-09-15 15:47:47,Checkpoint_Alpha,Kinetic Agitation Spike,65.27
2026-09-15 15:47:47,Checkpoint_Alpha,Kinetic Agitation Spike,60.34
2026-09-15 15:47:47,Checkpoint_Alpha,Kinetic Agitation Spike,79.2
2026-09-15 15:47:47,Checkpoint_Alpha,Kinetic Agitation Spike,57.65
2026-09-15 15:47:47,Checkpoint_Alpha,Kinetic Agitation Spike,64.7
2026-09-15 15:47:47,Checkpoint_Alpha,Kinetic Agitation Spike,80.21
2026-09-15 15:47:47,Checkpoint_Alpha,Kinetic Agitation Spike,69.05
2026-09-15 15:47:47,Checkpoint_Alpha,Kinetic Agitation Spike,84.49
2026-09-15 15:47:47,Checkpoint_Alpha,Kinetic Agitation Spike,57.5
2026-09-15 15:47:47,Checkpoint_Alpha,Kinetic Agitation Spike,90.4
2026-09-15 15:47:47,Checkpoint_Alpha,Kinetic Agitation Spike,84.52
2026-09-15 15:47:47,Checkpoint_Alpha,Kinetic Agitation Spike,66.59
2026-09-15 15:47:47,Checkpoint_Alpha,Kinetic Agitation Spike,93.66
2026-09-15 15:47:47,Checkpoint_Alpha,Kinetic Agitation Spike,70.46
2026-09-15 15:47:47,Checkpoint_Alpha,Kinetic Agitation Spike,50.05
2026-09-15 15:47:47,Checkpoint_Alpha,Kinetic Agitation Spike,60.33
2026-09-15 15:47:47,Checkpoint_Alpha,Kinetic Agitation Spike,76.74
2026-09-15 15:47:47,Checkpoint_Alpha,Kinetic Agitation Spike,81.87
2026-09-15 15:47:47,Checkpoint_Alpha,Kinetic Agitation Spike,85.5
2026-09-15 15:47:47,Checkpoint_Alpha,Kinetic Agitation Spike,72.62
2026-09-15 15:47:48,Checkpoint_Alpha,Kinetic Agitation Spike,78.09
2026-09-15 15:47:48,Checkpoint_Alpha,Kinetic Agitation Spike,91.45
2026-09-15 15:47:48,Checkpoint_Alpha,Kinetic Agitation Spike,84.16
2026-09-15 15:47:48,Checkpoint_Alpha,Kinetic Agitation Spike,69.22
2026-09-15 15:47:48,Checkpoint_Alpha,Kinetic Agitation Spike,84.56
2026-09-15 15:47:48,Checkpoint_Alpha,Kinetic Agitation Spike,45.49
2026-09-15 15:47:48,Checkpoint_Alpha,Kinetic Agitation Spike,100.0
2026-09-15 15:47:48,Checkpoint_Alpha,Kinetic Agitation Spike,52.73
2026-09-15 15:47:48,Checkpoint_Alpha,Kinetic Agitation Spike,53.71
2026-09-15 15:47:48,Checkpoint_Alpha,Kinetic Agitation Spike,65.06
2026-09-15 15:47:48,Checkpoint_Alpha,Kinetic Agitation Spike,48.39
2026-09-15 15:47:48,Checkpoint_Alpha,Kinetic Agitation Spike,100.0
2026-09-15 15:47:48,Checkpoint_Alpha,Kinetic Agitation Spike,46.48
2026-09-15 15:47:48,Checkpoint_Alpha,Kinetic Agitation Spike,81.15
2026-09-15 15:47:48,Checkpoint_Alpha,Kinetic Agitation Spike,50.13
2026-09-15 15:47:48,Checkpoint_Alpha,Kinetic Agitation Spike,51.8
2026-09-15 15:47:48,Checkpoint_Alpha,Kinetic Agitation Spike,69.33
2026-09-15 15:47:48,Checkpoint_Alpha,Kinetic Agitation Spike,63.87
2026-09-15 15:47:48,Checkpoint_Alpha,Kinetic Agitation Spike,90.15
2026-09-15 15:47:48,Checkpoint_Alpha,Kinetic Agitation Spike,50.14
2026-09-15 15:47:48,Checkpoint_Alpha,Kinetic Agitation Spike,48.58
2026-09-15 15:47:48,Checkpoint_Alpha,Kinetic Agitation Spike,48.45
2026-09-15 15:47:48,Checkpoint_Alpha,Kinetic Agitation Spike,100.0
2026-09-15 15:47:48,Checkpoint_Alpha,Kinetic Agitation Spike,46.3
2026-09-15 15:47:48,Checkpoint_Alpha,Kinetic Agitation Spike,100.0
2026-09-15 15:47:48,Checkpoint_Alpha,Kinetic Agitation Spike,46.26
2026-09-15 15:47:48,Checkpoint_Alpha,Kinetic Agitation Spike,54.42
2026-09-15 15:47:48,Checkpoint_Alpha,Kinetic Agitation Spike,73.42
2026-09-15 15:47:48,Checkpoint_Alpha,Kinetic Agitation Spike,58.15
2026-09-15 15:47:48,Checkpoint_Alpha,Kinetic Agitation Spike,67.65
2026-09-15 15:47:48,Checkpoint_Alpha,Kinetic Agitation Spike,87.59
2026-09-15 15:47:48,Checkpoint_Alpha,Kinetic Agitation Spike,65.85
2026-09-15 15:47:48,Checkpoint_Alpha,Kinetic Agitation Spike,51.85
2026-09-15 15:47:48,Checkpoint_Alpha,Kinetic Agitation Spike,66.79
2026-09-15 15:47:48,Checkpoint_Alpha,Kinetic Agitation Spike,65.16
2026-09-15 15:47:48,Checkpoint_Alpha,Kinetic Agitation Spike,98.12
2026-09-15 15:47:48,Checkpoint_Alpha,Kinetic Agitation Spike,85.88
2026-09-15 15:47:48,Checkpoint_Alpha,Kinetic Agitation Spike,55.96
2026-09-15 15:47:49,Checkpoint_Alpha,Kinetic Agitation Spike,66.16
2026-09-15 15:47:49,Checkpoint_Alpha,Kinetic Agitation Spike,58.71
2026-09-15 15:47:49,Checkpoint_Alpha,Kinetic Agitation Spike,71.22
2026-09-15 15:47:49,Checkpoint_Alpha,Kinetic Agitation Spike,100.0
2026-09-15 15:47:49,Checkpoint_Alpha,Kinetic Agitation Spike,90.28
2026-09-15 15:47:49,Checkpoint_Alpha,Kinetic Agitation Spike,100.0
2026-09-15 15:47:49,Checkpoint_Alpha,Kinetic Agitation Spike,70.92
2026-09-15 15:47:49,Checkpoint_Alpha,Kinetic Agitation Spike,73.17
2026-09-15 15:47:49,Checkpoint_Alpha,Kinetic Agitation Spike,71.33
2026-09-15 15:47:49,Checkpoint_Alpha,Kinetic Agitation Spike,57.3
2026-09-15 15:47:49,Checkpoint_Alpha,Kinetic Agitation Spike,100.0
2026-09-15 15:47:49,Checkpoint_Alpha,Kinetic Agitation Spike,75.31
2026-09-15 15:47:49,Checkpoint_Alpha,Kinetic Agitation Spike,68.15
2026-09-15 15:47:49,Checkpoint_Alpha,Kinetic Agitation Spike,78.62
2026-09-15 15:47:49,Checkpoint_Alpha,Kinetic Agitation Spike,61.93
2026-09-15 15:47:49,Checkpoint_Alpha,Kinetic Agitation Spike,92.66
2026-09-15 15:47:49,Checkpoint_Alpha,Kinetic Agitation Spike,86.75
2026-09-15 15:47:49,Checkpoint_Alpha,Kinetic Agitation Spike,49.47
2026-09-15 15:47:49,Checkpoint_Alpha,Kinetic Agitation Spike,67.63
2026-09-15 15:47:49,Checkpoint_Alpha,Kinetic Agitation Spike,47.12
2026-09-15 15:47:49,Checkpoint_Alpha,Kinetic Agitation Spike,48.77
2026-09-15 15:47:49,Checkpoint_Alpha,Kinetic Agitation Spike,72.47
2026-09-15 15:47:49,Checkpoint_Alpha,Kinetic Agitation Spike,58.11
2026-09-15 15:47:49,Checkpoint_Alpha,Kinetic Agitation Spike,47.45
2026-09-15 15:47:49,Checkpoint_Alpha,Kinetic Agitation Spike,90.69
2026-09-15 15:47:49,Checkpoint_Alpha,Kinetic Agitation Spike,48.44
2026-09-15 15:47:49,Checkpoint_Alpha,Kinetic Agitation Spike,47.66
2026-09-15 15:47:49,Checkpoint_Alpha,Kinetic Agitation Spike,49.71
2026-09-15 15:47:49,Checkpoint_Alpha,Kinetic Agitation Spike,68.49
2026-09-15 15:47:49,Checkpoint_Alpha,Kinetic Agitation Spike,63.02
2026-09-15 15:47:49,Checkpoint_Alpha,Kinetic Agitation Spike,45.91
2026-09-15 15:47:49,Checkpoint_Alpha,Kinetic Agitation Spike,100.0
2026-09-15 15:47:49,Checkpoint_Alpha,Kinetic Agitation Spike,69.29
2026-09-15 15:47:49,Checkpoint_Alpha,Kinetic Agitation Spike,100.0
2026-09-15 15:47:49,Checkpoint_Alpha,Kinetic Agitation Spike,54.16
2026-09-15 15:47:49,Checkpoint_Alpha,Kinetic Agitation Spike,62.79
2026-09-15 15:47:49,Checkpoint_Alpha,Kinetic Agitation Spike,55.42
2026-09-15 15:47:49,Checkpoint_Alpha,Kinetic Agitation Spike,89.17
2026-09-15 15:47:49,Checkpoint_Alpha,Kinetic Agitation Spike,87.59
2026-09-15 15:47:49,Checkpoint_Alpha,Kinetic Agitation Spike,52.4
2026-09-15 15:47:49,Checkpoint_Alpha,Kinetic Agitation Spike,64.56
2026-09-15 15:47:49,Checkpoint_Alpha,Kinetic Agitation Spike,54.27
2026-09-15 15:47:49,Checkpoint_Alpha,Kinetic Agitation Spike,51.55
2026-09-15 15:47:49,Checkpoint_Alpha,Kinetic Agitation Spike,47.67
2026-09-15 15:47:49,Checkpoint_Alpha,Kinetic Agitation Spike,70.05
2026-09-15 15:47:49,Checkpoint_Alpha,Kinetic Agitation Spike,62.09
2026-09-15 15:47:50,Checkpoint_Alpha,Kinetic Agitation Spike,71.99
2026-09-15 15:47:50,Checkpoint_Alpha,Kinetic Agitation Spike,54.13
2026-09-15 15:47:50,Checkpoint_Alpha,Kinetic Agitation Spike,100.0
2026-09-15 15:47:50,Checkpoint_Alpha,Kinetic Agitation Spike,51.61
2026-09-15 15:47:50,Checkpoint_Alpha,Kinetic Agitation Spike,78.36
2026-09-15 15:47:50,Checkpoint_Alpha,Kinetic Agitation Spike,100.0
2026-09-15 15:47:50,Checkpoint_Alpha,Kinetic Agitation Spike,50.52
2026-09-15 15:47:50,Checkpoint_Alpha,Kinetic Agitation Spike,87.87
2026-09-15 15:47:50,Checkpoint_Alpha,Kinetic Agitation Spike,46.14
2026-09-15 15:47:50,Checkpoint_Alpha,Kinetic Agitation Spike,49.89
2026-09-15 15:47:50,Checkpoint_Alpha,Kinetic Agitation Spike,48.33
2026-09-15 15:47:50,Checkpoint_Alpha,Kinetic Agitation Spike,52.43
2026-09-15 15:47:50,Checkpoint_Alpha,Kinetic Agitation Spike,75.4
2026-09-15 15:47:50,Checkpoint_Alpha,Kinetic Agitation Spike,47.06
2026-09-15 15:47:50,Checkpoint_Alpha,Kinetic Agitation Spike,51.64
2026-09-15 15:47:50,Checkpoint_Alpha,Kinetic Agitation Spike,51.39
2026-09-15 15:47:50,Checkpoint_Alpha,Kinetic Agitation Spike,70.79
2026-09-15 15:47:50,Checkpoint_Alpha,Kinetic Agitation Spike,48.75
2026-09-15 15:47:50,Checkpoint_Alpha,Kinetic Agitation Spike,60.99
2026-09-15 15:47:50,Checkpoint_Alpha,Kinetic Agitation Spike,77.26
2026-09-15 15:47:50,Checkpoint_Alpha,Kinetic Agitation Spike,58.11
2026-09-15 15:47:50,Checkpoint_Alpha,Kinetic Agitation Spike,100.0
2026-09-15 15:47:50,Checkpoint_Alpha,Kinetic Agitation Spike,96.27
2026-09-15 15:47:50,Checkpoint_Alpha,Kinetic Agitation Spike,56.75
2026-09-15 15:47:50,Checkpoint_Alpha,Kinetic Agitation Spike,47.07
2026-09-15 15:47:50,Checkpoint_Alpha,Kinetic Agitation Spike,56.14
2026-09-15 15:47:50,Checkpoint_Alpha,Kinetic Agitation Spike,69.28
2026-09-15 15:47:50,Checkpoint_Alpha,Kinetic Agitation Spike,76.11
2026-09-15 15:47:50,Checkpoint_Alpha,Kinetic Agitation Spike,51.92
2026-09-15 15:47:50,Checkpoint_Alpha,Kinetic Agitation Spike,84.41
2026-09-15 15:47:50,Checkpoint_Alpha,Kinetic Agitation Spike,84.51
2026-09-15 15:47:50,Checkpoint_Alpha,Kinetic Agitation Spike,72.15
2026-09-15 15:47:50,Checkpoint_Alpha,Kinetic Agitation Spike,58.53
2026-09-15 15:47:50,Checkpoint_Alpha,Kinetic Agitation Spike,48.19
2026-09-15 15:47:50,Checkpoint_Alpha,Kinetic Agitation Spike,100.0
2026-09-15 15:47:50,Checkpoint_Alpha,Kinetic Agitation Spike,50.23
2026-09-15 15:47:50,Checkpoint_Alpha,Kinetic Agitation Spike,57.23
2026-09-15 15:47:50,Checkpoint_Alpha,Kinetic Agitation Spike,79.52
2026-09-15 15:47:50,Checkpoint_Alpha,Kinetic Agitation Spike,76.98
2026-09-15 15:47:50,Checkpoint_Alpha,Kinetic Agitation Spike,47.28
2026-09-15 15:47:50,Checkpoint_Alpha,Kinetic Agitation Spike,66.09
2026-09-15 15:47:50,Checkpoint_Alpha,Kinetic Agitation Spike,100.0
2026-09-15 15:47:50,Checkpoint_Alpha,Kinetic Agitation Spike,57.46
2026-09-15 15:47:50,Checkpoint_Alpha,Kinetic Agitation Spike,78.71
2026-09-15 15:47:50,Checkpoint_Alpha,Kinetic Agitation Spike,60.67
2026-09-15 15:47:50,Checkpoint_Alpha,Kinetic Agitation Spike,70.45
2026-09-15 15:47:50,Checkpoint_Alpha,Kinetic Agitation Spike,88.61
2026-09-15 15:47:50,Checkpoint_Alpha,Kinetic Agitation Spike,98.2
2026-09-15 15:47:50,Checkpoint_Alpha,Kinetic Agitation Spike,58.72
2026-09-15 15:47:50,Checkpoint_Alpha,Kinetic Agitation Spike,64.06
2026-09-15 15:47:50,Checkpoint_Alpha,Kinetic Agitation Spike,80.61
2026-09-15 15:47:50,Checkpoint_Alpha,Kinetic Agitation Spike,89.92
2026-09-15 15:47:50,Checkpoint_Alpha,Kinetic Agitation Spike,53.69
2026-09-15 15:47:50,Checkpoint_Alpha,Kinetic Agitation Spike,54.76
2026-09-15 15:47:50,Checkpoint_Alpha,Kinetic Agitation Spike,47.93
2026-09-15 15:47:50,Checkpoint_Alpha,Kinetic Agitation Spike,72.58
2026-09-15 15:47:50,Checkpoint_Alpha,Kinetic Agitation Spike,52.67
2026-09-15 15:47:51,Checkpoint_Alpha,Kinetic Agitation Spike,84.31
2026-09-15 15:47:51,Checkpoint_Alpha,Kinetic Agitation Spike,69.01
2026-09-15 15:47:51,Checkpoint_Alpha,Kinetic Agitation Spike,69.62
2026-09-15 15:47:51,Checkpoint_Alpha,Kinetic Agitation Spike,67.26
2026-09-15 15:47:51,Checkpoint_Alpha,Kinetic Agitation Spike,61.93
2026-09-15 15:47:51,Checkpoint_Alpha,Kinetic Agitation Spike,78.42
2026-09-15 15:47:51,Checkpoint_Alpha,Kinetic Agitation Spike,45.01
2026-09-15 15:47:51,Checkpoint_Alpha,Kinetic Agitation Spike,57.55
2026-09-15 15:47:51,Checkpoint_Alpha,Kinetic Agitation Spike,63.98
2026-09-15 15:47:51,Checkpoint_Alpha,Kinetic Agitation Spike,48.0
2026-09-15 15:47:51,Checkpoint_Alpha,Kinetic Agitation Spike,62.2
2026-09-15 15:47:51,Checkpoint_Alpha,Kinetic Agitation Spike,100.0
2026-09-15 15:47:51,Checkpoint_Alpha,Kinetic Agitation Spike,86.74
2026-09-15 15:47:51,Checkpoint_Alpha,Kinetic Agitation Spike,55.3
2026-09-15 15:47:51,Checkpoint_Alpha,Kinetic Agitation Spike,100.0
2026-09-15 15:47:51,Checkpoint_Alpha,Kinetic Agitation Spike,96.18
2026-09-15 15:47:51,Checkpoint_Alpha,Kinetic Agitation Spike,60.76
2026-09-15 15:47:51,Checkpoint_Alpha,Kinetic Agitation Spike,62.81
2026-09-15 15:47:51,Checkpoint_Alpha,Kinetic Agitation Spike,84.08
2026-09-15 15:47:51,Checkpoint_Alpha,Kinetic Agitation Spike,47.8
2026-09-15 15:47:51,Checkpoint_Alpha,Kinetic Agitation Spike,82.18
2026-09-15 15:47:51,Checkpoint_Alpha,Kinetic Agitation Spike,59.26
2026-09-15 15:47:51,Checkpoint_Alpha,Kinetic Agitation Spike,51.99
2026-09-15 17:08:59,Checkpoint_Alpha,Kinetic Agitation Spike,98.26
2026-09-15 17:08:59,Checkpoint_Alpha,Kinetic Agitation Spike,83.52
2026-09-15 17:08:59,Checkpoint_Alpha,Kinetic Agitation Spike,62.92
2026-09-15 17:08:59,Checkpoint_Alpha,Kinetic Agitation Spike,100.0
2026-09-15 17:08:59,Checkpoint_Alpha,Kinetic Agitation Spike,93.51
2026-09-15 17:08:59,Checkpoint_Alpha,Kinetic Agitation Spike,86.94
2026-09-15 17:08:59,Checkpoint_Alpha,Kinetic Agitation Spike,61.82
2026-09-15 17:08:59,Checkpoint_Alpha,Kinetic Agitation Spike,52.45
2026-09-15 17:08:59,Checkpoint_Alpha,Kinetic Agitation Spike,56.77
2026-09-15 17:08:59,Checkpoint_Alpha,Kinetic Agitation Spike,100.0
2026-09-15 17:08:59,Checkpoint_Alpha,Kinetic Agitation Spike,100.0
2026-09-15 17:08:59,Checkpoint_Alpha,Kinetic Agitation Spike,100.0
2026-09-15 17:08:59,Checkpoint_Alpha,Kinetic Agitation Spike,98.25
2026-09-15 17:08:59,Checkpoint_Alpha,Kinetic Agitation Spike,92.43
2026-09-15 17:08:59,Checkpoint_Alpha,Kinetic Agitation Spike,90.73
2026-09-15 17:08:59,Checkpoint_Alpha,Kinetic Agitation Spike,100.0
2026-09-15 17:08:59,Checkpoint_Alpha,Kinetic Agitation Spike,95.08
2026-09-15 17:08:59,Checkpoint_Alpha,Kinetic Agitation Spike,52.09
2026-09-15 17:08:59,Checkpoint_Alpha,Kinetic Agitation Spike,62.35
2026-09-15 17:08:59,Checkpoint_Alpha,Kinetic Agitation Spike,51.74
2026-09-15 17:08:59,Checkpoint_Alpha,Kinetic Agitation Spike,100.0
2026-09-15 17:08:59,Checkpoint_Alpha,Kinetic Agitation Spike,78.6
2026-09-15 17:08:59,Checkpoint_Alpha,Kinetic Agitation Spike,72.88
2026-09-15 17:08:59,Checkpoint_Alpha,Kinetic Agitation Spike,71.09
2026-09-15 17:08:59,Checkpoint_Alpha,Kinetic Agitation Spike,78.79
2026-09-15 17:08:59,Checkpoint_Alpha,Kinetic Agitation Spike,80.73
2026-09-15 17:08:59,Checkpoint_Alpha,Kinetic Agitation Spike,100.0
2026-09-15 17:08:59,Checkpoint_Alpha,Kinetic Agitation Spike,100.0
2026-09-15 17:08:59,Checkpoint_Alpha,Kinetic Agitation Spike,47.21
2026-09-15 17:08:59,Checkpoint_Alpha,Kinetic Agitation Spike,100.0
2026-09-15 17:08:59,Checkpoint_Alpha,Kinetic Agitation Spike,63.69
2026-09-15 17:08:59,Checkpoint_Alpha,Kinetic Agitation Spike,55.16
2026-09-15 17:08:59,Checkpoint_Alpha,Kinetic Agitation Spike,45.73
2026-09-15 17:08:59,Checkpoint_Alpha,Kinetic Agitation Spike,100.0
2026-09-15 17:08:59,Checkpoint_Alpha,Kinetic Agitation Spike,73.31
2026-09-15 17:08:59,Checkpoint_Alpha,Kinetic Agitation Spike,96.85
2026-09-15 17:08:59,Checkpoint_Alpha,Kinetic Agitation Spike,76.61
2026-09-15 17:08:59,Checkpoint_Alpha,Kinetic Agitation Spike,59.49
2026-09-15 17:08:59,Checkpoint_Alpha,Kinetic Agitation Spike,61.2
2026-09-15 17:08:59,Checkpoint_Alpha,Kinetic Agitation Spike,75.0
2026-09-15 17:08:59,Checkpoint_Alpha,Kinetic Agitation Spike,73.41
2026-09-15 17:08:59,Checkpoint_Alpha,Kinetic Agitation Spike,97.46
2026-09-15 17:08:59,Checkpoint_Alpha,Kinetic Agitation Spike,100.0
2026-09-15 17:08:59,Checkpoint_Alpha,Kinetic Agitation Spike,68.62
2026-09-15 17:08:59,Checkpoint_Alpha,Kinetic Agitation Spike,63.77
2026-09-15 17:08:59,Checkpoint_Alpha,Kinetic Agitation Spike,75.23
2026-09-15 17:08:59,Checkpoint_Alpha,Kinetic Agitation Spike,76.13
2026-09-15 17:08:59,Checkpoint_Alpha,Kinetic Agitation Spike,66.15
2026-09-15 17:08:59,Checkpoint_Alpha,Kinetic Agitation Spike,100.0
2026-09-15 17:08:59,Checkpoint_Alpha,Kinetic Agitation Spike,85.24
2026-09-15 17:08:59,Checkpoint_Alpha,Kinetic Agitation Spike,49.76
2026-09-15 17:08:59,Checkpoint_Alpha,Kinetic Agitation Spike,58.94
2026-09-15 17:08:59,Checkpoint_Alpha,Kinetic Agitation Spike,66.8
2026-09-15 17:08:59,Checkpoint_Alpha,Kinetic Agitation Spike,53.34
2026-09-15 17:08:59,Checkpoint_Alpha,Kinetic Agitation Spike,96.73
2026-09-15 17:08:59,Checkpoint_Alpha,Kinetic Agitation Spike,82.24
2026-09-15 17:09:00,Checkpoint_Alpha,Kinetic Agitation Spike,54.01
2026-09-15 17:09:00,Checkpoint_Alpha,Kinetic Agitation Spike,61.14
2026-09-15 17:09:00,Checkpoint_Alpha,Kinetic Agitation Spike,60.93
2026-09-15 17:09:00,Checkpoint_Alpha,Kinetic Agitation Spike,88.46
2026-09-15 17:09:00,Checkpoint_Alpha,Kinetic Agitation Spike,100.0
2026-09-15 17:09:00,Checkpoint_Alpha,Kinetic Agitation Spike,48.99
2026-09-15 17:09:00,Checkpoint_Alpha,Kinetic Agitation Spike,65.82
2026-09-15 17:09:00,Checkpoint_Alpha,Kinetic Agitation Spike,75.69
2026-09-15 17:09:00,Checkpoint_Alpha,Kinetic Agitation Spike,84.61
2026-09-15 17:09:00,Checkpoint_Alpha,Kinetic Agitation Spike,45.09
2026-09-15 17:09:00,Checkpoint_Alpha,Kinetic Agitation Spike,69.89
2026-09-15 17:09:00,Checkpoint_Alpha,Kinetic Agitation Spike,100.0
2026-09-15 17:09:00,Checkpoint_Alpha,Kinetic Agitation Spike,52.26
2026-09-15 17:09:00,Checkpoint_Alpha,Kinetic Agitation Spike,53.51
2026-09-15 17:09:00,Checkpoint_Alpha,Kinetic Agitation Spike,72.55
2026-09-15 17:09:00,Checkpoint_Alpha,Kinetic Agitation Spike,45.14
2026-09-15 17:09:00,Checkpoint_Alpha,Kinetic Agitation Spike,95.26
2026-09-15 17:09:00,Checkpoint_Alpha,Kinetic Agitation Spike,56.75
2026-09-15 17:09:00,Checkpoint_Alpha,Kinetic Agitation Spike,100.0
2026-09-15 17:09:00,Checkpoint_Alpha,Kinetic Agitation Spike,56.13
2026-09-15 17:09:00,Checkpoint_Alpha,Kinetic Agitation Spike,64.47
2026-09-15 17:09:00,Checkpoint_Alpha,Kinetic Agitation Spike,86.19
2026-09-15 17:09:00,Checkpoint_Alpha,Kinetic Agitation Spike,87.42
2026-09-15 17:09:00,Checkpoint_Alpha,Kinetic Agitation Spike,56.06
2026-09-15 17:09:00,Checkpoint_Alpha,Kinetic Agitation Spike,77.65
2026-09-15 17:09:00,Checkpoint_Alpha,Kinetic Agitation Spike,45.13
2026-09-15 17:09:00,Checkpoint_Alpha,Kinetic Agitation Spike,57.06
2026-09-15 17:09:00,Checkpoint_Alpha,Kinetic Agitation Spike,49.56
2026-09-15 17:09:00,Checkpoint_Alpha,Kinetic Agitation Spike,100.0
2026-09-15 17:09:00,Checkpoint_Alpha,Kinetic Agitation Spike,56.0
2026-09-15 17:09:00,Checkpoint_Alpha,Kinetic Agitation Spike,57.37
2026-09-15 17:09:00,Checkpoint_Alpha,Kinetic Agitation Spike,87.6
2026-09-15 17:09:00,Checkpoint_Alpha,Kinetic Agitation Spike,53.03
2026-09-15 17:09:00,Checkpoint_Alpha,Kinetic Agitation Spike,52.0
2026-09-15 17:09:00,Checkpoint_Alpha,Kinetic Agitation Spike,68.49
2026-09-15 17:09:00,Checkpoint_Alpha,Kinetic Agitation Spike,100.0
2026-09-15 17:09:00,Checkpoint_Alpha,Kinetic Agitation Spike,84.56
2026-09-15 17:09:00,Checkpoint_Alpha,Kinetic Agitation Spike,89.86
2026-09-15 17:09:00,Checkpoint_Alpha,Kinetic Agitation Spike,67.9
2026-09-15 17:09:00,Checkpoint_Alpha,Kinetic Agitation Spike,55.99
2026-09-15 17:09:00,Checkpoint_Alpha,Kinetic Agitation Spike,90.4
2026-09-15 17:09:00,Checkpoint_Alpha,Kinetic Agitation Spike,76.19
2026-09-15 17:09:00,Checkpoint_Alpha,Kinetic Agitation Spike,78.89
2026-09-15 17:09:00,Checkpoint_Alpha,Kinetic Agitation Spike,96.45
2026-09-15 17:09:00,Checkpoint_Alpha,Kinetic Agitation Spike,51.05
2026-09-15 17:09:00,Checkpoint_Alpha,Kinetic Agitation Spike,75.79
2026-09-15 17:09:00,Checkpoint_Alpha,Kinetic Agitation Spike,95.69
2026-09-15 17:09:00,Checkpoint_Alpha,Kinetic Agitation Spike,91.67
2026-09-15 17:09:00,Checkpoint_Alpha,Kinetic Agitation Spike,61.98
2026-09-15 17:09:00,Checkpoint_Alpha,Kinetic Agitation Spike,90.8
2026-09-15 17:09:00,Checkpoint_Alpha,Kinetic Agitation Spike,71.68
2026-09-15 17:09:00,Checkpoint_Alpha,Kinetic Agitation Spike,53.15
2026-09-15 17:09:00,Checkpoint_Alpha,Kinetic Agitation Spike,80.44
2026-09-15 17:09:00,Checkpoint_Alpha,Kinetic Agitation Spike,46.05
2026-09-15 17:09:00,Checkpoint_Alpha,Kinetic Agitation Spike,100.0
2026-09-15 17:09:00,Checkpoint_Alpha,Kinetic Agitation Spike,48.31
2026-09-15 17:09:00,Checkpoint_Alpha,Kinetic Agitation Spike,100.0
2026-09-15 17:09:00,Checkpoint_Alpha,Kinetic Agitation Spike,100.0
2026-09-15 17:09:00,Checkpoint_Alpha,Kinetic Agitation Spike,100.0
2026-09-15 17:09:01,Checkpoint_Alpha,Kinetic Agitation Spike,90.41
2026-09-15 17:09:01,Checkpoint_Alpha,Kinetic Agitation Spike,86.23
2026-09-15 17:09:01,Checkpoint_Alpha,Kinetic Agitation Spike,96.46
2026-09-15 17:09:01,Checkpoint_Alpha,Kinetic Agitation Spike,100.0
2026-09-15 17:09:01,Checkpoint_Alpha,Kinetic Agitation Spike,70.11
2026-09-15 17:09:01,Checkpoint_Alpha,Kinetic Agitation Spike,60.33
2026-09-15 17:09:01,Checkpoint_Alpha,Kinetic Agitation Spike,98.6
2026-09-15 17:09:01,Checkpoint_Alpha,Kinetic Agitation Spike,100.0
2026-09-15 17:09:01,Checkpoint_Alpha,Kinetic Agitation Spike,61.23
2026-09-15 17:09:01,Checkpoint_Alpha,Kinetic Agitation Spike,67.58
2026-09-15 17:09:01,Checkpoint_Alpha,Kinetic Agitation Spike,74.74
2026-09-15 17:09:01,Checkpoint_Alpha,Kinetic Agitation Spike,66.49
2026-09-15 17:09:01,Checkpoint_Alpha,Kinetic Agitation Spike,100.0
2026-09-15 17:09:01,Checkpoint_Alpha,Kinetic Agitation Spike,70.81
2026-09-15 17:09:01,Checkpoint_Alpha,Kinetic Agitation Spike,96.31
2026-09-15 17:09:01,Checkpoint_Alpha,Kinetic Agitation Spike,57.45
2026-09-15 17:09:01,Checkpoint_Alpha,Kinetic Agitation Spike,64.15
2026-09-15 17:09:01,Checkpoint_Alpha,Kinetic Agitation Spike,50.31
2026-09-15 17:09:01,Checkpoint_Alpha,Kinetic Agitation Spike,47.11
2026-09-15 17:09:01,Checkpoint_Alpha,Kinetic Agitation Spike,69.2
2026-09-15 17:09:01,Checkpoint_Alpha,Kinetic Agitation Spike,58.3
2026-09-15 17:09:01,Checkpoint_Alpha,Kinetic Agitation Spike,65.88
2026-09-15 17:09:01,Checkpoint_Alpha,Kinetic Agitation Spike,100.0
2026-09-15 17:09:01,Checkpoint_Alpha,Kinetic Agitation Spike,63.19
2026-09-15 17:09:01,Checkpoint_Alpha,Kinetic Agitation Spike,58.04
2026-09-15 17:09:01,Checkpoint_Alpha,Kinetic Agitation Spike,82.62
2026-09-15 17:09:01,Checkpoint_Alpha,Kinetic Agitation Spike,100.0
2026-09-15 17:09:01,Checkpoint_Alpha,Kinetic Agitation Spike,56.74
2026-09-15 17:09:01,Checkpoint_Alpha,Kinetic Agitation Spike,73.8
2026-09-15 17:09:01,Checkpoint_Alpha,Kinetic Agitation Spike,53.0
2026-09-15 17:09:01,Checkpoint_Alpha,Kinetic Agitation Spike,50.99
2026-09-15 17:09:01,Checkpoint_Alpha,Kinetic Agitation Spike,92.86
2026-09-15 17:09:01,Checkpoint_Alpha,Kinetic Agitation Spike,100.0
2026-09-15 17:09:01,Checkpoint_Alpha,Kinetic Agitation Spike,49.18
2026-09-15 17:09:01,Checkpoint_Alpha,Kinetic Agitation Spike,77.79
2026-09-15 17:09:01,Checkpoint_Alpha,Kinetic Agitation Spike,83.26
2026-09-15 17:09:01,Checkpoint_Alpha,Kinetic Agitation Spike,62.06
2026-09-15 17:09:01,Checkpoint_Alpha,Kinetic Agitation Spike,78.14
2026-09-15 17:09:01,Checkpoint_Alpha,Kinetic Agitation Spike,59.32
2026-09-15 17:09:01,Checkpoint_Alpha,Kinetic Agitation Spike,95.05
2026-09-15 17:09:01,Checkpoint_Alpha,Kinetic Agitation Spike,100.0
2026-09-15 17:09:01,Checkpoint_Alpha,Kinetic Agitation Spike,100.0
2026-09-15 17:09:01,Checkpoint_Alpha,Kinetic Agitation Spike,100.0
2026-09-15 17:09:01,Checkpoint_Alpha,Kinetic Agitation Spike,65.83
2026-09-15 17:09:01,Checkpoint_Alpha,Kinetic Agitation Spike,83.6
2026-09-15 17:09:01,Checkpoint_Alpha,Kinetic Agitation Spike,100.0
2026-09-15 17:09:01,Checkpoint_Alpha,Kinetic Agitation Spike,53.92
2026-09-15 17:09:01,Checkpoint_Alpha,Kinetic Agitation Spike,49.29
2026-09-15 17:09:01,Checkpoint_Alpha,Kinetic Agitation Spike,74.13
2026-09-15 17:09:01,Checkpoint_Alpha,Kinetic Agitation Spike,84.33
2026-09-15 17:09:01,Checkpoint_Alpha,Kinetic Agitation Spike,100.0
2026-09-15 17:09:01,Checkpoint_Alpha,Kinetic Agitation Spike,66.64
2026-09-15 17:09:01,Checkpoint_Alpha,Kinetic Agitation Spike,64.16
2026-09-15 17:09:01,Checkpoint_Alpha,Kinetic Agitation Spike,46.23
2026-09-15 17:09:01,Checkpoint_Alpha,Kinetic Agitation Spike,69.0
2026-09-15 17:09:01,Checkpoint_Alpha,Kinetic Agitation Spike,100.0
2026-09-15 17:09:01,Checkpoint_Alpha,Kinetic Agitation Spike,48.97
2026-09-15 17:09:01,Checkpoint_Alpha,Kinetic Agitation Spike,55.68
2026-09-15 17:09:01,Checkpoint_Alpha,Kinetic Agitation Spike,100.0
2026-09-15 17:09:01,Checkpoint_Alpha,Kinetic Agitation Spike,100.0
2026-09-15 17:09:01,Checkpoint_Alpha,Kinetic Agitation Spike,59.93
2026-09-15 17:09:02,Checkpoint_Alpha,Kinetic Agitation Spike,100.0
2026-09-15 17:09:02,Checkpoint_Alpha,Kinetic Agitation Spike,100.0
2026-09-15 17:09:02,Checkpoint_Alpha,Kinetic Agitation Spike,100.0
2026-09-15 17:09:02,Checkpoint_Alpha,Kinetic Agitation Spike,100.0
2026-09-15 17:09:02,Checkpoint_Alpha,Kinetic Agitation Spike,50.37
2026-09-15 17:09:02,Checkpoint_Alpha,Kinetic Agitation Spike,100.0
2026-09-15 17:09:02,Checkpoint_Alpha,Kinetic Agitation Spike,62.97
2026-09-15 17:09:02,Checkpoint_Alpha,Kinetic Agitation Spike,48.61
2026-09-15 17:09:02,Checkpoint_Alpha,Kinetic Agitation Spike,78.01
2026-09-15 17:09:02,Checkpoint_Alpha,Kinetic Agitation Spike,57.88
2026-09-15 17:09:02,Checkpoint_Alpha,Kinetic Agitation Spike,55.53
2026-09-15 17:09:02,Checkpoint_Alpha,Kinetic Agitation Spike,56.63
2026-09-15 17:09:02,Checkpoint_Alpha,Kinetic Agitation Spike,55.05
2026-09-15 17:09:02,Checkpoint_Alpha,Kinetic Agitation Spike,48.76
2026-09-15 17:09:02,Checkpoint_Alpha,Kinetic Agitation Spike,100.0
2026-09-15 17:09:02,Checkpoint_Alpha,Kinetic Agitation Spike,100.0
2026-09-15 17:09:02,Checkpoint_Alpha,Kinetic Agitation Spike,54.12
2026-09-15 17:09:02,Checkpoint_Alpha,Kinetic Agitation Spike,69.42
2026-09-15 17:09:02,Checkpoint_Alpha,Kinetic Agitation Spike,53.52
2026-09-15 17:09:02,Checkpoint_Alpha,Kinetic Agitation Spike,100.0
2026-09-15 17:09:02,Checkpoint_Alpha,Kinetic Agitation Spike,47.49
2026-09-15 17:09:02,Checkpoint_Alpha,Kinetic Agitation Spike,61.88
2026-09-15 17:09:02,Checkpoint_Alpha,Kinetic Agitation Spike,69.15
2026-09-15 17:09:02,Checkpoint_Alpha,Kinetic Agitation Spike,89.18
2026-09-15 17:09:02,Checkpoint_Alpha,Kinetic Agitation Spike,55.83
2026-09-15 17:09:02,Checkpoint_Alpha,Kinetic Agitation Spike,48.75
2026-09-15 17:09:02,Checkpoint_Alpha,Kinetic Agitation Spike,49.72
2026-09-15 17:09:02,Checkpoint_Alpha,Kinetic Agitation Spike,100.0
2026-09-15 17:09:02,Checkpoint_Alpha,Kinetic Agitation Spike,69.01
2026-09-15 17:09:02,Checkpoint_Alpha,Kinetic Agitation Spike,87.26
2026-09-15 17:09:02,Checkpoint_Alpha,Kinetic Agitation Spike,66.72
2026-09-15 17:09:02,Checkpoint_Alpha,Kinetic Agitation Spike,97.75
2026-09-15 17:09:02,Checkpoint_Alpha,Kinetic Agitation Spike,72.21
2026-09-15 17:09:02,Checkpoint_Alpha,Kinetic Agitation Spike,48.27
2026-09-15 17:09:02,Checkpoint_Alpha,Kinetic Agitation Spike,61.24
2026-09-15 17:09:02,Checkpoint_Alpha,Kinetic Agitation Spike,53.94
2026-09-15 17:09:02,Checkpoint_Alpha,Kinetic Agitation Spike,61.42
2026-09-15 17:09:02,Checkpoint_Alpha,Kinetic Agitation Spike,65.85
2026-09-15 17:09:02,Checkpoint_Alpha,Kinetic Agitation Spike,93.73
2026-09-15 17:09:02,Checkpoint_Alpha,Kinetic Agitation Spike,57.11
2026-09-15 17:09:02,Checkpoint_Alpha,Kinetic Agitation Spike,100.0
2026-09-15 17:09:02,Checkpoint_Alpha,Kinetic Agitation Spike,59.17
2026-09-15 17:09:02,Checkpoint_Alpha,Kinetic Agitation Spike,84.08
2026-09-15 17:09:02,Checkpoint_Alpha,Kinetic Agitation Spike,49.8
2026-09-15 17:09:02,Checkpoint_Alpha,Kinetic Agitation Spike,100.0
2026-09-15 17:09:02,Checkpoint_Alpha,Kinetic Agitation Spike,54.91
2026-09-15 17:09:02,Checkpoint_Alpha,Kinetic Agitation Spike,66.12
2026-09-15 17:09:02,Checkpoint_Alpha,Kinetic Agitation Spike,100.0
2026-09-15 17:09:02,Checkpoint_Alpha,Kinetic Agitation Spike,100.0
2026-09-15 17:09:02,Checkpoint_Alpha,Kinetic Agitation Spike,47.73
2026-09-15 17:09:03,Checkpoint_Alpha,Kinetic Agitation Spike,91.96
2026-09-15 17:09:03,Checkpoint_Alpha,Kinetic Agitation Spike,57.08
2026-09-15 17:09:03,Checkpoint_Alpha,Kinetic Agitation Spike,100.0
2026-09-15 17:09:03,Checkpoint_Alpha,Kinetic Agitation Spike,88.27
2026-09-15 17:09:03,Checkpoint_Alpha,Kinetic Agitation Spike,100.0
2026-09-15 17:09:03,Checkpoint_Alpha,Kinetic Agitation Spike,98.47
2026-09-15 17:09:03,Checkpoint_Alpha,Kinetic Agitation Spike,97.97
2026-09-15 17:09:03,Checkpoint_Alpha,Kinetic Agitation Spike,89.96
2026-09-15 17:09:03,Checkpoint_Alpha,Kinetic Agitation Spike,100.0
2026-09-15 17:09:03,Checkpoint_Alpha,Kinetic Agitation Spike,100.0
2026-09-15 17:09:03,Checkpoint_Alpha,Kinetic Agitation Spike,71.93
2026-09-15 17:09:03,Checkpoint_Alpha,Kinetic Agitation Spike,65.97
2026-09-15 17:09:03,Checkpoint_Alpha,Kinetic Agitation Spike,77.27
2026-09-15 17:09:03,Checkpoint_Alpha,Kinetic Agitation Spike,100.0
2026-09-15 17:09:03,Checkpoint_Alpha,Kinetic Agitation Spike,100.0
2026-09-15 17:09:03,Checkpoint_Alpha,Kinetic Agitation Spike,93.67
2026-09-15 17:09:03,Checkpoint_Alpha,Kinetic Agitation Spike,83.99
2026-09-15 17:09:03,Checkpoint_Alpha,Kinetic Agitation Spike,67.56
2026-09-15 17:09:03,Checkpoint_Alpha,Kinetic Agitation Spike,89.56
2026-09-15 17:09:03,Checkpoint_Alpha,Kinetic Agitation Spike,51.49
2026-09-15 17:09:03,Checkpoint_Alpha,Kinetic Agitation Spike,74.37
2026-09-15 17:09:03,Checkpoint_Alpha,Kinetic Agitation Spike,72.84
2026-09-15 17:09:03,Checkpoint_Alpha,Kinetic Agitation Spike,97.52
2026-09-15 17:09:03,Checkpoint_Alpha,Kinetic Agitation Spike,51.53
2026-09-15 17:09:03,Checkpoint_Alpha,Kinetic Agitation Spike,100.0
2026-09-15 17:09:03,Checkpoint_Alpha,Kinetic Agitation Spike,78.22
2026-09-15 17:09:03,Checkpoint_Alpha,Kinetic Agitation Spike,77.17
2026-09-15 17:09:03,Checkpoint_Alpha,Kinetic Agitation Spike,86.47
2026-09-15 17:09:03,Checkpoint_Alpha,Kinetic Agitation Spike,94.82
2026-09-15 17:09:03,Checkpoint_Alpha,Kinetic Agitation Spike,100.0
2026-09-15 17:09:03,Checkpoint_Alpha,Kinetic Agitation Spike,60.08
2026-09-15 17:09:03,Checkpoint_Alpha,Kinetic Agitation Spike,100.0
2026-09-15 17:09:03,Checkpoint_Alpha,Kinetic Agitation Spike,51.71
2026-09-15 17:09:03,Checkpoint_Alpha,Kinetic Agitation Spike,100.0
2026-09-15 17:09:03,Checkpoint_Alpha,Kinetic Agitation Spike,91.13
2026-09-15 17:09:03,Checkpoint_Alpha,Kinetic Agitation Spike,73.26
2026-09-15 17:09:03,Checkpoint_Alpha,Kinetic Agitation Spike,92.66
2026-09-15 17:09:03,Checkpoint_Alpha,Kinetic Agitation Spike,100.0
2026-09-15 17:09:03,Checkpoint_Alpha,Kinetic Agitation Spike,88.07
2026-09-15 17:09:03,Checkpoint_Alpha,Kinetic Agitation Spike,79.4
2026-09-15 17:09:03,Checkpoint_Alpha,Kinetic Agitation Spike,65.0
2026-09-15 17:09:03,Checkpoint_Alpha,Kinetic Agitation Spike,59.8
2026-09-15 17:09:03,Checkpoint_Alpha,Kinetic Agitation Spike,100.0
2026-09-15 17:09:03,Checkpoint_Alpha,Kinetic Agitation Spike,68.27
2026-09-15 17:09:03,Checkpoint_Alpha,Kinetic Agitation Spike,51.23
2026-09-15 17:09:03,Checkpoint_Alpha,Kinetic Agitation Spike,88.68
2026-09-15 17:09:03,Checkpoint_Alpha,Kinetic Agitation Spike,50.66
2026-09-15 17:09:03,Checkpoint_Alpha,Kinetic Agitation Spike,100.0
2026-09-15 17:09:03,Checkpoint_Alpha,Kinetic Agitation Spike,50.11
2026-09-15 17:09:03,Checkpoint_Alpha,Kinetic Agitation Spike,68.67
2026-09-15 17:09:03,Checkpoint_Alpha,Kinetic Agitation Spike,100.0
2026-09-15 17:09:03,Checkpoint_Alpha,Kinetic Agitation Spike,69.9
2026-09-15 17:09:03,Checkpoint_Alpha,Kinetic Agitation Spike,80.04
2026-09-15 17:09:03,Checkpoint_Alpha,Kinetic Agitation Spike,100.0
2026-09-15 17:09:03,Checkpoint_Alpha,Kinetic Agitation Spike,100.0
2026-09-15 17:09:03,Checkpoint_Alpha,Kinetic Agitation Spike,71.2
2026-09-15 17:09:03,Checkpoint_Alpha,Kinetic Agitation Spike,100.0
2026-09-15 17:09:03,Checkpoint_Alpha,Kinetic Agitation Spike,71.35
2026-09-15 17:09:03,Checkpoint_Alpha,Kinetic Agitation Spike,81.41
2026-09-15 17:09:03,Checkpoint_Alpha,Kinetic Agitation Spike,46.75
2026-09-15 17:09:04,Checkpoint_Alpha,Kinetic Agitation Spike,100.0
2026-09-15 17:09:04,Checkpoint_Alpha,Kinetic Agitation Spike,100.0
2026-09-15 17:09:04,Checkpoint_Alpha,Kinetic Agitation Spike,91.38
2026-09-15 17:09:04,Checkpoint_Alpha,Kinetic Agitation Spike,60.39
2026-09-15 17:09:04,Checkpoint_Alpha,Kinetic Agitation Spike,53.09
2026-09-15 17:09:04,Checkpoint_Alpha,Kinetic Agitation Spike,100.0
2026-09-15 17:09:04,Checkpoint_Alpha,Kinetic Agitation Spike,84.65
2026-09-15 17:09:04,Checkpoint_Alpha,Kinetic Agitation Spike,45.18
2026-09-15 17:09:04,Checkpoint_Alpha,Kinetic Agitation Spike,53.42
2026-09-15 17:09:04,Checkpoint_Alpha,Kinetic Agitation Spike,78.24
2026-09-15 17:09:04,Checkpoint_Alpha,Kinetic Agitation Spike,54.47
2026-09-15 17:09:04,Checkpoint_Alpha,Kinetic Agitation Spike,100.0
2026-09-15 17:09:04,Checkpoint_Alpha,Kinetic Agitation Spike,54.71
2026-09-15 17:09:04,Checkpoint_Alpha,Kinetic Agitation Spike,66.98
2026-09-15 17:09:04,Checkpoint_Alpha,Kinetic Agitation Spike,59.68
2026-09-15 17:09:04,Checkpoint_Alpha,Kinetic Agitation Spike,61.16
2026-09-15 17:09:04,Checkpoint_Alpha,Kinetic Agitation Spike,100.0
2026-09-15 17:09:04,Checkpoint_Alpha,Kinetic Agitation Spike,100.0
2026-09-15 17:09:04,Checkpoint_Alpha,Kinetic Agitation Spike,68.42
2026-09-15 17:09:04,Checkpoint_Alpha,Kinetic Agitation Spike,95.62
2026-09-15 17:09:04,Checkpoint_Alpha,Kinetic Agitation Spike,70.63
2026-09-15 17:09:04,Checkpoint_Alpha,Kinetic Agitation Spike,62.38
2026-09-15 17:09:04,Checkpoint_Alpha,Kinetic Agitation Spike,95.86
2026-09-15 17:09:04,Checkpoint_Alpha,Kinetic Agitation Spike,63.01
2026-09-15 17:09:04,Checkpoint_Alpha,Kinetic Agitation Spike,66.13
2026-09-15 17:09:04,Checkpoint_Alpha,Kinetic Agitation Spike,46.61
2026-09-15 17:09:04,Checkpoint_Alpha,Kinetic Agitation Spike,96.7
2026-09-15 17:09:04,Checkpoint_Alpha,Kinetic Agitation Spike,46.71
2026-09-15 17:09:04,Checkpoint_Alpha,Kinetic Agitation Spike,94.46
2026-09-15 17:09:04,Checkpoint_Alpha,Kinetic Agitation Spike,45.54
2026-09-15 17:09:04,Checkpoint_Alpha,Kinetic Agitation Spike,72.54
2026-09-15 17:09:04,Checkpoint_Alpha,Kinetic Agitation Spike,73.47
2026-09-15 17:09:04,Checkpoint_Alpha,Kinetic Agitation Spike,57.68
2026-09-15 17:09:04,Checkpoint_Alpha,Kinetic Agitation Spike,87.62
2026-09-15 17:09:04,Checkpoint_Alpha,Kinetic Agitation Spike,100.0
2026-09-15 17:09:04,Checkpoint_Alpha,Kinetic Agitation Spike,48.6
2026-09-15 17:09:04,Checkpoint_Alpha,Kinetic Agitation Spike,78.85
2026-09-15 17:09:04,Checkpoint_Alpha,Kinetic Agitation Spike,47.56
2026-09-15 17:09:04,Checkpoint_Alpha,Kinetic Agitation Spike,91.4
2026-09-15 17:09:04,Checkpoint_Alpha,Kinetic Agitation Spike,51.49
2026-09-15 17:09:04,Checkpoint_Alpha,Kinetic Agitation Spike,49.34
2026-09-15 17:09:04,Checkpoint_Alpha,Kinetic Agitation Spike,100.0
2026-09-15 17:09:04,Checkpoint_Alpha,Kinetic Agitation Spike,72.82
2026-09-15 17:09:04,Checkpoint_Alpha,Kinetic Agitation Spike,100.0
2026-09-15 17:09:04,Checkpoint_Alpha,Kinetic Agitation Spike,72.94
2026-09-15 17:09:04,Checkpoint_Alpha,Kinetic Agitation Spike,100.0
2026-09-15 17:09:04,Checkpoint_Alpha,Kinetic Agitation Spike,100.0
2026-09-15 17:09:04,Checkpoint_Alpha,Kinetic Agitation Spike,63.23
2026-09-15 17:09:04,Checkpoint_Alpha,Kinetic Agitation Spike,100.0
2026-09-15 17:09:04,Checkpoint_Alpha,Kinetic Agitation Spike,55.51
2026-09-15 17:09:04,Checkpoint_Alpha,Kinetic Agitation Spike,58.96
2026-09-15 17:09:04,Checkpoint_Alpha,Kinetic Agitation Spike,85.52
2026-09-15 17:09:04,Checkpoint_Alpha,Kinetic Agitation Spike,88.03
2026-09-15 17:09:04,Checkpoint_Alpha,Kinetic Agitation Spike,67.35
2026-09-15 17:09:04,Checkpoint_Alpha,Kinetic Agitation Spike,75.27
2026-09-15 17:09:04,Checkpoint_Alpha,Kinetic Agitation Spike,79.68
2026-09-15 17:09:04,Checkpoint_Alpha,Kinetic Agitation Spike,74.07
2026-09-15 17:09:04,Checkpoint_Alpha,Kinetic Agitation Spike,90.41
2026-09-15 17:09:04,Checkpoint_Alpha,Kinetic Agitation Spike,58.99
2026-09-15 17:09:04,Checkpoint_Alpha,Kinetic Agitation Spike,77.31
2026-09-15 17:09:05,Checkpoint_Alpha,Kinetic Agitation Spike,88.39
2026-09-15 17:09:05,Checkpoint_Alpha,Kinetic Agitation Spike,61.59
2026-09-15 17:09:05,Checkpoint_Alpha,Kinetic Agitation Spike,49.61
2026-09-15 17:09:05,Checkpoint_Alpha,Kinetic Agitation Spike,73.49
2026-09-15 17:09:05,Checkpoint_Alpha,Kinetic Agitation Spike,91.71
2026-09-15 17:09:05,Checkpoint_Alpha,Kinetic Agitation Spike,99.0
2026-09-15 17:09:05,Checkpoint_Alpha,Kinetic Agitation Spike,73.7
2026-09-15 17:09:05,Checkpoint_Alpha,Kinetic Agitation Spike,95.51
2026-09-15 17:09:05,Checkpoint_Alpha,Kinetic Agitation Spike,48.4
2026-09-15 17:09:05,Checkpoint_Alpha,Kinetic Agitation Spike,96.1
2026-09-15 17:09:05,Checkpoint_Alpha,Kinetic Agitation Spike,47.55
2026-09-15 17:09:05,Checkpoint_Alpha,Kinetic Agitation Spike,100.0
2026-09-15 17:09:05,Checkpoint_Alpha,Kinetic Agitation Spike,83.25
2026-09-15 17:09:05,Checkpoint_Alpha,Kinetic Agitation Spike,63.88
2026-09-15 17:09:05,Checkpoint_Alpha,Kinetic Agitation Spike,94.33
2026-09-15 17:09:05,Checkpoint_Alpha,Kinetic Agitation Spike,51.05
2026-09-15 17:09:05,Checkpoint_Alpha,Kinetic Agitation Spike,49.87
2026-09-15 17:09:05,Checkpoint_Alpha,Kinetic Agitation Spike,100.0
2026-09-15 17:09:05,Checkpoint_Alpha,Kinetic Agitation Spike,70.98
2026-09-15 17:09:05,Checkpoint_Alpha,Kinetic Agitation Spike,89.51
2026-09-15 17:09:05,Checkpoint_Alpha,Kinetic Agitation Spike,97.6
2026-09-15 17:09:05,Checkpoint_Alpha,Kinetic Agitation Spike,100.0
2026-09-15 17:09:05,Checkpoint_Alpha,Kinetic Agitation Spike,73.5
2026-09-15 17:09:05,Checkpoint_Alpha,Kinetic Agitation Spike,47.37
2026-09-15 17:09:05,Checkpoint_Alpha,Kinetic Agitation Spike,68.88
2026-09-15 17:09:05,Checkpoint_Alpha,Kinetic Agitation Spike,100.0
2026-09-15 17:09:05,Checkpoint_Alpha,Kinetic Agitation Spike,100.0
2026-09-15 17:09:05,Checkpoint_Alpha,Kinetic Agitation Spike,100.0
2026-09-15 17:09:05,Checkpoint_Alpha,Kinetic Agitation Spike,69.9
2026-09-15 17:09:05,Checkpoint_Alpha,Kinetic Agitation Spike,83.8
2026-09-15 17:09:05,Checkpoint_Alpha,Kinetic Agitation Spike,100.0
2026-09-15 17:09:05,Checkpoint_Alpha,Kinetic Agitation Spike,53.79
2026-09-15 17:09:05,Checkpoint_Alpha,Kinetic Agitation Spike,100.0
2026-09-15 17:09:05,Checkpoint_Alpha,Kinetic Agitation Spike,100.0
2026-09-15 17:09:05,Checkpoint_Alpha,Kinetic Agitation Spike,100.0
2026-09-15 17:09:05,Checkpoint_Alpha,Kinetic Agitation Spike,91.91
2026-09-15 17:09:05,Checkpoint_Alpha,Kinetic Agitation Spike,88.36
2026-09-15 17:09:05,Checkpoint_Alpha,Kinetic Agitation Spike,51.47
2026-09-15 17:09:05,Checkpoint_Alpha,Kinetic Agitation Spike,95.3
2026-09-15 17:09:05,Checkpoint_Alpha,Kinetic Agitation Spike,47.26
2026-09-15 17:09:05,Checkpoint_Alpha,Kinetic Agitation Spike,46.78
2026-09-15 17:09:05,Checkpoint_Alpha,Kinetic Agitation Spike,50.59
2026-09-15 17:09:05,Checkpoint_Alpha,Kinetic Agitation Spike,100.0
2026-09-15 17:09:05,Checkpoint_Alpha,Kinetic Agitation Spike,85.79
2026-09-15 17:09:05,Checkpoint_Alpha,Kinetic Agitation Spike,100.0
2026-09-15 17:09:05,Checkpoint_Alpha,Kinetic Agitation Spike,70.78
2026-09-15 17:09:05,Checkpoint_Alpha,Kinetic Agitation Spike,95.44
2026-09-15 17:09:05,Checkpoint_Alpha,Kinetic Agitation Spike,100.0
2026-09-15 17:09:05,Checkpoint_Alpha,Kinetic Agitation Spike,93.64
2026-09-15 17:09:05,Checkpoint_Alpha,Kinetic Agitation Spike,82.91
2026-09-15 17:09:05,Checkpoint_Alpha,Kinetic Agitation Spike,96.58
2026-09-15 17:09:06,Checkpoint_Alpha,Kinetic Agitation Spike,45.42
2026-09-15 17:09:06,Checkpoint_Alpha,Kinetic Agitation Spike,100.0
2026-09-15 17:09:06,Checkpoint_Alpha,Kinetic Agitation Spike,95.71
2026-09-15 17:09:06,Checkpoint_Alpha,Kinetic Agitation Spike,45.96
2026-09-15 17:09:06,Checkpoint_Alpha,Kinetic Agitation Spike,95.66
2026-09-15 17:09:06,Checkpoint_Alpha,Kinetic Agitation Spike,73.2
2026-09-15 17:09:06,Checkpoint_Alpha,Kinetic Agitation Spike,100.0
2026-09-15 17:09:06,Checkpoint_Alpha,Kinetic Agitation Spike,46.84
2026-09-15 17:09:06,Checkpoint_Alpha,Kinetic Agitation Spike,77.5
2026-09-15 17:09:06,Checkpoint_Alpha,Kinetic Agitation Spike,96.36
2026-09-15 17:09:06,Checkpoint_Alpha,Kinetic Agitation Spike,100.0
2026-09-15 17:09:06,Checkpoint_Alpha,Kinetic Agitation Spike,89.87
2026-09-15 17:09:06,Checkpoint_Alpha,Kinetic Agitation Spike,81.85
2026-09-15 17:09:06,Checkpoint_Alpha,Kinetic Agitation Spike,100.0
2026-09-15 17:09:06,Checkpoint_Alpha,Kinetic Agitation Spike,64.19
2026-09-15 17:09:06,Checkpoint_Alpha,Kinetic Agitation Spike,83.18
2026-09-15 17:09:06,Checkpoint_Alpha,Kinetic Agitation Spike,100.0
2026-09-15 17:09:06,Checkpoint_Alpha,Kinetic Agitation Spike,52.29
2026-09-15 17:09:06,Checkpoint_Alpha,Kinetic Agitation Spike,100.0
2026-09-15 17:09:06,Checkpoint_Alpha,Kinetic Agitation Spike,62.33
2026-09-15 17:09:06,Checkpoint_Alpha,Kinetic Agitation Spike,68.03
2026-09-15 17:09:06,Checkpoint_Alpha,Kinetic Agitation Spike,100.0
2026-09-15 17:09:06,Checkpoint_Alpha,Kinetic Agitation Spike,100.0
2026-09-15 17:09:06,Checkpoint_Alpha,Kinetic Agitation Spike,91.85
2026-09-15 17:09:06,Checkpoint_Alpha,Kinetic Agitation Spike,47.86
2026-09-15 17:09:06,Checkpoint_Alpha,Kinetic Agitation Spike,100.0
2026-09-15 17:09:06,Checkpoint_Alpha,Kinetic Agitation Spike,100.0
2026-09-15 17:09:06,Checkpoint_Alpha,Kinetic Agitation Spike,48.26
2026-09-15 17:09:06,Checkpoint_Alpha,Kinetic Agitation Spike,52.94
2026-09-15 17:09:06,Checkpoint_Alpha,Kinetic Agitation Spike,52.31
2026-09-15 17:09:06,Checkpoint_Alpha,Kinetic Agitation Spike,100.0
2026-09-15 17:09:06,Checkpoint_Alpha,Kinetic Agitation Spike,75.61
2026-09-15 17:09:06,Checkpoint_Alpha,Kinetic Agitation Spike,68.01
2026-09-15 17:09:06,Checkpoint_Alpha,Kinetic Agitation Spike,86.63
2026-09-15 17:09:06,Checkpoint_Alpha,Kinetic Agitation Spike,100.0
2026-09-15 17:09:06,Checkpoint_Alpha,Kinetic Agitation Spike,47.74
2026-09-15 17:09:06,Checkpoint_Alpha,Kinetic Agitation Spike,81.14
2026-09-15 17:09:06,Checkpoint_Alpha,Kinetic Agitation Spike,78.51
2026-09-15 17:09:06,Checkpoint_Alpha,Kinetic Agitation Spike,99.64
2026-09-15 17:09:06,Checkpoint_Alpha,Kinetic Agitation Spike,48.86
2026-09-15 17:09:06,Checkpoint_Alpha,Kinetic Agitation Spike,50.22
2026-09-15 17:09:06,Checkpoint_Alpha,Kinetic Agitation Spike,95.47
2026-09-15 17:09:06,Checkpoint_Alpha,Kinetic Agitation Spike,93.4
2026-09-15 17:09:06,Checkpoint_Alpha,Kinetic Agitation Spike,100.0
2026-09-15 17:09:06,Checkpoint_Alpha,Kinetic Agitation Spike,100.0
2026-09-15 17:09:06,Checkpoint_Alpha,Kinetic Agitation Spike,55.86
2026-09-15 17:09:06,Checkpoint_Alpha,Kinetic Agitation Spike,91.07
2026-09-15 17:09:06,Checkpoint_Alpha,Kinetic Agitation Spike,69.61
2026-09-15 17:09:06,Checkpoint_Alpha,Kinetic Agitation Spike,65.99
2026-09-15 17:09:06,Checkpoint_Alpha,Kinetic Agitation Spike,100.0
2026-09-15 17:09:06,Checkpoint_Alpha,Kinetic Agitation Spike,56.88
2026-09-15 17:09:06,Checkpoint_Alpha,Kinetic Agitation Spike,62.24
2026-09-15 17:09:06,Checkpoint_Alpha,Kinetic Agitation Spike,57.45
2026-09-15 17:09:06,Checkpoint_Alpha,Kinetic Agitation Spike,96.9
2026-09-15 17:09:06,Checkpoint_Alpha,Kinetic Agitation Spike,93.16
2026-09-15 17:09:06,Checkpoint_Alpha,Kinetic Agitation Spike,48.56
2026-09-15 17:09:06,Checkpoint_Alpha,Kinetic Agitation Spike,81.63
2026-09-15 17:09:06,Checkpoint_Alpha,Kinetic Agitation Spike,98.1
2026-09-15 17:09:06,Checkpoint_Alpha,Kinetic Agitation Spike,57.94
2026-09-15 17:09:06,Checkpoint_Alpha,Kinetic Agitation Spike,100.0
2026-09-15 17:09:06,Checkpoint_Alpha,Kinetic Agitation Spike,60.6
2026-09-15 17:09:06,Checkpoint_Alpha,Kinetic Agitation Spike,68.56
2026-09-15 17:09:06,Checkpoint_Alpha,Kinetic Agitation Spike,46.69
2026-09-15 17:09:06,Checkpoint_Alpha,Kinetic Agitation Spike,60.47
2026-09-15 17:09:06,Checkpoint_Alpha,Kinetic Agitation Spike,93.28
2026-09-15 17:09:06,Checkpoint_Alpha,Kinetic Agitation Spike,56.21
2026-09-15 17:09:06,Checkpoint_Alpha,Kinetic Agitation Spike,61.43
2026-09-15 17:09:06,Checkpoint_Alpha,Kinetic Agitation Spike,97.04
2026-09-15 17:09:06,Checkpoint_Alpha,Kinetic Agitation Spike,79.92
2026-09-15 17:09:06,Checkpoint_Alpha,Kinetic Agitation Spike,48.73
2026-09-15 17:09:06,Checkpoint_Alpha,Kinetic Agitation Spike,100.0
2026-09-15 17:09:06,Checkpoint_Alpha,Kinetic Agitation Spike,94.45
2026-09-15 17:09:07,Checkpoint_Alpha,Kinetic Agitation Spike,100.0
2026-09-15 17:09:07,Checkpoint_Alpha,Kinetic Agitation Spike,51.34
2026-09-15 17:09:07,Checkpoint_Alpha,Kinetic Agitation Spike,84.96
2026-09-15 17:09:07,Checkpoint_Alpha,Kinetic Agitation Spike,86.15
2026-09-15 17:09:07,Checkpoint_Alpha,Kinetic Agitation Spike,57.08
2026-09-15 17:09:07,Checkpoint_Alpha,Kinetic Agitation Spike,65.04
2026-09-15 17:09:07,Checkpoint_Alpha,Kinetic Agitation Spike,100.0
2026-09-15 17:09:07,Checkpoint_Alpha,Kinetic Agitation Spike,100.0
2026-09-15 17:09:07,Checkpoint_Alpha,Kinetic Agitation Spike,75.11
2026-09-15 17:09:07,Checkpoint_Alpha,Kinetic Agitation Spike,57.64
2026-09-15 17:09:07,Checkpoint_Alpha,Kinetic Agitation Spike,66.26
2026-09-15 17:09:07,Checkpoint_Alpha,Kinetic Agitation Spike,76.26
2026-09-15 17:09:07,Checkpoint_Alpha,Kinetic Agitation Spike,54.51
2026-09-15 17:09:07,Checkpoint_Alpha,Kinetic Agitation Spike,45.42
2026-09-15 17:09:07,Checkpoint_Alpha,Kinetic Agitation Spike,100.0
2026-09-15 17:09:07,Checkpoint_Alpha,Kinetic Agitation Spike,65.51
2026-09-15 17:09:07,Checkpoint_Alpha,Kinetic Agitation Spike,49.39
2026-09-15 17:09:07,Checkpoint_Alpha,Kinetic Agitation Spike,47.3
2026-09-15 17:09:07,Checkpoint_Alpha,Kinetic Agitation Spike,47.88
2026-09-15 17:09:07,Checkpoint_Alpha,Kinetic Agitation Spike,61.52
2026-09-15 17:09:07,Checkpoint_Alpha,Kinetic Agitation Spike,100.0
2026-09-15 17:09:07,Checkpoint_Alpha,Kinetic Agitation Spike,73.78
2026-09-15 17:09:07,Checkpoint_Alpha,Kinetic Agitation Spike,55.55
2026-09-15 17:09:07,Checkpoint_Alpha,Kinetic Agitation Spike,58.37
2026-09-15 17:09:07,Checkpoint_Alpha,Kinetic Agitation Spike,58.59
2026-09-15 17:09:07,Checkpoint_Alpha,Kinetic Agitation Spike,96.81
2026-09-15 17:09:07,Checkpoint_Alpha,Kinetic Agitation Spike,68.49
2026-09-15 17:09:07,Checkpoint_Alpha,Kinetic Agitation Spike,56.32
2026-09-15 17:09:07,Checkpoint_Alpha,Kinetic Agitation Spike,68.26
2026-09-15 17:09:07,Checkpoint_Alpha,Kinetic Agitation Spike,67.06
2026-09-15 17:09:07,Checkpoint_Alpha,Kinetic Agitation Spike,100.0
2026-09-15 17:09:07,Checkpoint_Alpha,Kinetic Agitation Spike,86.45
2026-09-15 17:09:07,Checkpoint_Alpha,Kinetic Agitation Spike,56.82
2026-09-15 17:09:07,Checkpoint_Alpha,Kinetic Agitation Spike,100.0
2026-09-15 17:09:07,Checkpoint_Alpha,Kinetic Agitation Spike,100.0
2026-09-15 17:09:07,Checkpoint_Alpha,Kinetic Agitation Spike,91.43
2026-09-15 17:09:07,Checkpoint_Alpha,Kinetic Agitation Spike,54.67
2026-09-15 17:09:07,Checkpoint_Alpha,Kinetic Agitation Spike,58.37
2026-09-15 17:09:07,Checkpoint_Alpha,Kinetic Agitation Spike,54.31
2026-09-15 17:09:07,Checkpoint_Alpha,Kinetic Agitation Spike,94.53
2026-09-15 17:09:07,Checkpoint_Alpha,Kinetic Agitation Spike,100.0
2026-09-15 17:09:07,Checkpoint_Alpha,Kinetic Agitation Spike,100.0
2026-09-15 17:09:07,Checkpoint_Alpha,Kinetic Agitation Spike,71.7
2026-09-15 17:09:07,Checkpoint_Alpha,Kinetic Agitation Spike,54.89
2026-09-15 17:09:07,Checkpoint_Alpha,Kinetic Agitation Spike,56.79
2026-09-15 17:09:07,Checkpoint_Alpha,Kinetic Agitation Spike,49.29
2026-09-15 17:09:07,Checkpoint_Alpha,Kinetic Agitation Spike,100.0
2026-09-15 17:09:07,Checkpoint_Alpha,Kinetic Agitation Spike,83.65
2026-09-15 17:09:07,Checkpoint_Alpha,Kinetic Agitation Spike,100.0
2026-09-15 17:09:07,Checkpoint_Alpha,Kinetic Agitation Spike,45.29
2026-09-15 17:09:07,Checkpoint_Alpha,Kinetic Agitation Spike,81.46
2026-09-15 17:09:07,Checkpoint_Alpha,Kinetic Agitation Spike,100.0
2026-09-15 17:09:07,Checkpoint_Alpha,Kinetic Agitation Spike,59.1
2026-09-15 17:09:07,Checkpoint_Alpha,Kinetic Agitation Spike,100.0
2026-09-15 17:09:07,Checkpoint_Alpha,Kinetic Agitation Spike,49.31
2026-09-15 17:09:07,Checkpoint_Alpha,Kinetic Agitation Spike,100.0
2026-09-15 17:09:07,Checkpoint_Alpha,Kinetic Agitation Spike,54.64
2026-09-15 17:09:07,Checkpoint_Alpha,Kinetic Agitation Spike,89.12
2026-09-15 17:09:07,Checkpoint_Alpha,Kinetic Agitation Spike,60.3
2026-09-15 17:09:08,Checkpoint_Alpha,Kinetic Agitation Spike,71.59
2026-09-15 17:09:08,Checkpoint_Alpha,Kinetic Agitation Spike,56.07
2026-09-15 17:09:08,Checkpoint_Alpha,Kinetic Agitation Spike,100.0
2026-09-15 17:09:08,Checkpoint_Alpha,Kinetic Agitation Spike,52.98
2026-09-15 17:09:08,Checkpoint_Alpha,Kinetic Agitation Spike,100.0
2026-09-15 17:09:08,Checkpoint_Alpha,Kinetic Agitation Spike,76.19
2026-09-15 17:09:08,Checkpoint_Alpha,Kinetic Agitation Spike,47.37
2026-09-15 17:09:08,Checkpoint_Alpha,Kinetic Agitation Spike,46.15
2026-09-15 17:09:08,Checkpoint_Alpha,Kinetic Agitation Spike,46.14
2026-09-15 17:09:08,Checkpoint_Alpha,Kinetic Agitation Spike,79.79
2026-09-15 17:09:08,Checkpoint_Alpha,Kinetic Agitation Spike,47.47
2026-09-15 17:09:08,Checkpoint_Alpha,Kinetic Agitation Spike,50.75
2026-09-15 17:09:08,Checkpoint_Alpha,Kinetic Agitation Spike,61.09
2026-09-15 17:09:08,Checkpoint_Alpha,Kinetic Agitation Spike,46.41
2026-09-15 17:09:08,Checkpoint_Alpha,Kinetic Agitation Spike,100.0
2026-09-15 17:09:08,Checkpoint_Alpha,Kinetic Agitation Spike,75.27
2026-09-15 17:09:08,Checkpoint_Alpha,Kinetic Agitation Spike,100.0
2026-09-15 17:09:08,Checkpoint_Alpha,Kinetic Agitation Spike,47.97
2026-09-15 17:09:08,Checkpoint_Alpha,Kinetic Agitation Spike,100.0
2026-09-15 17:09:08,Checkpoint_Alpha,Kinetic Agitation Spike,100.0
2026-09-15 17:09:08,Checkpoint_Alpha,Kinetic Agitation Spike,71.85
2026-09-15 17:09:08,Checkpoint_Alpha,Kinetic Agitation Spike,82.28
2026-09-15 17:09:08,Checkpoint_Alpha,Kinetic Agitation Spike,100.0
2026-09-15 17:09:08,Checkpoint_Alpha,Kinetic Agitation Spike,58.36
2026-09-15 17:09:08,Checkpoint_Alpha,Kinetic Agitation Spike,100.0
2026-09-15 17:09:08,Checkpoint_Alpha,Kinetic Agitation Spike,59.09
2026-09-15 17:09:08,Checkpoint_Alpha,Kinetic Agitation Spike,53.15
2026-09-15 17:09:08,Checkpoint_Alpha,Kinetic Agitation Spike,63.02
2026-09-15 17:09:08,Checkpoint_Alpha,Kinetic Agitation Spike,59.79
2026-09-15 17:09:08,Checkpoint_Alpha,Kinetic Agitation Spike,89.74
2026-09-15 17:09:08,Checkpoint_Alpha,Kinetic Agitation Spike,94.77
2026-09-15 17:09:08,Checkpoint_Alpha,Kinetic Agitation Spike,100.0
2026-09-15 17:09:08,Checkpoint_Alpha,Kinetic Agitation Spike,100.0
2026-09-15 17:09:08,Checkpoint_Alpha,Kinetic Agitation Spike,58.26
2026-09-15 17:09:08,Checkpoint_Alpha,Kinetic Agitation Spike,100.0
2026-09-15 17:09:08,Checkpoint_Alpha,Kinetic Agitation Spike,100.0
2026-09-15 17:09:08,Checkpoint_Alpha,Kinetic Agitation Spike,47.02
2026-09-15 17:09:08,Checkpoint_Alpha,Kinetic Agitation Spike,52.29
2026-09-15 17:09:08,Checkpoint_Alpha,Kinetic Agitation Spike,100.0
2026-09-15 17:09:08,Checkpoint_Alpha,Kinetic Agitation Spike,52.22
2026-09-15 17:09:08,Checkpoint_Alpha,Kinetic Agitation Spike,100.0
2026-09-15 17:09:08,Checkpoint_Alpha,Kinetic Agitation Spike,84.62
2026-09-15 17:09:08,Checkpoint_Alpha,Kinetic Agitation Spike,100.0
2026-09-15 17:09:08,Checkpoint_Alpha,Kinetic Agitation Spike,57.78
2026-09-15 17:09:08,Checkpoint_Alpha,Kinetic Agitation Spike,86.03
2026-09-15 17:09:08,Checkpoint_Alpha,Kinetic Agitation Spike,54.48
2026-09-15 17:09:08,Checkpoint_Alpha,Kinetic Agitation Spike,100.0
2026-09-15 17:09:08,Checkpoint_Alpha,Kinetic Agitation Spike,93.87
2026-09-15 17:09:08,Checkpoint_Alpha,Kinetic Agitation Spike,59.09
2026-09-15 17:09:08,Checkpoint_Alpha,Kinetic Agitation Spike,80.89
2026-09-15 17:09:08,Checkpoint_Alpha,Kinetic Agitation Spike,100.0
2026-09-15 17:09:08,Checkpoint_Alpha,Kinetic Agitation Spike,100.0
2026-09-15 17:09:08,Checkpoint_Alpha,Kinetic Agitation Spike,45.86
2026-09-15 17:09:08,Checkpoint_Alpha,Kinetic Agitation Spike,80.38
2026-09-15 17:09:08,Checkpoint_Alpha,Kinetic Agitation Spike,100.0
2026-09-15 17:09:08,Checkpoint_Alpha,Kinetic Agitation Spike,97.28
2026-09-15 17:09:08,Checkpoint_Alpha,Kinetic Agitation Spike,61.86
2026-09-15 17:09:08,Checkpoint_Alpha,Kinetic Agitation Spike,100.0
2026-09-15 17:09:08,Checkpoint_Alpha,Kinetic Agitation Spike,47.66
2026-09-15 17:09:08,Checkpoint_Alpha,Kinetic Agitation Spike,100.0
2026-09-15 17:09:08,Checkpoint_Alpha,Kinetic Agitation Spike,100.0
2026-09-15 17:09:08,Checkpoint_Alpha,Kinetic Agitation Spike,88.04
2026-09-15 17:09:08,Checkpoint_Alpha,Kinetic Agitation Spike,79.87
2026-09-15 17:09:08,Checkpoint_Alpha,Kinetic Agitation Spike,95.54
2026-09-15 17:09:08,Checkpoint_Alpha,Kinetic Agitation Spike,56.75
2026-09-15 17:09:08,Checkpoint_Alpha,Kinetic Agitation Spike,74.71
2026-09-15 17:09:08,Checkpoint_Alpha,Kinetic Agitation Spike,96.27
2026-09-15 17:09:08,Checkpoint_Alpha,Kinetic Agitation Spike,62.91
2026-09-15 17:09:08,Checkpoint_Alpha,Kinetic Agitation Spike,75.28
2026-09-15 17:09:08,Checkpoint_Alpha,Kinetic Agitation Spike,100.0
2026-09-15 17:09:08,Checkpoint_Alpha,Kinetic Agitation Spike,100.0
2026-09-15 17:09:08,Checkpoint_Alpha,Kinetic Agitation Spike,98.28
2026-09-15 17:09:08,Checkpoint_Alpha,Kinetic Agitation Spike,46.96
2026-09-15 17:09:08,Checkpoint_Alpha,Kinetic Agitation Spike,64.27
2026-09-15 17:09:08,Checkpoint_Alpha,Kinetic Agitation Spike,100.0
2026-09-15 17:09:08,Checkpoint_Alpha,Kinetic Agitation Spike,47.2
2026-09-15 17:09:08,Checkpoint_Alpha,Kinetic Agitation Spike,91.65
2026-09-15 17:09:08,Checkpoint_Alpha,Kinetic Agitation Spike,65.15
2026-09-15 17:09:08,Checkpoint_Alpha,Kinetic Agitation Spike,82.57
2026-09-15 17:09:09,Checkpoint_Alpha,Kinetic Agitation Spike,57.76
2026-09-15 17:09:09,Checkpoint_Alpha,Kinetic Agitation Spike,100.0
2026-09-15 17:09:09,Checkpoint_Alpha,Kinetic Agitation Spike,65.25
2026-09-15 17:09:09,Checkpoint_Alpha,Kinetic Agitation Spike,66.43
2026-09-15 17:09:09,Checkpoint_Alpha,Kinetic Agitation Spike,97.41
2026-09-15 17:09:09,Checkpoint_Alpha,Kinetic Agitation Spike,50.48
2026-09-15 17:09:09,Checkpoint_Alpha,Kinetic Agitation Spike,89.45
2026-09-15 17:09:09,Checkpoint_Alpha,Kinetic Agitation Spike,52.44
2026-09-15 17:09:09,Checkpoint_Alpha,Kinetic Agitation Spike,76.71
2026-09-15 17:09:09,Checkpoint_Alpha,Kinetic Agitation Spike,55.58
2026-09-15 17:09:09,Checkpoint_Alpha,Kinetic Agitation Spike,47.02
2026-09-15 17:09:09,Checkpoint_Alpha,Kinetic Agitation Spike,74.89
2026-09-15 17:09:09,Checkpoint_Alpha,Kinetic Agitation Spike,56.44
2026-09-15 17:09:09,Checkpoint_Alpha,Kinetic Agitation Spike,89.85
2026-09-15 17:09:09,Checkpoint_Alpha,Kinetic Agitation Spike,81.84
2026-09-15 17:09:09,Checkpoint_Alpha,Kinetic Agitation Spike,83.14
2026-09-15 17:09:09,Checkpoint_Alpha,Kinetic Agitation Spike,96.6
2026-09-15 17:09:09,Checkpoint_Alpha,Kinetic Agitation Spike,72.31
2026-09-15 17:09:09,Checkpoint_Alpha,Kinetic Agitation Spike,51.26
2026-09-15 17:09:09,Checkpoint_Alpha,Kinetic Agitation Spike,45.66
2026-09-15 17:09:09,Checkpoint_Alpha,Kinetic Agitation Spike,69.62
2026-09-15 17:09:09,Checkpoint_Alpha,Kinetic Agitation Spike,100.0
2026-09-15 17:09:09,Checkpoint_Alpha,Kinetic Agitation Spike,64.02
2026-09-15 17:09:09,Checkpoint_Alpha,Kinetic Agitation Spike,71.47
2026-09-15 17:09:09,Checkpoint_Alpha,Kinetic Agitation Spike,45.35
2026-09-15 17:09:09,Checkpoint_Alpha,Kinetic Agitation Spike,69.2
2026-09-15 17:09:09,Checkpoint_Alpha,Kinetic Agitation Spike,76.62
2026-09-15 17:09:09,Checkpoint_Alpha,Kinetic Agitation Spike,56.83
2026-09-15 17:09:09,Checkpoint_Alpha,Kinetic Agitation Spike,60.09
2026-09-15 17:09:09,Checkpoint_Alpha,Kinetic Agitation Spike,100.0
2026-09-15 17:09:09,Checkpoint_Alpha,Kinetic Agitation Spike,45.85
2026-09-15 17:09:09,Checkpoint_Alpha,Kinetic Agitation Spike,77.27
2026-09-15 17:09:09,Checkpoint_Alpha,Kinetic Agitation Spike,66.93
2026-09-15 17:09:09,Checkpoint_Alpha,Kinetic Agitation Spike,76.46
2026-09-15 17:09:09,Checkpoint_Alpha,Kinetic Agitation Spike,100.0
2026-09-15 17:09:09,Checkpoint_Alpha,Kinetic Agitation Spike,75.78
2026-09-15 17:09:09,Checkpoint_Alpha,Kinetic Agitation Spike,45.02
2026-09-15 17:09:09,Checkpoint_Alpha,Kinetic Agitation Spike,49.43
2026-09-15 17:09:09,Checkpoint_Alpha,Kinetic Agitation Spike,100.0
2026-09-15 17:09:09,Checkpoint_Alpha,Kinetic Agitation Spike,51.6
2026-09-15 17:09:09,Checkpoint_Alpha,Kinetic Agitation Spike,63.65
2026-09-15 17:09:09,Checkpoint_Alpha,Kinetic Agitation Spike,69.61
2026-09-15 17:09:09,Checkpoint_Alpha,Kinetic Agitation Spike,54.78
2026-09-15 17:09:09,Checkpoint_Alpha,Kinetic Agitation Spike,89.32
2026-09-15 17:09:09,Checkpoint_Alpha,Kinetic Agitation Spike,96.38
2026-09-15 17:09:09,Checkpoint_Alpha,Kinetic Agitation Spike,45.72
2026-09-15 17:09:09,Checkpoint_Alpha,Kinetic Agitation Spike,82.3
2026-09-15 17:09:09,Checkpoint_Alpha,Kinetic Agitation Spike,100.0
2026-09-15 17:09:09,Checkpoint_Alpha,Kinetic Agitation Spike,53.93
2026-09-15 17:09:09,Checkpoint_Alpha,Kinetic Agitation Spike,78.53
2026-09-15 17:09:09,Checkpoint_Alpha,Kinetic Agitation Spike,48.93
2026-09-15 17:09:09,Checkpoint_Alpha,Kinetic Agitation Spike,100.0
2026-09-15 17:09:09,Checkpoint_Alpha,Kinetic Agitation Spike,100.0
2026-09-15 17:09:09,Checkpoint_Alpha,Kinetic Agitation Spike,53.65
2026-09-15 17:09:09,Checkpoint_Alpha,Kinetic Agitation Spike,100.0
2026-09-15 17:09:09,Checkpoint_Alpha,Kinetic Agitation Spike,58.06
2026-09-15 17:09:10,Checkpoint_Alpha,Kinetic Agitation Spike,51.25
2026-09-15 17:09:10,Checkpoint_Alpha,Kinetic Agitation Spike,71.83
2026-09-15 17:09:10,Checkpoint_Alpha,Kinetic Agitation Spike,78.13
2026-09-15 17:09:10,Checkpoint_Alpha,Kinetic Agitation Spike,50.46
2026-09-15 17:09:10,Checkpoint_Alpha,Kinetic Agitation Spike,69.5
2026-09-15 17:09:10,Checkpoint_Alpha,Kinetic Agitation Spike,47.95
2026-09-15 17:09:10,Checkpoint_Alpha,Kinetic Agitation Spike,92.19
2026-09-15 17:09:10,Checkpoint_Alpha,Kinetic Agitation Spike,100.0
2026-09-15 17:09:10,Checkpoint_Alpha,Kinetic Agitation Spike,96.04
2026-09-15 17:09:10,Checkpoint_Alpha,Kinetic Agitation Spike,57.05
2026-09-15 17:09:10,Checkpoint_Alpha,Kinetic Agitation Spike,100.0
2026-09-15 17:09:10,Checkpoint_Alpha,Kinetic Agitation Spike,83.91
2026-09-15 17:09:10,Checkpoint_Alpha,Kinetic Agitation Spike,80.19
2026-09-15 17:09:10,Checkpoint_Alpha,Kinetic Agitation Spike,67.64
2026-09-15 17:09:10,Checkpoint_Alpha,Kinetic Agitation Spike,78.28
2026-09-15 17:09:10,Checkpoint_Alpha,Kinetic Agitation Spike,87.64
2026-09-15 17:09:10,Checkpoint_Alpha,Kinetic Agitation Spike,100.0
2026-09-15 17:09:10,Checkpoint_Alpha,Kinetic Agitation Spike,59.26
2026-09-15 17:09:10,Checkpoint_Alpha,Kinetic Agitation Spike,60.68
2026-09-15 17:09:10,Checkpoint_Alpha,Kinetic Agitation Spike,53.17
2026-09-15 17:09:10,Checkpoint_Alpha,Kinetic Agitation Spike,100.0
2026-09-15 17:09:10,Checkpoint_Alpha,Kinetic Agitation Spike,97.45
2026-09-15 17:09:10,Checkpoint_Alpha,Kinetic Agitation Spike,100.0
2026-09-15 17:09:10,Checkpoint_Alpha,Kinetic Agitation Spike,91.48
2026-09-15 17:09:10,Checkpoint_Alpha,Kinetic Agitation Spike,80.1
2026-09-15 17:09:10,Checkpoint_Alpha,Kinetic Agitation Spike,96.93
2026-09-15 17:09:10,Checkpoint_Alpha,Kinetic Agitation Spike,100.0
2026-09-15 17:09:10,Checkpoint_Alpha,Kinetic Agitation Spike,100.0
2026-09-15 17:09:10,Checkpoint_Alpha,Kinetic Agitation Spike,51.55
2026-09-15 17:09:10,Checkpoint_Alpha,Kinetic Agitation Spike,57.15
2026-09-15 17:09:10,Checkpoint_Alpha,Kinetic Agitation Spike,48.87
2026-09-15 17:09:10,Checkpoint_Alpha,Kinetic Agitation Spike,73.26
2026-09-15 17:09:10,Checkpoint_Alpha,Kinetic Agitation Spike,56.08
2026-09-15 17:09:10,Checkpoint_Alpha,Kinetic Agitation Spike,71.18
2026-09-15 17:09:10,Checkpoint_Alpha,Kinetic Agitation Spike,81.44
2026-09-15 17:09:10,Checkpoint_Alpha,Kinetic Agitation Spike,82.82
2026-09-15 17:09:10,Checkpoint_Alpha,Kinetic Agitation Spike,46.02
2026-09-15 17:09:10,Checkpoint_Alpha,Kinetic Agitation Spike,100.0
2026-09-15 17:09:10,Checkpoint_Alpha,Kinetic Agitation Spike,61.88
2026-09-15 17:09:10,Checkpoint_Alpha,Kinetic Agitation Spike,63.38
2026-09-15 17:09:10,Checkpoint_Alpha,Kinetic Agitation Spike,61.89
2026-09-15 17:09:10,Checkpoint_Alpha,Kinetic Agitation Spike,79.04
2026-09-15 17:09:10,Checkpoint_Alpha,Kinetic Agitation Spike,55.48
2026-09-15 17:09:10,Checkpoint_Alpha,Kinetic Agitation Spike,73.33
2026-09-15 17:09:10,Checkpoint_Alpha,Kinetic Agitation Spike,77.24
2026-09-15 17:09:10,Checkpoint_Alpha,Kinetic Agitation Spike,60.63
2026-09-15 17:09:10,Checkpoint_Alpha,Kinetic Agitation Spike,54.63
2026-09-15 17:09:10,Checkpoint_Alpha,Kinetic Agitation Spike,59.3
2026-09-15 17:09:10,Checkpoint_Alpha,Kinetic Agitation Spike,53.09
2026-09-15 17:09:10,Checkpoint_Alpha,Kinetic Agitation Spike,90.9
2026-09-15 17:09:10,Checkpoint_Alpha,Kinetic Agitation Spike,59.82
2026-09-15 17:09:10,Checkpoint_Alpha,Kinetic Agitation Spike,100.0
2026-09-15 17:09:10,Checkpoint_Alpha,Kinetic Agitation Spike,58.8
2026-09-15 17:09:10,Checkpoint_Alpha,Kinetic Agitation Spike,69.82
2026-09-15 17:09:10,Checkpoint_Alpha,Kinetic Agitation Spike,100.0
2026-09-15 17:09:10,Checkpoint_Alpha,Kinetic Agitation Spike,100.0
2026-09-15 17:09:10,Checkpoint_Alpha,Kinetic Agitation Spike,73.08
2026-09-15 17:09:10,Checkpoint_Alpha,Kinetic Agitation Spike,62.3
2026-09-15 17:09:10,Checkpoint_Alpha,Kinetic Agitation Spike,100.0
2026-09-15 17:09:10,Checkpoint_Alpha,Kinetic Agitation Spike,71.16
2026-09-15 17:09:10,Checkpoint_Alpha,Kinetic Agitation Spike,45.91
2026-09-15 17:09:10,Checkpoint_Alpha,Kinetic Agitation Spike,60.91
2026-09-15 17:09:10,Checkpoint_Alpha,Kinetic Agitation Spike,69.71
2026-09-15 17:09:10,Checkpoint_Alpha,Kinetic Agitation Spike,100.0
2026-09-15 17:09:10,Checkpoint_Alpha,Kinetic Agitation Spike,50.64
2026-09-15 17:09:10,Checkpoint_Alpha,Kinetic Agitation Spike,100.0
2026-09-15 17:09:10,Checkpoint_Alpha,Kinetic Agitation Spike,73.5
2026-09-15 17:09:10,Checkpoint_Alpha,Kinetic Agitation Spike,65.34
2026-09-15 17:09:10,Checkpoint_Alpha,Kinetic Agitation Spike,71.58
2026-09-15 17:09:10,Checkpoint_Alpha,Kinetic Agitation Spike,49.6
2026-09-15 17:09:10,Checkpoint_Alpha,Kinetic Agitation Spike,53.96
2026-09-15 17:09:10,Checkpoint_Alpha,Kinetic Agitation Spike,46.24
2026-09-15 17:09:10,Checkpoint_Alpha,Kinetic Agitation Spike,96.04
2026-09-15 17:09:10,Checkpoint_Alpha,Kinetic Agitation Spike,86.96
2026-09-15 17:09:10,Checkpoint_Alpha,Kinetic Agitation Spike,87.21
2026-09-15 17:09:10,Checkpoint_Alpha,Kinetic Agitation Spike,56.04
2026-09-15 17:09:10,Checkpoint_Alpha,Kinetic Agitation Spike,87.22
2026-09-15 17:09:10,Checkpoint_Alpha,Kinetic Agitation Spike,45.73
2026-09-15 17:09:10,Checkpoint_Alpha,Kinetic Agitation Spike,52.95
2026-09-15 17:09:11,Checkpoint_Alpha,Kinetic Agitation Spike,82.51
2026-09-15 17:09:11,Checkpoint_Alpha,Kinetic Agitation Spike,53.14
2026-09-15 17:09:11,Checkpoint_Alpha,Kinetic Agitation Spike,81.82
2026-09-15 17:09:11,Checkpoint_Alpha,Kinetic Agitation Spike,88.98
2026-09-15 17:09:11,Checkpoint_Alpha,Kinetic Agitation Spike,47.33
2026-09-15 17:09:11,Checkpoint_Alpha,Kinetic Agitation Spike,46.61
2026-09-15 17:09:11,Checkpoint_Alpha,Kinetic Agitation Spike,72.25
2026-09-15 17:09:11,Checkpoint_Alpha,Kinetic Agitation Spike,100.0
2026-09-15 17:09:11,Checkpoint_Alpha,Kinetic Agitation Spike,52.97
2026-09-15 17:09:11,Checkpoint_Alpha,Kinetic Agitation Spike,60.71
2026-09-15 17:09:11,Checkpoint_Alpha,Kinetic Agitation Spike,52.37
2026-09-15 17:09:11,Checkpoint_Alpha,Kinetic Agitation Spike,88.93
2026-09-15 17:09:11,Checkpoint_Alpha,Kinetic Agitation Spike,95.93
2026-09-15 17:09:11,Checkpoint_Alpha,Kinetic Agitation Spike,48.79
2026-09-15 17:09:11,Checkpoint_Alpha,Kinetic Agitation Spike,100.0
2026-09-15 17:09:11,Checkpoint_Alpha,Kinetic Agitation Spike,57.13
2026-09-15 17:09:11,Checkpoint_Alpha,Kinetic Agitation Spike,56.35
2026-09-15 17:09:11,Checkpoint_Alpha,Kinetic Agitation Spike,62.31
2026-09-15 17:09:11,Checkpoint_Alpha,Kinetic Agitation Spike,100.0
2026-09-15 17:09:11,Checkpoint_Alpha,Kinetic Agitation Spike,53.15
2026-09-15 17:09:11,Checkpoint_Alpha,Kinetic Agitation Spike,78.73
2026-09-15 17:09:11,Checkpoint_Alpha,Kinetic Agitation Spike,55.07
2026-09-15 17:09:11,Checkpoint_Alpha,Kinetic Agitation Spike,52.09
2026-09-15 17:09:11,Checkpoint_Alpha,Kinetic Agitation Spike,88.65
2026-09-15 17:09:11,Checkpoint_Alpha,Kinetic Agitation Spike,60.48
2026-09-15 17:09:11,Checkpoint_Alpha,Kinetic Agitation Spike,71.55
2026-09-15 17:09:11,Checkpoint_Alpha,Kinetic Agitation Spike,89.07
2026-09-15 17:09:11,Checkpoint_Alpha,Kinetic Agitation Spike,100.0
2026-09-15 17:09:11,Checkpoint_Alpha,Kinetic Agitation Spike,66.36
2026-09-15 17:09:11,Checkpoint_Alpha,Kinetic Agitation Spike,53.74
2026-09-15 17:09:11,Checkpoint_Alpha,Kinetic Agitation Spike,53.7
2026-09-15 17:09:11,Checkpoint_Alpha,Kinetic Agitation Spike,63.72
2026-09-15 17:09:11,Checkpoint_Alpha,Kinetic Agitation Spike,77.03
2026-09-15 17:09:11,Checkpoint_Alpha,Kinetic Agitation Spike,95.26
2026-09-15 17:09:11,Checkpoint_Alpha,Kinetic Agitation Spike,83.75
2026-09-15 17:09:11,Checkpoint_Alpha,Kinetic Agitation Spike,88.06
2026-09-15 17:09:11,Checkpoint_Alpha,Kinetic Agitation Spike,51.91
2026-09-15 17:09:11,Checkpoint_Alpha,Kinetic Agitation Spike,55.17
2026-09-15 17:09:11,Checkpoint_Alpha,Kinetic Agitation Spike,61.83
2026-09-15 17:09:11,Checkpoint_Alpha,Kinetic Agitation Spike,53.34
2026-09-15 17:09:11,Checkpoint_Alpha,Kinetic Agitation Spike,81.9
2026-09-15 17:09:11,Checkpoint_Alpha,Kinetic Agitation Spike,73.66
2026-09-15 17:09:11,Checkpoint_Alpha,Kinetic Agitation Spike,93.7
2026-09-15 17:09:11,Checkpoint_Alpha,Kinetic Agitation Spike,49.7
2026-09-15 17:09:11,Checkpoint_Alpha,Kinetic Agitation Spike,54.08
2026-09-15 17:09:11,Checkpoint_Alpha,Kinetic Agitation Spike,54.77
2026-09-15 17:09:11,Checkpoint_Alpha,Kinetic Agitation Spike,78.13
2026-09-15 17:09:11,Checkpoint_Alpha,Kinetic Agitation Spike,84.07
2026-09-15 17:09:11,Checkpoint_Alpha,Kinetic Agitation Spike,49.83
2026-09-15 17:09:11,Checkpoint_Alpha,Kinetic Agitation Spike,84.44
2026-09-15 17:09:11,Checkpoint_Alpha,Kinetic Agitation Spike,70.52
2026-09-15 17:09:11,Checkpoint_Alpha,Kinetic Agitation Spike,58.8
2026-09-15 17:09:11,Checkpoint_Alpha,Kinetic Agitation Spike,100.0
2026-09-15 17:09:11,Checkpoint_Alpha,Kinetic Agitation Spike,80.99
2026-09-15 17:09:11,Checkpoint_Alpha,Kinetic Agitation Spike,60.2
2026-09-15 17:09:11,Checkpoint_Alpha,Kinetic Agitation Spike,75.65
2026-09-15 17:09:11,Checkpoint_Alpha,Kinetic Agitation Spike,49.86
2026-09-15 17:09:11,Checkpoint_Alpha,Kinetic Agitation Spike,83.24
2026-09-15 17:09:12,Checkpoint_Alpha,Kinetic Agitation Spike,50.77
2026-09-15 17:09:12,Checkpoint_Alpha,Kinetic Agitation Spike,84.94
2026-09-15 17:09:12,Checkpoint_Alpha,Kinetic Agitation Spike,52.6
2026-09-15 17:09:12,Checkpoint_Alpha,Kinetic Agitation Spike,53.1
2026-09-15 17:09:12,Checkpoint_Alpha,Kinetic Agitation Spike,58.32
2026-09-15 17:09:12,Checkpoint_Alpha,Kinetic Agitation Spike,75.82
2026-09-15 17:09:12,Checkpoint_Alpha,Kinetic Agitation Spike,76.85
2026-09-15 17:09:12,Checkpoint_Alpha,Kinetic Agitation Spike,76.79
2026-09-15 17:09:12,Checkpoint_Alpha,Kinetic Agitation Spike,46.3
2026-09-15 17:09:12,Checkpoint_Alpha,Kinetic Agitation Spike,100.0
2026-09-15 17:09:12,Checkpoint_Alpha,Kinetic Agitation Spike,100.0
2026-09-15 17:09:12,Checkpoint_Alpha,Kinetic Agitation Spike,100.0
2026-09-15 17:09:12,Checkpoint_Alpha,Kinetic Agitation Spike,71.42
2026-09-15 17:09:12,Checkpoint_Alpha,Kinetic Agitation Spike,94.11
2026-09-15 17:09:12,Checkpoint_Alpha,Kinetic Agitation Spike,65.35
2026-09-15 17:09:12,Checkpoint_Alpha,Kinetic Agitation Spike,100.0
2026-09-15 17:09:12,Checkpoint_Alpha,Kinetic Agitation Spike,66.2
2026-09-15 17:09:12,Checkpoint_Alpha,Kinetic Agitation Spike,100.0
2026-09-15 17:09:12,Checkpoint_Alpha,Kinetic Agitation Spike,48.57
2026-09-15 17:09:12,Checkpoint_Alpha,Kinetic Agitation Spike,63.71
2026-09-15 17:09:12,Checkpoint_Alpha,Kinetic Agitation Spike,100.0
2026-09-15 17:09:12,Checkpoint_Alpha,Kinetic Agitation Spike,61.8
2026-09-15 17:09:12,Checkpoint_Alpha,Kinetic Agitation Spike,48.09
2026-09-15 17:09:12,Checkpoint_Alpha,Kinetic Agitation Spike,99.03
2026-09-15 17:09:12,Checkpoint_Alpha,Kinetic Agitation Spike,51.49
2026-09-15 17:09:12,Checkpoint_Alpha,Kinetic Agitation Spike,67.97
2026-09-15 17:09:12,Checkpoint_Alpha,Kinetic Agitation Spike,100.0
2026-09-15 17:09:12,Checkpoint_Alpha,Kinetic Agitation Spike,97.75
2026-09-15 17:09:12,Checkpoint_Alpha,Kinetic Agitation Spike,81.87
2026-09-15 17:09:12,Checkpoint_Alpha,Kinetic Agitation Spike,56.69
2026-09-15 17:09:12,Checkpoint_Alpha,Kinetic Agitation Spike,100.0
2026-09-15 17:09:12,Checkpoint_Alpha,Kinetic Agitation Spike,53.77
2026-09-15 17:09:12,Checkpoint_Alpha,Kinetic Agitation Spike,49.8
2026-09-15 17:09:12,Checkpoint_Alpha,Kinetic Agitation Spike,51.67
2026-09-15 17:09:12,Checkpoint_Alpha,Kinetic Agitation Spike,74.28
2026-09-15 17:09:12,Checkpoint_Alpha,Kinetic Agitation Spike,85.71
2026-09-15 17:09:12,Checkpoint_Alpha,Kinetic Agitation Spike,53.58
2026-09-15 17:09:12,Checkpoint_Alpha,Kinetic Agitation Spike,50.86
2026-09-15 17:09:12,Checkpoint_Alpha,Kinetic Agitation Spike,69.56
2026-09-15 17:09:12,Checkpoint_Alpha,Kinetic Agitation Spike,100.0
2026-09-15 17:09:12,Checkpoint_Alpha,Kinetic Agitation Spike,63.36
2026-09-15 17:09:12,Checkpoint_Alpha,Kinetic Agitation Spike,96.74
2026-09-15 17:09:12,Checkpoint_Alpha,Kinetic Agitation Spike,61.54
2026-09-15 17:09:12,Checkpoint_Alpha,Kinetic Agitation Spike,85.3
2026-09-15 17:09:12,Checkpoint_Alpha,Kinetic Agitation Spike,96.0
2026-09-15 17:09:12,Checkpoint_Alpha,Kinetic Agitation Spike,49.6
2026-09-15 17:09:12,Checkpoint_Alpha,Kinetic Agitation Spike,51.62
2026-09-15 17:09:12,Checkpoint_Alpha,Kinetic Agitation Spike,76.91
2026-09-15 17:09:12,Checkpoint_Alpha,Kinetic Agitation Spike,52.59
2026-09-15 17:09:12,Checkpoint_Alpha,Kinetic Agitation Spike,82.04
2026-09-15 17:09:12,Checkpoint_Alpha,Kinetic Agitation Spike,57.88
2026-09-15 17:09:12,Checkpoint_Alpha,Kinetic Agitation Spike,100.0
2026-09-15 17:09:12,Checkpoint_Alpha,Kinetic Agitation Spike,55.58
2026-09-15 17:09:12,Checkpoint_Alpha,Kinetic Agitation Spike,57.33
2026-09-15 17:09:12,Checkpoint_Alpha,Kinetic Agitation Spike,100.0
2026-09-15 17:09:12,Checkpoint_Alpha,Kinetic Agitation Spike,64.65
2026-09-15 17:09:12,Checkpoint_Alpha,Kinetic Agitation Spike,97.52
2026-09-15 17:09:12,Checkpoint_Alpha,Kinetic Agitation Spike,56.88
2026-09-15 17:09:12,Checkpoint_Alpha,Kinetic Agitation Spike,46.55
2026-09-15 17:09:12,Checkpoint_Alpha,Kinetic Agitation Spike,100.0
2026-09-15 17:09:12,Checkpoint_Alpha,Kinetic Agitation Spike,53.17
2026-09-15 17:09:12,Checkpoint_Alpha,Kinetic Agitation Spike,55.44
2026-09-15 17:09:12,Checkpoint_Alpha,Kinetic Agitation Spike,53.85
2026-09-15 17:09:12,Checkpoint_Alpha,Kinetic Agitation Spike,47.11
2026-09-15 17:09:13,Checkpoint_Alpha,Kinetic Agitation Spike,51.49
2026-09-15 17:09:13,Checkpoint_Alpha,Kinetic Agitation Spike,51.42
2026-09-15 17:09:13,Checkpoint_Alpha,Kinetic Agitation Spike,100.0
2026-09-15 17:09:13,Checkpoint_Alpha,Kinetic Agitation Spike,63.72
2026-09-15 17:09:13,Checkpoint_Alpha,Kinetic Agitation Spike,52.84
2026-09-15 17:09:13,Checkpoint_Alpha,Kinetic Agitation Spike,57.28
2026-09-15 17:09:13,Checkpoint_Alpha,Kinetic Agitation Spike,52.79
2026-09-15 17:09:13,Checkpoint_Alpha,Kinetic Agitation Spike,51.04
2026-09-15 17:09:13,Checkpoint_Alpha,Kinetic Agitation Spike,60.33
2026-09-15 17:09:13,Checkpoint_Alpha,Kinetic Agitation Spike,70.65
2026-09-15 17:09:13,Checkpoint_Alpha,Kinetic Agitation Spike,85.61
2026-09-15 17:09:13,Checkpoint_Alpha,Kinetic Agitation Spike,100.0
2026-09-15 17:09:13,Checkpoint_Alpha,Kinetic Agitation Spike,49.22
2026-09-15 17:09:13,Checkpoint_Alpha,Kinetic Agitation Spike,54.81
2026-09-15 17:09:13,Checkpoint_Alpha,Kinetic Agitation Spike,100.0
2026-09-15 17:09:13,Checkpoint_Alpha,Kinetic Agitation Spike,60.29
2026-09-15 17:09:13,Checkpoint_Alpha,Kinetic Agitation Spike,48.88
2026-09-15 17:09:13,Checkpoint_Alpha,Kinetic Agitation Spike,45.6
2026-09-15 17:09:13,Checkpoint_Alpha,Kinetic Agitation Spike,49.28
2026-09-15 17:09:13,Checkpoint_Alpha,Kinetic Agitation Spike,50.99
2026-09-15 17:09:13,Checkpoint_Alpha,Kinetic Agitation Spike,100.0
2026-09-15 17:09:13,Checkpoint_Alpha,Kinetic Agitation Spike,52.45
2026-09-15 17:09:13,Checkpoint_Alpha,Kinetic Agitation Spike,51.3
2026-09-15 17:09:13,Checkpoint_Alpha,Kinetic Agitation Spike,56.41
2026-09-15 17:09:13,Checkpoint_Alpha,Kinetic Agitation Spike,58.63
2026-09-15 17:09:13,Checkpoint_Alpha,Kinetic Agitation Spike,56.34
2026-09-15 17:09:13,Checkpoint_Alpha,Kinetic Agitation Spike,48.06
2026-09-15 17:09:13,Checkpoint_Alpha,Kinetic Agitation Spike,100.0
2026-09-15 17:09:13,Checkpoint_Alpha,Kinetic Agitation Spike,63.22
2026-09-15 17:09:13,Checkpoint_Alpha,Kinetic Agitation Spike,59.13
2026-09-15 17:09:13,Checkpoint_Alpha,Kinetic Agitation Spike,53.58
2026-09-15 17:09:13,Checkpoint_Alpha,Kinetic Agitation Spike,55.42
2026-09-15 17:09:13,Checkpoint_Alpha,Kinetic Agitation Spike,60.83
2026-09-15 17:09:13,Checkpoint_Alpha,Kinetic Agitation Spike,68.17
2026-09-15 17:09:13,Checkpoint_Alpha,Kinetic Agitation Spike,95.81
2026-09-15 17:09:13,Checkpoint_Alpha,Kinetic Agitation Spike,47.53
2026-09-15 17:09:13,Checkpoint_Alpha,Kinetic Agitation Spike,54.77
2026-09-15 17:09:13,Checkpoint_Alpha,Kinetic Agitation Spike,55.02
2026-09-15 17:09:13,Checkpoint_Alpha,Kinetic Agitation Spike,52.12
2026-09-15 17:09:13,Checkpoint_Alpha,Kinetic Agitation Spike,51.4
2026-09-15 17:09:13,Checkpoint_Alpha,Kinetic Agitation Spike,47.02
2026-09-15 17:09:13,Checkpoint_Alpha,Kinetic Agitation Spike,92.15
2026-09-15 17:09:13,Checkpoint_Alpha,Kinetic Agitation Spike,100.0
2026-09-15 17:09:13,Checkpoint_Alpha,Kinetic Agitation Spike,60.43
2026-09-15 17:09:13,Checkpoint_Alpha,Kinetic Agitation Spike,59.39
2026-09-15 17:09:13,Checkpoint_Alpha,Kinetic Agitation Spike,92.58
2026-09-15 17:09:13,Checkpoint_Alpha,Kinetic Agitation Spike,100.0
2026-09-15 17:09:13,Checkpoint_Alpha,Kinetic Agitation Spike,100.0
2026-09-15 17:09:13,Checkpoint_Alpha,Kinetic Agitation Spike,46.28
2026-09-15 17:09:13,Checkpoint_Alpha,Kinetic Agitation Spike,55.92
2026-09-15 17:09:13,Checkpoint_Alpha,Kinetic Agitation Spike,87.22
2026-09-15 17:09:13,Checkpoint_Alpha,Kinetic Agitation Spike,77.8
2026-09-15 17:09:13,Checkpoint_Alpha,Kinetic Agitation Spike,93.72
2026-09-15 17:09:13,Checkpoint_Alpha,Kinetic Agitation Spike,75.19
2026-09-15 17:09:13,Checkpoint_Alpha,Kinetic Agitation Spike,74.88
2026-09-15 17:09:13,Checkpoint_Alpha,Kinetic Agitation Spike,88.37
2026-09-15 17:09:13,Checkpoint_Alpha,Kinetic Agitation Spike,50.72
2026-09-15 17:09:13,Checkpoint_Alpha,Kinetic Agitation Spike,100.0
2026-09-15 17:09:13,Checkpoint_Alpha,Kinetic Agitation Spike,76.9
2026-09-15 17:09:13,Checkpoint_Alpha,Kinetic Agitation Spike,73.63
2026-09-15 17:09:13,Checkpoint_Alpha,Kinetic Agitation Spike,66.93
2026-09-15 17:09:13,Checkpoint_Alpha,Kinetic Agitation Spike,59.39
2026-09-15 17:09:13,Checkpoint_Alpha,Kinetic Agitation Spike,64.99
2026-09-15 17:09:13,Checkpoint_Alpha,Kinetic Agitation Spike,55.13
2026-09-15 17:09:14,Checkpoint_Alpha,Kinetic Agitation Spike,73.57
2026-09-15 17:09:14,Checkpoint_Alpha,Kinetic Agitation Spike,66.71
2026-09-15 17:09:14,Checkpoint_Alpha,Kinetic Agitation Spike,59.69
2026-09-15 17:09:14,Checkpoint_Alpha,Kinetic Agitation Spike,85.05
2026-09-15 17:09:14,Checkpoint_Alpha,Kinetic Agitation Spike,83.29
2026-09-15 17:09:14,Checkpoint_Alpha,Kinetic Agitation Spike,47.1
2026-09-15 17:09:14,Checkpoint_Alpha,Kinetic Agitation Spike,81.36
2026-09-15 17:09:14,Checkpoint_Alpha,Kinetic Agitation Spike,67.48
2026-09-15 17:09:14,Checkpoint_Alpha,Kinetic Agitation Spike,87.22
2026-09-15 17:09:14,Checkpoint_Alpha,Kinetic Agitation Spike,76.23
2026-09-15 17:09:14,Checkpoint_Alpha,Kinetic Agitation Spike,55.79
2026-09-15 17:09:14,Checkpoint_Alpha,Kinetic Agitation Spike,63.26
2026-09-15 17:09:14,Checkpoint_Alpha,Kinetic Agitation Spike,59.33
2026-09-15 17:09:14,Checkpoint_Alpha,Kinetic Agitation Spike,52.18
2026-09-15 17:09:14,Checkpoint_Alpha,Kinetic Agitation Spike,85.09
2026-09-15 17:09:14,Checkpoint_Alpha,Kinetic Agitation Spike,78.33
2026-09-15 17:09:14,Checkpoint_Alpha,Kinetic Agitation Spike,91.46
2026-09-15 17:09:14,Checkpoint_Alpha,Kinetic Agitation Spike,63.46
2026-09-15 17:09:14,Checkpoint_Alpha,Kinetic Agitation Spike,63.05
2026-09-15 17:09:14,Checkpoint_Alpha,Kinetic Agitation Spike,87.65
2026-09-15 17:09:14,Checkpoint_Alpha,Kinetic Agitation Spike,46.99
2026-09-15 17:09:14,Checkpoint_Alpha,Kinetic Agitation Spike,48.1
2026-09-15 17:09:14,Checkpoint_Alpha,Kinetic Agitation Spike,47.71
2026-09-15 17:09:14,Checkpoint_Alpha,Kinetic Agitation Spike,100.0
2026-09-15 17:09:14,Checkpoint_Alpha,Kinetic Agitation Spike,73.49
2026-09-15 17:09:14,Checkpoint_Alpha,Kinetic Agitation Spike,51.33
2026-09-15 17:09:14,Checkpoint_Alpha,Kinetic Agitation Spike,91.96
2026-09-15 17:09:14,Checkpoint_Alpha,Kinetic Agitation Spike,90.14
2026-09-15 17:09:14,Checkpoint_Alpha,Kinetic Agitation Spike,53.17
2026-09-15 17:09:14,Checkpoint_Alpha,Kinetic Agitation Spike,49.25
2026-09-15 17:09:14,Checkpoint_Alpha,Kinetic Agitation Spike,48.48
2026-09-15 17:09:14,Checkpoint_Alpha,Kinetic Agitation Spike,64.39
2026-09-15 17:09:14,Checkpoint_Alpha,Kinetic Agitation Spike,46.86
2026-09-15 17:09:14,Checkpoint_Alpha,Kinetic Agitation Spike,88.58
2026-09-15 17:09:14,Checkpoint_Alpha,Kinetic Agitation Spike,63.51
2026-09-15 17:09:14,Checkpoint_Alpha,Kinetic Agitation Spike,58.78
2026-09-15 17:09:14,Checkpoint_Alpha,Kinetic Agitation Spike,48.7
2026-09-15 17:09:14,Checkpoint_Alpha,Kinetic Agitation Spike,100.0
2026-09-15 17:09:14,Checkpoint_Alpha,Kinetic Agitation Spike,66.64
2026-09-15 17:09:14,Checkpoint_Alpha,Kinetic Agitation Spike,100.0
2026-09-15 17:09:14,Checkpoint_Alpha,Kinetic Agitation Spike,52.14
2026-09-15 17:09:14,Checkpoint_Alpha,Kinetic Agitation Spike,51.77
2026-09-15 17:09:14,Checkpoint_Alpha,Kinetic Agitation Spike,62.44
2026-09-15 17:09:14,Checkpoint_Alpha,Kinetic Agitation Spike,100.0
2026-09-15 17:09:14,Checkpoint_Alpha,Kinetic Agitation Spike,46.25
2026-09-15 17:09:14,Checkpoint_Alpha,Kinetic Agitation Spike,47.8
2026-09-15 17:09:14,Checkpoint_Alpha,Kinetic Agitation Spike,81.99
2026-09-15 17:09:14,Checkpoint_Alpha,Kinetic Agitation Spike,48.62
2026-09-15 17:09:14,Checkpoint_Alpha,Kinetic Agitation Spike,51.08
2026-09-15 17:09:14,Checkpoint_Alpha,Kinetic Agitation Spike,70.24
2026-09-15 17:09:14,Checkpoint_Alpha,Kinetic Agitation Spike,74.65
2026-09-15 17:09:14,Checkpoint_Alpha,Kinetic Agitation Spike,82.17
2026-09-15 17:09:14,Checkpoint_Alpha,Kinetic Agitation Spike,45.46
2026-09-15 17:09:14,Checkpoint_Alpha,Kinetic Agitation Spike,95.16
2026-09-15 17:09:14,Checkpoint_Alpha,Kinetic Agitation Spike,64.79
2026-09-15 17:09:14,Checkpoint_Alpha,Kinetic Agitation Spike,60.88
2026-09-15 17:09:14,Checkpoint_Alpha,Kinetic Agitation Spike,98.45
2026-09-15 17:09:14,Checkpoint_Alpha,Kinetic Agitation Spike,100.0
2026-09-15 17:09:14,Checkpoint_Alpha,Kinetic Agitation Spike,94.08
2026-09-15 17:09:14,Checkpoint_Alpha,Kinetic Agitation Spike,100.0
2026-09-15 17:09:14,Checkpoint_Alpha,Kinetic Agitation Spike,88.58
2026-09-15 17:09:15,Checkpoint_Alpha,Kinetic Agitation Spike,77.37
2026-09-15 17:09:15,Checkpoint_Alpha,Kinetic Agitation Spike,60.07
2026-09-15 17:09:15,Checkpoint_Alpha,Kinetic Agitation Spike,100.0
2026-09-15 17:09:15,Checkpoint_Alpha,Kinetic Agitation Spike,64.07
2026-09-15 17:09:15,Checkpoint_Alpha,Kinetic Agitation Spike,78.7
2026-09-15 17:09:15,Checkpoint_Alpha,Kinetic Agitation Spike,51.29
2026-09-15 17:09:15,Checkpoint_Alpha,Kinetic Agitation Spike,100.0
2026-09-15 17:09:15,Checkpoint_Alpha,Kinetic Agitation Spike,59.66
2026-09-15 17:09:15,Checkpoint_Alpha,Kinetic Agitation Spike,67.55
2026-09-15 17:09:15,Checkpoint_Alpha,Kinetic Agitation Spike,93.64
2026-09-15 17:09:15,Checkpoint_Alpha,Kinetic Agitation Spike,49.56
2026-09-15 17:09:15,Checkpoint_Alpha,Kinetic Agitation Spike,60.23
2026-09-15 17:09:15,Checkpoint_Alpha,Kinetic Agitation Spike,56.64
2026-09-15 17:09:15,Checkpoint_Alpha,Kinetic Agitation Spike,48.61
2026-09-15 17:09:15,Checkpoint_Alpha,Kinetic Agitation Spike,45.73
2026-09-15 17:09:15,Checkpoint_Alpha,Kinetic Agitation Spike,90.56
2026-09-15 17:09:15,Checkpoint_Alpha,Kinetic Agitation Spike,71.18
2026-09-15 17:09:15,Checkpoint_Alpha,Kinetic Agitation Spike,46.59
2026-09-15 17:09:15,Checkpoint_Alpha,Kinetic Agitation Spike,53.42
2026-09-15 17:09:15,Checkpoint_Alpha,Kinetic Agitation Spike,58.8
2026-09-15 17:09:15,Checkpoint_Alpha,Kinetic Agitation Spike,54.92
2026-09-15 17:09:15,Checkpoint_Alpha,Kinetic Agitation Spike,95.8
2026-09-15 17:09:15,Checkpoint_Alpha,Kinetic Agitation Spike,49.02
2026-09-15 17:09:15,Checkpoint_Alpha,Kinetic Agitation Spike,68.02
2026-09-15 17:09:15,Checkpoint_Alpha,Kinetic Agitation Spike,56.33
2026-09-15 17:09:15,Checkpoint_Alpha,Kinetic Agitation Spike,61.77
2026-09-15 17:09:15,Checkpoint_Alpha,Kinetic Agitation Spike,75.43
2026-09-15 17:09:15,Checkpoint_Alpha,Kinetic Agitation Spike,72.09
2026-09-15 17:09:15,Checkpoint_Alpha,Kinetic Agitation Spike,51.19
2026-09-15 17:09:15,Checkpoint_Alpha,Kinetic Agitation Spike,93.27
2026-09-15 17:09:15,Checkpoint_Alpha,Kinetic Agitation Spike,70.79
2026-09-15 17:09:15,Checkpoint_Alpha,Kinetic Agitation Spike,100.0
2026-09-15 17:09:15,Checkpoint_Alpha,Kinetic Agitation Spike,83.61
2026-09-15 17:09:15,Checkpoint_Alpha,Kinetic Agitation Spike,74.08
2026-09-15 17:09:15,Checkpoint_Alpha,Kinetic Agitation Spike,51.8
2026-09-15 17:09:15,Checkpoint_Alpha,Kinetic Agitation Spike,100.0
2026-09-15 17:09:15,Checkpoint_Alpha,Kinetic Agitation Spike,68.07
2026-09-15 17:09:15,Checkpoint_Alpha,Kinetic Agitation Spike,66.06
2026-09-15 17:09:15,Checkpoint_Alpha,Kinetic Agitation Spike,69.5
2026-09-15 17:09:15,Checkpoint_Alpha,Kinetic Agitation Spike,81.67
2026-09-15 17:09:15,Checkpoint_Alpha,Kinetic Agitation Spike,99.67
2026-09-15 17:09:15,Checkpoint_Alpha,Kinetic Agitation Spike,65.22
2026-09-15 17:09:15,Checkpoint_Alpha,Kinetic Agitation Spike,100.0
2026-09-15 17:09:15,Checkpoint_Alpha,Kinetic Agitation Spike,100.0
2026-09-15 17:09:15,Checkpoint_Alpha,Kinetic Agitation Spike,46.49
2026-09-15 17:09:15,Checkpoint_Alpha,Kinetic Agitation Spike,51.84
2026-09-15 17:09:15,Checkpoint_Alpha,Kinetic Agitation Spike,100.0
2026-09-15 17:09:15,Checkpoint_Alpha,Kinetic Agitation Spike,99.72
2026-09-15 17:09:15,Checkpoint_Alpha,Kinetic Agitation Spike,65.54
2026-09-15 17:09:15,Checkpoint_Alpha,Kinetic Agitation Spike,59.64
2026-09-15 17:09:15,Checkpoint_Alpha,Kinetic Agitation Spike,85.21
2026-09-15 17:09:15,Checkpoint_Alpha,Kinetic Agitation Spike,51.62
2026-09-15 17:09:15,Checkpoint_Alpha,Kinetic Agitation Spike,48.24
2026-09-15 17:09:15,Checkpoint_Alpha,Kinetic Agitation Spike,76.36
2026-09-15 17:09:15,Checkpoint_Alpha,Kinetic Agitation Spike,58.3
2026-09-15 17:09:15,Checkpoint_Alpha,Kinetic Agitation Spike,54.53
2026-09-15 17:09:15,Checkpoint_Alpha,Kinetic Agitation Spike,57.78
2026-09-15 17:09:15,Checkpoint_Alpha,Kinetic Agitation Spike,52.68
2026-09-15 17:09:15,Checkpoint_Alpha,Kinetic Agitation Spike,86.94
2026-09-15 17:09:15,Checkpoint_Alpha,Kinetic Agitation Spike,100.0
2026-09-15 17:09:15,Checkpoint_Alpha,Kinetic Agitation Spike,75.48
2026-09-15 17:09:15,Checkpoint_Alpha,Kinetic Agitation Spike,76.82
2026-09-15 17:09:15,Checkpoint_Alpha,Kinetic Agitation Spike,58.04
2026-09-15 17:09:15,Checkpoint_Alpha,Kinetic Agitation Spike,48.29
2026-09-15 17:09:15,Checkpoint_Alpha,Kinetic Agitation Spike,91.54
2026-09-15 17:09:15,Checkpoint_Alpha,Kinetic Agitation Spike,45.29
2026-09-15 17:09:15,Checkpoint_Alpha,Kinetic Agitation Spike,88.28
2026-09-15 17:09:15,Checkpoint_Alpha,Kinetic Agitation Spike,53.69
2026-09-15 17:09:15,Checkpoint_Alpha,Kinetic Agitation Spike,72.95
2026-09-15 17:09:15,Checkpoint_Alpha,Kinetic Agitation Spike,51.55
2026-09-15 17:09:15,Checkpoint_Alpha,Kinetic Agitation Spike,51.78
2026-09-15 17:09:16,Checkpoint_Alpha,Kinetic Agitation Spike,59.21
2026-09-15 17:09:16,Checkpoint_Alpha,Kinetic Agitation Spike,66.19
2026-09-15 17:09:16,Checkpoint_Alpha,Kinetic Agitation Spike,46.21
2026-09-15 17:09:16,Checkpoint_Alpha,Kinetic Agitation Spike,45.66
2026-09-15 17:09:16,Checkpoint_Alpha,Kinetic Agitation Spike,46.07
2026-09-15 17:09:16,Checkpoint_Alpha,Kinetic Agitation Spike,66.16
2026-09-15 17:09:16,Checkpoint_Alpha,Kinetic Agitation Spike,83.29
2026-09-15 17:09:16,Checkpoint_Alpha,Kinetic Agitation Spike,55.63
2026-09-15 17:09:16,Checkpoint_Alpha,Kinetic Agitation Spike,84.11
2026-09-15 17:09:16,Checkpoint_Alpha,Kinetic Agitation Spike,56.17
2026-09-15 17:09:16,Checkpoint_Alpha,Kinetic Agitation Spike,82.56
2026-09-15 17:09:16,Checkpoint_Alpha,Kinetic Agitation Spike,82.52
2026-09-15 17:09:16,Checkpoint_Alpha,Kinetic Agitation Spike,52.41
2026-09-15 17:09:16,Checkpoint_Alpha,Kinetic Agitation Spike,48.6
2026-09-15 17:09:16,Checkpoint_Alpha,Kinetic Agitation Spike,66.24
2026-09-15 17:09:16,Checkpoint_Alpha,Kinetic Agitation Spike,89.81
2026-09-15 17:09:16,Checkpoint_Alpha,Kinetic Agitation Spike,79.75
2026-09-15 17:09:16,Checkpoint_Alpha,Kinetic Agitation Spike,63.74
2026-09-15 17:09:16,Checkpoint_Alpha,Kinetic Agitation Spike,47.74
2026-09-15 17:09:16,Checkpoint_Alpha,Kinetic Agitation Spike,55.53
2026-09-15 17:09:16,Checkpoint_Alpha,Kinetic Agitation Spike,88.07
2026-09-15 17:09:16,Checkpoint_Alpha,Kinetic Agitation Spike,97.1
2026-09-15 17:09:16,Checkpoint_Alpha,Kinetic Agitation Spike,86.87
2026-09-15 17:09:16,Checkpoint_Alpha,Kinetic Agitation Spike,71.49
2026-09-15 17:09:16,Checkpoint_Alpha,Kinetic Agitation Spike,63.91
2026-09-15 17:09:16,Checkpoint_Alpha,Kinetic Agitation Spike,100.0
2026-09-15 17:09:16,Checkpoint_Alpha,Kinetic Agitation Spike,91.57
2026-09-15 17:09:16,Checkpoint_Alpha,Kinetic Agitation Spike,56.66
2026-09-15 17:09:16,Checkpoint_Alpha,Kinetic Agitation Spike,81.3
2026-09-15 17:09:16,Checkpoint_Alpha,Kinetic Agitation Spike,73.47
2026-09-15 17:09:16,Checkpoint_Alpha,Kinetic Agitation Spike,92.6
2026-09-15 17:09:16,Checkpoint_Alpha,Kinetic Agitation Spike,97.76
2026-09-15 17:09:16,Checkpoint_Alpha,Kinetic Agitation Spike,100.0
2026-09-15 17:09:16,Checkpoint_Alpha,Kinetic Agitation Spike,73.74
2026-09-15 17:09:16,Checkpoint_Alpha,Kinetic Agitation Spike,95.97
2026-09-15 17:09:16,Checkpoint_Alpha,Kinetic Agitation Spike,63.66
2026-09-15 17:09:16,Checkpoint_Alpha,Kinetic Agitation Spike,92.54
2026-09-15 17:09:16,Checkpoint_Alpha,Kinetic Agitation Spike,63.09
2026-09-15 17:09:16,Checkpoint_Alpha,Kinetic Agitation Spike,82.23
2026-09-15 17:09:16,Checkpoint_Alpha,Kinetic Agitation Spike,61.59
2026-09-15 17:09:16,Checkpoint_Alpha,Kinetic Agitation Spike,100.0
2026-09-15 17:09:16,Checkpoint_Alpha,Kinetic Agitation Spike,80.8
2026-09-15 17:09:16,Checkpoint_Alpha,Kinetic Agitation Spike,47.69
2026-09-15 17:09:16,Checkpoint_Alpha,Kinetic Agitation Spike,87.75
2026-09-15 17:09:16,Checkpoint_Alpha,Kinetic Agitation Spike,53.12
2026-09-15 17:09:16,Checkpoint_Alpha,Kinetic Agitation Spike,86.97
2026-09-15 17:09:16,Checkpoint_Alpha,Kinetic Agitation Spike,46.51
2026-09-15 17:09:16,Checkpoint_Alpha,Kinetic Agitation Spike,50.23
2026-09-15 17:09:16,Checkpoint_Alpha,Kinetic Agitation Spike,45.62
2026-09-15 17:09:16,Checkpoint_Alpha,Kinetic Agitation Spike,79.54
2026-09-15 17:09:16,Checkpoint_Alpha,Kinetic Agitation Spike,87.05
2026-09-15 17:09:16,Checkpoint_Alpha,Kinetic Agitation Spike,80.57
2026-09-15 17:09:16,Checkpoint_Alpha,Kinetic Agitation Spike,100.0
2026-09-15 17:09:16,Checkpoint_Alpha,Kinetic Agitation Spike,100.0
2026-09-15 17:09:16,Checkpoint_Alpha,Kinetic Agitation Spike,51.54
2026-09-15 17:09:16,Checkpoint_Alpha,Kinetic Agitation Spike,85.85
2026-09-15 17:09:16,Checkpoint_Alpha,Kinetic Agitation Spike,87.04
2026-09-15 17:09:16,Checkpoint_Alpha,Kinetic Agitation Spike,76.01
2026-09-15 17:09:16,Checkpoint_Alpha,Kinetic Agitation Spike,100.0
2026-09-15 17:09:16,Checkpoint_Alpha,Kinetic Agitation Spike,46.35
2026-09-15 17:09:16,Checkpoint_Alpha,Kinetic Agitation Spike,78.0
2026-09-15 17:09:16,Checkpoint_Alpha,Kinetic Agitation Spike,79.37
2026-09-15 17:09:16,Checkpoint_Alpha,Kinetic Agitation Spike,85.73
2026-09-15 17:09:16,Checkpoint_Alpha,Kinetic Agitation Spike,60.25
2026-09-15 17:09:16,Checkpoint_Alpha,Kinetic Agitation Spike,60.02
2026-09-15 17:09:16,Checkpoint_Alpha,Kinetic Agitation Spike,88.63
2026-09-15 17:09:16,Checkpoint_Alpha,Kinetic Agitation Spike,100.0
2026-09-15 17:09:16,Checkpoint_Alpha,Kinetic Agitation Spike,82.74
2026-09-15 17:09:16,Checkpoint_Alpha,Kinetic Agitation Spike,64.4
2026-09-15 17:09:17,Checkpoint_Alpha,Kinetic Agitation Spike,81.33
2026-09-15 17:09:17,Checkpoint_Alpha,Kinetic Agitation Spike,49.98
2026-09-15 17:09:17,Checkpoint_Alpha,Kinetic Agitation Spike,89.06
2026-09-15 17:09:17,Checkpoint_Alpha,Kinetic Agitation Spike,96.35
2026-09-15 17:09:17,Checkpoint_Alpha,Kinetic Agitation Spike,71.58
2026-09-15 17:09:17,Checkpoint_Alpha,Kinetic Agitation Spike,85.3
2026-09-15 17:09:17,Checkpoint_Alpha,Kinetic Agitation Spike,100.0
2026-09-15 17:09:17,Checkpoint_Alpha,Kinetic Agitation Spike,85.6
2026-09-15 17:09:17,Checkpoint_Alpha,Kinetic Agitation Spike,93.96
2026-09-15 17:09:17,Checkpoint_Alpha,Kinetic Agitation Spike,64.51
2026-09-15 17:09:17,Checkpoint_Alpha,Kinetic Agitation Spike,54.85
2026-09-15 17:09:17,Checkpoint_Alpha,Kinetic Agitation Spike,48.84
2026-09-15 17:09:17,Checkpoint_Alpha,Kinetic Agitation Spike,72.55
2026-09-15 17:09:17,Checkpoint_Alpha,Kinetic Agitation Spike,55.62
2026-09-15 17:09:17,Checkpoint_Alpha,Kinetic Agitation Spike,70.61
2026-09-15 17:09:17,Checkpoint_Alpha,Kinetic Agitation Spike,87.14
2026-09-15 17:09:17,Checkpoint_Alpha,Kinetic Agitation Spike,55.46
2026-09-15 17:09:17,Checkpoint_Alpha,Kinetic Agitation Spike,70.93
2026-09-15 17:09:17,Checkpoint_Alpha,Kinetic Agitation Spike,55.73
2026-09-15 17:09:17,Checkpoint_Alpha,Kinetic Agitation Spike,100.0
2026-09-15 17:09:17,Checkpoint_Alpha,Kinetic Agitation Spike,100.0
2026-09-15 17:09:17,Checkpoint_Alpha,Kinetic Agitation Spike,63.48
2026-09-15 17:09:17,Checkpoint_Alpha,Kinetic Agitation Spike,65.27
2026-09-15 17:09:17,Checkpoint_Alpha,Kinetic Agitation Spike,69.35
2026-09-15 17:09:17,Checkpoint_Alpha,Kinetic Agitation Spike,84.03
2026-09-15 17:09:17,Checkpoint_Alpha,Kinetic Agitation Spike,46.35
2026-09-15 17:09:17,Checkpoint_Alpha,Kinetic Agitation Spike,48.31
2026-09-15 17:09:17,Checkpoint_Alpha,Kinetic Agitation Spike,53.14
2026-09-15 17:09:17,Checkpoint_Alpha,Kinetic Agitation Spike,61.15
2026-09-15 17:09:17,Checkpoint_Alpha,Kinetic Agitation Spike,64.31
2026-09-15 17:09:17,Checkpoint_Alpha,Kinetic Agitation Spike,56.84
2026-09-15 17:09:17,Checkpoint_Alpha,Kinetic Agitation Spike,56.37
2026-09-15 17:09:17,Checkpoint_Alpha,Kinetic Agitation Spike,80.02
2026-09-15 17:09:17,Checkpoint_Alpha,Kinetic Agitation Spike,87.92
2026-09-15 17:09:17,Checkpoint_Alpha,Kinetic Agitation Spike,82.38
2026-09-15 17:09:17,Checkpoint_Alpha,Kinetic Agitation Spike,66.52
2026-09-15 17:09:17,Checkpoint_Alpha,Kinetic Agitation Spike,47.67
2026-09-15 17:09:17,Checkpoint_Alpha,Kinetic Agitation Spike,100.0
2026-09-15 17:09:17,Checkpoint_Alpha,Kinetic Agitation Spike,52.33
2026-09-15 17:09:17,Checkpoint_Alpha,Kinetic Agitation Spike,98.33
2026-09-15 17:09:17,Checkpoint_Alpha,Kinetic Agitation Spike,68.18
2026-09-15 17:09:17,Checkpoint_Alpha,Kinetic Agitation Spike,62.96
2026-09-15 17:09:17,Checkpoint_Alpha,Kinetic Agitation Spike,45.59
2026-09-15 17:09:17,Checkpoint_Alpha,Kinetic Agitation Spike,74.86
2026-09-15 17:09:17,Checkpoint_Alpha,Kinetic Agitation Spike,55.19
2026-09-15 17:09:17,Checkpoint_Alpha,Kinetic Agitation Spike,69.17
2026-09-15 17:09:17,Checkpoint_Alpha,Kinetic Agitation Spike,52.85
2026-09-15 17:09:17,Checkpoint_Alpha,Kinetic Agitation Spike,75.87
2026-09-15 17:09:17,Checkpoint_Alpha,Kinetic Agitation Spike,99.74
2026-09-15 17:09:17,Checkpoint_Alpha,Kinetic Agitation Spike,46.21
2026-09-15 17:09:17,Checkpoint_Alpha,Kinetic Agitation Spike,48.07
2026-09-15 17:09:17,Checkpoint_Alpha,Kinetic Agitation Spike,48.72
2026-09-15 17:09:17,Checkpoint_Alpha,Kinetic Agitation Spike,100.0
2026-09-15 17:09:17,Checkpoint_Alpha,Kinetic Agitation Spike,100.0
2026-09-15 17:09:17,Checkpoint_Alpha,Kinetic Agitation Spike,45.59
2026-09-15 17:09:17,Checkpoint_Alpha,Kinetic Agitation Spike,69.17
2026-09-15 17:09:17,Checkpoint_Alpha,Kinetic Agitation Spike,79.2
2026-09-15 17:09:17,Checkpoint_Alpha,Kinetic Agitation Spike,58.49
2026-09-15 17:09:17,Checkpoint_Alpha,Kinetic Agitation Spike,72.66
2026-09-15 17:09:17,Checkpoint_Alpha,Kinetic Agitation Spike,100.0
2026-09-15 17:09:17,Checkpoint_Alpha,Kinetic Agitation Spike,100.0
2026-09-15 17:09:18,Checkpoint_Alpha,Kinetic Agitation Spike,70.77
2026-09-15 17:09:18,Checkpoint_Alpha,Kinetic Agitation Spike,100.0
2026-09-15 17:09:18,Checkpoint_Alpha,Kinetic Agitation Spike,52.77
2026-09-15 17:09:18,Checkpoint_Alpha,Kinetic Agitation Spike,66.3
2026-09-15 17:09:18,Checkpoint_Alpha,Kinetic Agitation Spike,73.54
2026-09-15 17:09:18,Checkpoint_Alpha,Kinetic Agitation Spike,75.62
2026-09-15 17:09:18,Checkpoint_Alpha,Kinetic Agitation Spike,69.34
2026-09-15 17:09:18,Checkpoint_Alpha,Kinetic Agitation Spike,100.0
2026-09-15 17:09:18,Checkpoint_Alpha,Kinetic Agitation Spike,100.0
2026-09-15 17:09:18,Checkpoint_Alpha,Kinetic Agitation Spike,92.24
2026-09-15 17:09:18,Checkpoint_Alpha,Kinetic Agitation Spike,52.12
2026-09-15 17:09:18,Checkpoint_Alpha,Kinetic Agitation Spike,79.99
2026-09-15 17:09:18,Checkpoint_Alpha,Kinetic Agitation Spike,100.0
2026-09-15 17:09:18,Checkpoint_Alpha,Kinetic Agitation Spike,56.35
2026-09-15 17:09:18,Checkpoint_Alpha,Kinetic Agitation Spike,65.01
2026-09-15 17:09:18,Checkpoint_Alpha,Kinetic Agitation Spike,74.07
2026-09-15 17:09:18,Checkpoint_Alpha,Kinetic Agitation Spike,69.27
2026-09-15 17:09:18,Checkpoint_Alpha,Kinetic Agitation Spike,87.96
2026-09-15 17:09:18,Checkpoint_Alpha,Kinetic Agitation Spike,92.61
2026-09-15 17:09:18,Checkpoint_Alpha,Kinetic Agitation Spike,62.92
2026-09-15 17:09:18,Checkpoint_Alpha,Kinetic Agitation Spike,67.3
2026-09-15 17:09:18,Checkpoint_Alpha,Kinetic Agitation Spike,91.3
2026-09-15 17:09:18,Checkpoint_Alpha,Kinetic Agitation Spike,55.43
2026-09-15 17:09:18,Checkpoint_Alpha,Kinetic Agitation Spike,46.1
2026-09-15 17:09:18,Checkpoint_Alpha,Kinetic Agitation Spike,65.58
2026-09-15 17:09:18,Checkpoint_Alpha,Kinetic Agitation Spike,97.06
2026-09-15 17:09:18,Checkpoint_Alpha,Kinetic Agitation Spike,63.89
2026-09-15 17:09:18,Checkpoint_Alpha,Kinetic Agitation Spike,100.0
2026-09-15 17:09:18,Checkpoint_Alpha,Kinetic Agitation Spike,92.16
2026-09-15 17:09:18,Checkpoint_Alpha,Kinetic Agitation Spike,57.89
2026-09-15 17:09:18,Checkpoint_Alpha,Kinetic Agitation Spike,46.3
2026-09-15 17:09:18,Checkpoint_Alpha,Kinetic Agitation Spike,97.75
2026-09-15 17:09:18,Checkpoint_Alpha,Kinetic Agitation Spike,68.04
2026-09-15 17:09:18,Checkpoint_Alpha,Kinetic Agitation Spike,89.75
2026-09-15 17:09:18,Checkpoint_Alpha,Kinetic Agitation Spike,64.62
2026-09-15 17:09:18,Checkpoint_Alpha,Kinetic Agitation Spike,100.0
2026-09-15 17:09:18,Checkpoint_Alpha,Kinetic Agitation Spike,45.82
2026-09-15 17:09:18,Checkpoint_Alpha,Kinetic Agitation Spike,52.81
2026-09-15 17:09:18,Checkpoint_Alpha,Kinetic Agitation Spike,100.0
2026-09-15 17:09:18,Checkpoint_Alpha,Kinetic Agitation Spike,69.31
2026-09-15 17:09:18,Checkpoint_Alpha,Kinetic Agitation Spike,87.54
2026-09-15 17:09:18,Checkpoint_Alpha,Kinetic Agitation Spike,55.89
2026-09-15 17:09:18,Checkpoint_Alpha,Kinetic Agitation Spike,88.17
2026-09-15 17:09:18,Checkpoint_Alpha,Kinetic Agitation Spike,80.53
2026-09-15 17:09:18,Checkpoint_Alpha,Kinetic Agitation Spike,63.1
2026-09-15 17:09:18,Checkpoint_Alpha,Kinetic Agitation Spike,67.08
2026-09-15 17:09:18,Checkpoint_Alpha,Kinetic Agitation Spike,59.61
2026-09-15 17:09:18,Checkpoint_Alpha,Kinetic Agitation Spike,68.83
2026-09-15 17:09:18,Checkpoint_Alpha,Kinetic Agitation Spike,79.76
2026-09-15 17:09:18,Checkpoint_Alpha,Kinetic Agitation Spike,50.58
2026-09-15 17:09:19,Checkpoint_Alpha,Kinetic Agitation Spike,83.08
2026-09-15 17:09:19,Checkpoint_Alpha,Kinetic Agitation Spike,100.0
2026-09-15 17:09:19,Checkpoint_Alpha,Kinetic Agitation Spike,61.11
2026-09-15 17:09:19,Checkpoint_Alpha,Kinetic Agitation Spike,73.0
2026-09-15 17:09:19,Checkpoint_Alpha,Kinetic Agitation Spike,75.83
2026-09-15 17:09:19,Checkpoint_Alpha,Kinetic Agitation Spike,71.28
2026-09-15 17:09:19,Checkpoint_Alpha,Kinetic Agitation Spike,72.79
2026-09-15 17:09:19,Checkpoint_Alpha,Kinetic Agitation Spike,52.58
2026-09-15 17:09:19,Checkpoint_Alpha,Kinetic Agitation Spike,62.86
2026-09-15 17:09:19,Checkpoint_Alpha,Kinetic Agitation Spike,63.29
2026-09-15 17:09:19,Checkpoint_Alpha,Kinetic Agitation Spike,47.95
2026-09-15 17:09:19,Checkpoint_Alpha,Kinetic Agitation Spike,58.33
2026-09-15 17:09:19,Checkpoint_Alpha,Kinetic Agitation Spike,72.82
2026-09-15 17:09:19,Checkpoint_Alpha,Kinetic Agitation Spike,59.18
2026-09-15 17:09:19,Checkpoint_Alpha,Kinetic Agitation Spike,49.04
2026-09-15 17:09:19,Checkpoint_Alpha,Kinetic Agitation Spike,67.23
2026-09-15 17:09:19,Checkpoint_Alpha,Kinetic Agitation Spike,84.58
2026-09-15 17:09:19,Checkpoint_Alpha,Kinetic Agitation Spike,60.29
2026-09-15 17:09:19,Checkpoint_Alpha,Kinetic Agitation Spike,45.21
2026-09-15 17:09:19,Checkpoint_Alpha,Kinetic Agitation Spike,49.59
2026-09-15 17:09:19,Checkpoint_Alpha,Kinetic Agitation Spike,80.47
2026-09-15 17:09:19,Checkpoint_Alpha,Kinetic Agitation Spike,64.8
2026-09-15 17:09:19,Checkpoint_Alpha,Kinetic Agitation Spike,74.6
2026-09-15 17:09:19,Checkpoint_Alpha,Kinetic Agitation Spike,65.18
2026-09-15 17:09:19,Checkpoint_Alpha,Kinetic Agitation Spike,55.35
2026-09-15 17:09:19,Checkpoint_Alpha,Kinetic Agitation Spike,63.53
2026-09-15 17:09:19,Checkpoint_Alpha,Kinetic Agitation Spike,70.64
2026-09-15 17:09:19,Checkpoint_Alpha,Kinetic Agitation Spike,65.98
2026-09-15 17:09:19,Checkpoint_Alpha,Kinetic Agitation Spike,89.6
2026-09-15 17:09:19,Checkpoint_Alpha,Kinetic Agitation Spike,65.0
2026-09-15 17:09:19,Checkpoint_Alpha,Kinetic Agitation Spike,54.34
2026-09-15 17:09:19,Checkpoint_Alpha,Kinetic Agitation Spike,51.71
2026-09-15 17:09:19,Checkpoint_Alpha,Kinetic Agitation Spike,46.87
2026-09-15 17:09:19,Checkpoint_Alpha,Kinetic Agitation Spike,83.89
2026-09-15 17:09:19,Checkpoint_Alpha,Kinetic Agitation Spike,56.62
2026-09-15 17:09:19,Checkpoint_Alpha,Kinetic Agitation Spike,70.23
2026-09-15 17:09:19,Checkpoint_Alpha,Kinetic Agitation Spike,57.4
2026-09-15 17:09:19,Checkpoint_Alpha,Kinetic Agitation Spike,69.38
2026-09-15 17:09:19,Checkpoint_Alpha,Kinetic Agitation Spike,66.4
2026-09-15 17:09:19,Checkpoint_Alpha,Kinetic Agitation Spike,100.0
2026-09-15 17:09:19,Checkpoint_Alpha,Kinetic Agitation Spike,63.52
2026-09-15 17:09:20,Checkpoint_Alpha,Kinetic Agitation Spike,68.76
2026-09-15 17:09:20,Checkpoint_Alpha,Kinetic Agitation Spike,72.75
2026-09-15 17:09:20,Checkpoint_Alpha,Kinetic Agitation Spike,52.5
2026-09-15 17:09:20,Checkpoint_Alpha,Kinetic Agitation Spike,100.0
2026-09-15 17:09:20,Checkpoint_Alpha,Kinetic Agitation Spike,63.01
2026-09-15 17:09:20,Checkpoint_Alpha,Kinetic Agitation Spike,65.63
2026-09-15 17:09:20,Checkpoint_Alpha,Kinetic Agitation Spike,45.5
2026-09-15 17:09:20,Checkpoint_Alpha,Kinetic Agitation Spike,54.76
2026-09-15 17:09:20,Checkpoint_Alpha,Kinetic Agitation Spike,47.61
2026-09-15 17:09:20,Checkpoint_Alpha,Kinetic Agitation Spike,56.6
2026-09-15 17:09:20,Checkpoint_Alpha,Kinetic Agitation Spike,100.0
2026-09-15 17:09:20,Checkpoint_Alpha,Kinetic Agitation Spike,66.52
2026-09-15 17:09:20,Checkpoint_Alpha,Kinetic Agitation Spike,55.14
2026-09-15 17:09:20,Checkpoint_Alpha,Kinetic Agitation Spike,58.67
2026-09-15 17:09:20,Checkpoint_Alpha,Kinetic Agitation Spike,55.57
2026-09-15 17:09:20,Checkpoint_Alpha,Kinetic Agitation Spike,48.89
2026-09-15 17:09:20,Checkpoint_Alpha,Kinetic Agitation Spike,91.78
2026-09-15 17:09:20,Checkpoint_Alpha,Kinetic Agitation Spike,57.88
2026-09-15 17:09:20,Checkpoint_Alpha,Kinetic Agitation Spike,61.32
2026-09-15 17:09:20,Checkpoint_Alpha,Kinetic Agitation Spike,100.0
2026-09-15 17:09:20,Checkpoint_Alpha,Kinetic Agitation Spike,55.15
2026-09-15 17:09:20,Checkpoint_Alpha,Kinetic Agitation Spike,47.21
2026-09-15 17:09:20,Checkpoint_Alpha,Kinetic Agitation Spike,72.1
2026-09-15 17:09:20,Checkpoint_Alpha,Kinetic Agitation Spike,100.0
2026-09-15 17:09:20,Checkpoint_Alpha,Kinetic Agitation Spike,78.18
2026-09-15 17:09:20,Checkpoint_Alpha,Kinetic Agitation Spike,45.2
2026-09-15 17:09:20,Checkpoint_Alpha,Kinetic Agitation Spike,48.07
2026-09-15 17:09:20,Checkpoint_Alpha,Kinetic Agitation Spike,61.89
2026-09-15 17:09:20,Checkpoint_Alpha,Kinetic Agitation Spike,95.11
2026-09-15 17:09:20,Checkpoint_Alpha,Kinetic Agitation Spike,49.57
2026-09-15 17:09:20,Checkpoint_Alpha,Kinetic Agitation Spike,67.32
2026-09-15 17:09:20,Checkpoint_Alpha,Kinetic Agitation Spike,66.37
2026-09-15 17:09:20,Checkpoint_Alpha,Kinetic Agitation Spike,49.84
2026-09-15 17:09:20,Checkpoint_Alpha,Kinetic Agitation Spike,97.77
2026-09-15 17:09:20,Checkpoint_Alpha,Kinetic Agitation Spike,91.13
2026-09-15 17:09:20,Checkpoint_Alpha,Kinetic Agitation Spike,66.09
2026-09-15 17:09:20,Checkpoint_Alpha,Kinetic Agitation Spike,66.01
2026-09-15 17:09:20,Checkpoint_Alpha,Kinetic Agitation Spike,53.69
2026-09-15 17:09:20,Checkpoint_Alpha,Kinetic Agitation Spike,100.0
2026-09-15 17:09:20,Checkpoint_Alpha,Kinetic Agitation Spike,66.47
2026-09-15 17:09:20,Checkpoint_Alpha,Kinetic Agitation Spike,53.6
2026-09-15 17:09:20,Checkpoint_Alpha,Kinetic Agitation Spike,100.0
2026-09-15 17:09:20,Checkpoint_Alpha,Kinetic Agitation Spike,58.22
2026-09-15 17:09:20,Checkpoint_Alpha,Kinetic Agitation Spike,92.96
2026-09-15 17:09:20,Checkpoint_Alpha,Kinetic Agitation Spike,58.18
2026-09-15 17:09:20,Checkpoint_Alpha,Kinetic Agitation Spike,78.75
2026-09-15 17:09:20,Checkpoint_Alpha,Kinetic Agitation Spike,51.79
2026-09-15 17:09:20,Checkpoint_Alpha,Kinetic Agitation Spike,54.88
2026-09-15 17:09:20,Checkpoint_Alpha,Kinetic Agitation Spike,100.0
2026-09-15 17:09:20,Checkpoint_Alpha,Kinetic Agitation Spike,100.0
2026-09-15 17:09:20,Checkpoint_Alpha,Kinetic Agitation Spike,52.97
2026-09-15 17:09:20,Checkpoint_Alpha,Kinetic Agitation Spike,87.45
2026-09-15 17:09:20,Checkpoint_Alpha,Kinetic Agitation Spike,47.67
2026-09-15 17:09:20,Checkpoint_Alpha,Kinetic Agitation Spike,66.49
2026-09-15 17:09:20,Checkpoint_Alpha,Kinetic Agitation Spike,96.28
2026-09-15 17:09:20,Checkpoint_Alpha,Kinetic Agitation Spike,53.44
2026-09-15 17:09:21,Checkpoint_Alpha,Kinetic Agitation Spike,57.77
2026-09-15 17:09:21,Checkpoint_Alpha,Kinetic Agitation Spike,47.15
2026-09-15 17:09:21,Checkpoint_Alpha,Kinetic Agitation Spike,60.75
2026-09-15 17:09:21,Checkpoint_Alpha,Kinetic Agitation Spike,57.82
2026-09-15 17:09:21,Checkpoint_Alpha,Kinetic Agitation Spike,100.0
2026-09-15 17:09:21,Checkpoint_Alpha,Kinetic Agitation Spike,52.62
2026-09-15 17:09:21,Checkpoint_Alpha,Kinetic Agitation Spike,75.7
2026-09-15 17:09:21,Checkpoint_Alpha,Kinetic Agitation Spike,100.0
2026-09-15 17:09:21,Checkpoint_Alpha,Kinetic Agitation Spike,66.94
2026-09-15 17:09:21,Checkpoint_Alpha,Kinetic Agitation Spike,62.82
2026-09-15 17:09:21,Checkpoint_Alpha,Kinetic Agitation Spike,56.61
2026-09-15 17:09:21,Checkpoint_Alpha,Kinetic Agitation Spike,57.36
2026-09-15 17:09:21,Checkpoint_Alpha,Kinetic Agitation Spike,100.0
2026-09-15 17:09:21,Checkpoint_Alpha,Kinetic Agitation Spike,90.94
2026-09-15 17:09:21,Checkpoint_Alpha,Kinetic Agitation Spike,100.0
2026-09-15 17:09:21,Checkpoint_Alpha,Kinetic Agitation Spike,70.71
2026-09-15 17:09:21,Checkpoint_Alpha,Kinetic Agitation Spike,58.39
2026-09-15 17:09:21,Checkpoint_Alpha,Kinetic Agitation Spike,100.0
2026-09-15 17:09:21,Checkpoint_Alpha,Kinetic Agitation Spike,100.0
2026-09-15 17:09:21,Checkpoint_Alpha,Kinetic Agitation Spike,100.0
2026-09-15 17:09:21,Checkpoint_Alpha,Kinetic Agitation Spike,61.54
2026-09-15 17:09:21,Checkpoint_Alpha,Kinetic Agitation Spike,50.37
2026-09-15 17:09:21,Checkpoint_Alpha,Kinetic Agitation Spike,95.54
2026-09-15 17:09:21,Checkpoint_Alpha,Kinetic Agitation Spike,50.86
2026-09-15 17:09:21,Checkpoint_Alpha,Kinetic Agitation Spike,79.87
2026-09-15 17:09:21,Checkpoint_Alpha,Kinetic Agitation Spike,89.51
2026-09-15 17:09:21,Checkpoint_Alpha,Kinetic Agitation Spike,45.17
2026-09-15 17:09:21,Checkpoint_Alpha,Kinetic Agitation Spike,47.76
2026-09-15 17:09:21,Checkpoint_Alpha,Kinetic Agitation Spike,100.0
2026-09-15 17:09:21,Checkpoint_Alpha,Kinetic Agitation Spike,100.0
2026-09-15 17:09:21,Checkpoint_Alpha,Kinetic Agitation Spike,55.48
2026-09-15 17:09:21,Checkpoint_Alpha,Kinetic Agitation Spike,73.91
2026-09-15 17:09:21,Checkpoint_Alpha,Kinetic Agitation Spike,66.87
2026-09-15 17:09:21,Checkpoint_Alpha,Kinetic Agitation Spike,58.57
2026-09-15 17:09:21,Checkpoint_Alpha,Kinetic Agitation Spike,59.04
2026-09-15 17:09:21,Checkpoint_Alpha,Kinetic Agitation Spike,100.0
2026-09-15 17:09:21,Checkpoint_Alpha,Kinetic Agitation Spike,87.29
2026-09-15 17:09:21,Checkpoint_Alpha,Kinetic Agitation Spike,85.04
2026-09-15 17:09:21,Checkpoint_Alpha,Kinetic Agitation Spike,65.74
2026-09-15 17:09:21,Checkpoint_Alpha,Kinetic Agitation Spike,100.0
2026-09-15 17:09:21,Checkpoint_Alpha,Kinetic Agitation Spike,88.96
2026-09-15 17:09:22,Checkpoint_Alpha,Kinetic Agitation Spike,74.61
2026-09-15 17:09:22,Checkpoint_Alpha,Kinetic Agitation Spike,77.05
2026-09-15 17:09:22,Checkpoint_Alpha,Kinetic Agitation Spike,100.0
2026-09-15 17:09:22,Checkpoint_Alpha,Kinetic Agitation Spike,87.12
2026-09-15 17:09:22,Checkpoint_Alpha,Kinetic Agitation Spike,68.61
2026-09-15 17:09:22,Checkpoint_Alpha,Kinetic Agitation Spike,100.0
2026-09-15 17:09:22,Checkpoint_Alpha,Kinetic Agitation Spike,62.25
2026-09-15 17:09:22,Checkpoint_Alpha,Kinetic Agitation Spike,79.66
2026-09-15 17:09:22,Checkpoint_Alpha,Kinetic Agitation Spike,74.45
2026-09-15 17:09:22,Checkpoint_Alpha,Kinetic Agitation Spike,52.76
2026-09-15 17:09:22,Checkpoint_Alpha,Kinetic Agitation Spike,58.39
2026-09-15 17:09:22,Checkpoint_Alpha,Kinetic Agitation Spike,100.0
2026-09-15 17:09:22,Checkpoint_Alpha,Kinetic Agitation Spike,92.26
2026-09-15 17:09:22,Checkpoint_Alpha,Kinetic Agitation Spike,57.36
2026-09-15 17:09:22,Checkpoint_Alpha,Kinetic Agitation Spike,50.88
2026-09-15 17:09:22,Checkpoint_Alpha,Kinetic Agitation Spike,64.89
2026-09-15 17:09:22,Checkpoint_Alpha,Kinetic Agitation Spike,70.54
2026-09-15 17:09:22,Checkpoint_Alpha,Kinetic Agitation Spike,100.0
2026-09-15 17:09:22,Checkpoint_Alpha,Kinetic Agitation Spike,70.08
2026-09-15 17:09:22,Checkpoint_Alpha,Kinetic Agitation Spike,67.19
2026-09-15 17:09:22,Checkpoint_Alpha,Kinetic Agitation Spike,85.52
2026-09-15 17:09:22,Checkpoint_Alpha,Kinetic Agitation Spike,90.61
2026-09-15 17:09:22,Checkpoint_Alpha,Kinetic Agitation Spike,100.0
2026-09-15 17:09:22,Checkpoint_Alpha,Kinetic Agitation Spike,56.66
2026-09-15 17:09:22,Checkpoint_Alpha,Kinetic Agitation Spike,56.1
2026-09-15 17:09:22,Checkpoint_Alpha,Kinetic Agitation Spike,74.28
2026-09-15 17:09:22,Checkpoint_Alpha,Kinetic Agitation Spike,100.0
2026-09-15 17:09:22,Checkpoint_Alpha,Kinetic Agitation Spike,67.46
2026-09-15 17:09:22,Checkpoint_Alpha,Kinetic Agitation Spike,56.58
2026-09-15 17:09:22,Checkpoint_Alpha,Kinetic Agitation Spike,100.0
2026-09-15 17:09:22,Checkpoint_Alpha,Kinetic Agitation Spike,45.81
2026-09-15 17:09:22,Checkpoint_Alpha,Kinetic Agitation Spike,66.41
2026-09-15 17:09:22,Checkpoint_Alpha,Kinetic Agitation Spike,100.0
2026-09-15 17:09:22,Checkpoint_Alpha,Kinetic Agitation Spike,67.87
2026-09-15 17:09:22,Checkpoint_Alpha,Kinetic Agitation Spike,69.57
2026-09-15 17:09:22,Checkpoint_Alpha,Kinetic Agitation Spike,49.42
2026-09-15 17:09:22,Checkpoint_Alpha,Kinetic Agitation Spike,48.25
2026-09-15 17:09:22,Checkpoint_Alpha,Kinetic Agitation Spike,68.48
2026-09-15 17:09:22,Checkpoint_Alpha,Kinetic Agitation Spike,69.23
2026-09-15 17:09:22,Checkpoint_Alpha,Kinetic Agitation Spike,48.8
2026-09-15 17:09:22,Checkpoint_Alpha,Kinetic Agitation Spike,78.64
2026-09-15 17:09:22,Checkpoint_Alpha,Kinetic Agitation Spike,63.97
2026-09-15 17:09:22,Checkpoint_Alpha,Kinetic Agitation Spike,80.24
2026-09-15 17:09:23,Checkpoint_Alpha,Kinetic Agitation Spike,58.49
2026-09-15 17:09:23,Checkpoint_Alpha,Kinetic Agitation Spike,47.91
2026-09-15 17:09:23,Checkpoint_Alpha,Kinetic Agitation Spike,66.37
2026-09-15 17:09:23,Checkpoint_Alpha,Kinetic Agitation Spike,64.2
2026-09-15 17:09:23,Checkpoint_Alpha,Kinetic Agitation Spike,94.69
2026-09-15 17:09:23,Checkpoint_Alpha,Kinetic Agitation Spike,58.47
2026-09-15 17:09:23,Checkpoint_Alpha,Kinetic Agitation Spike,89.36
2026-09-15 17:09:23,Checkpoint_Alpha,Kinetic Agitation Spike,47.07
2026-09-15 17:09:23,Checkpoint_Alpha,Kinetic Agitation Spike,57.9
2026-09-15 17:09:23,Checkpoint_Alpha,Kinetic Agitation Spike,100.0
2026-09-15 17:09:23,Checkpoint_Alpha,Kinetic Agitation Spike,45.03
2026-09-15 17:09:23,Checkpoint_Alpha,Kinetic Agitation Spike,50.66
2026-09-15 17:09:23,Checkpoint_Alpha,Kinetic Agitation Spike,55.71
2026-09-15 17:09:23,Checkpoint_Alpha,Kinetic Agitation Spike,66.19
2026-09-15 17:09:23,Checkpoint_Alpha,Kinetic Agitation Spike,75.11
2026-09-15 17:09:23,Checkpoint_Alpha,Kinetic Agitation Spike,87.03
2026-09-15 17:09:23,Checkpoint_Alpha,Kinetic Agitation Spike,68.87
2026-09-15 17:09:23,Checkpoint_Alpha,Kinetic Agitation Spike,50.04
2026-09-15 17:09:23,Checkpoint_Alpha,Kinetic Agitation Spike,64.42
2026-09-15 17:09:23,Checkpoint_Alpha,Kinetic Agitation Spike,65.04
2026-09-15 17:09:23,Checkpoint_Alpha,Kinetic Agitation Spike,73.72
2026-09-15 17:09:23,Checkpoint_Alpha,Kinetic Agitation Spike,59.13
2026-09-15 17:09:23,Checkpoint_Alpha,Kinetic Agitation Spike,84.48
2026-09-15 17:09:23,Checkpoint_Alpha,Kinetic Agitation Spike,55.55
2026-09-15 17:09:23,Checkpoint_Alpha,Kinetic Agitation Spike,66.41
2026-09-15 17:09:23,Checkpoint_Alpha,Kinetic Agitation Spike,61.7
2026-09-15 17:09:23,Checkpoint_Alpha,Kinetic Agitation Spike,71.75
2026-09-15 17:09:23,Checkpoint_Alpha,Kinetic Agitation Spike,62.21
2026-09-15 17:09:23,Checkpoint_Alpha,Kinetic Agitation Spike,81.1
2026-09-15 17:09:23,Checkpoint_Alpha,Kinetic Agitation Spike,52.09
2026-09-15 17:09:23,Checkpoint_Alpha,Kinetic Agitation Spike,49.64
2026-09-15 17:09:23,Checkpoint_Alpha,Kinetic Agitation Spike,66.3
2026-09-15 17:09:23,Checkpoint_Alpha,Kinetic Agitation Spike,87.54
2026-09-15 17:09:23,Checkpoint_Alpha,Kinetic Agitation Spike,50.86
2026-09-15 17:09:23,Checkpoint_Alpha,Kinetic Agitation Spike,48.51
2026-09-15 17:09:23,Checkpoint_Alpha,Kinetic Agitation Spike,54.56
2026-09-15 17:09:23,Checkpoint_Alpha,Kinetic Agitation Spike,90.46
2026-09-15 17:09:23,Checkpoint_Alpha,Kinetic Agitation Spike,64.33
2026-09-15 17:09:23,Checkpoint_Alpha,Kinetic Agitation Spike,49.82
2026-09-15 17:09:23,Checkpoint_Alpha,Kinetic Agitation Spike,54.86
2026-09-15 17:09:23,Checkpoint_Alpha,Kinetic Agitation Spike,56.71
2026-09-15 17:09:23,Checkpoint_Alpha,Kinetic Agitation Spike,76.45
2026-09-15 17:09:23,Checkpoint_Alpha,Kinetic Agitation Spike,57.04
2026-09-15 17:09:23,Checkpoint_Alpha,Kinetic Agitation Spike,77.53
2026-09-15 17:09:23,Checkpoint_Alpha,Kinetic Agitation Spike,48.83
2026-09-15 17:09:23,Checkpoint_Alpha,Kinetic Agitation Spike,65.78
2026-09-15 17:09:23,Checkpoint_Alpha,Kinetic Agitation Spike,51.41
2026-09-15 17:09:23,Checkpoint_Alpha,Kinetic Agitation Spike,85.23
2026-09-15 17:09:24,Checkpoint_Alpha,Kinetic Agitation Spike,54.29
2026-09-15 17:09:24,Checkpoint_Alpha,Kinetic Agitation Spike,52.89
2026-09-15 17:09:24,Checkpoint_Alpha,Kinetic Agitation Spike,83.33
2026-09-15 17:09:24,Checkpoint_Alpha,Kinetic Agitation Spike,50.28
2026-09-15 17:09:24,Checkpoint_Alpha,Kinetic Agitation Spike,98.03
2026-09-15 17:09:24,Checkpoint_Alpha,Kinetic Agitation Spike,59.52
2026-09-15 17:09:24,Checkpoint_Alpha,Kinetic Agitation Spike,54.56
2026-09-15 17:09:24,Checkpoint_Alpha,Kinetic Agitation Spike,70.14
2026-09-15 17:09:24,Checkpoint_Alpha,Kinetic Agitation Spike,72.46
2026-09-15 17:09:24,Checkpoint_Alpha,Kinetic Agitation Spike,55.77
2026-09-15 17:09:24,Checkpoint_Alpha,Kinetic Agitation Spike,73.61
2026-09-15 17:09:24,Checkpoint_Alpha,Kinetic Agitation Spike,69.49
2026-09-15 17:09:24,Checkpoint_Alpha,Kinetic Agitation Spike,72.78
2026-09-15 17:09:24,Checkpoint_Alpha,Kinetic Agitation Spike,82.76
2026-09-15 17:09:24,Checkpoint_Alpha,Kinetic Agitation Spike,63.06
2026-09-15 17:09:24,Checkpoint_Alpha,Kinetic Agitation Spike,46.84
2026-09-15 17:09:24,Checkpoint_Alpha,Kinetic Agitation Spike,100.0
2026-09-15 17:09:24,Checkpoint_Alpha,Kinetic Agitation Spike,63.39
2026-09-15 17:09:24,Checkpoint_Alpha,Kinetic Agitation Spike,66.63
2026-09-15 17:09:24,Checkpoint_Alpha,Kinetic Agitation Spike,83.9
2026-09-15 17:09:24,Checkpoint_Alpha,Kinetic Agitation Spike,54.66
2026-09-15 17:09:24,Checkpoint_Alpha,Kinetic Agitation Spike,45.05
2026-09-15 17:09:24,Checkpoint_Alpha,Kinetic Agitation Spike,49.38
2026-09-15 17:09:24,Checkpoint_Alpha,Kinetic Agitation Spike,45.34
2026-09-15 17:09:24,Checkpoint_Alpha,Kinetic Agitation Spike,56.9
2026-09-15 17:09:24,Checkpoint_Alpha,Kinetic Agitation Spike,50.53
2026-09-15 17:09:24,Checkpoint_Alpha,Kinetic Agitation Spike,47.81
2026-09-15 17:09:25,Checkpoint_Alpha,Kinetic Agitation Spike,51.67
2026-09-15 17:09:25,Checkpoint_Alpha,Kinetic Agitation Spike,55.91
2026-09-15 17:09:25,Checkpoint_Alpha,Kinetic Agitation Spike,71.41
2026-09-15 17:09:25,Checkpoint_Alpha,Kinetic Agitation Spike,73.45
2026-09-15 17:09:25,Checkpoint_Alpha,Kinetic Agitation Spike,73.38
2026-09-15 17:09:25,Checkpoint_Alpha,Kinetic Agitation Spike,50.12
2026-09-15 17:09:25,Checkpoint_Alpha,Kinetic Agitation Spike,65.56
2026-09-15 17:09:25,Checkpoint_Alpha,Kinetic Agitation Spike,47.92
2026-09-15 17:09:25,Checkpoint_Alpha,Kinetic Agitation Spike,68.97
2026-09-15 17:09:25,Checkpoint_Alpha,Kinetic Agitation Spike,71.12
2026-09-15 17:09:25,Checkpoint_Alpha,Kinetic Agitation Spike,68.64
2026-09-15 17:09:25,Checkpoint_Alpha,Kinetic Agitation Spike,52.11
2026-09-15 17:09:25,Checkpoint_Alpha,Kinetic Agitation Spike,54.48
2026-09-15 17:09:25,Checkpoint_Alpha,Kinetic Agitation Spike,47.17
2026-09-15 17:09:25,Checkpoint_Alpha,Kinetic Agitation Spike,53.36
2026-09-15 17:09:25,Checkpoint_Alpha,Kinetic Agitation Spike,51.69
2026-09-15 17:09:25,Checkpoint_Alpha,Kinetic Agitation Spike,51.02
2026-09-15 17:09:25,Checkpoint_Alpha,Kinetic Agitation Spike,100.0
2026-09-15 17:09:25,Checkpoint_Alpha,Kinetic Agitation Spike,52.14
2026-09-15 17:09:25,Checkpoint_Alpha,Kinetic Agitation Spike,46.57
2026-09-15 17:09:25,Checkpoint_Alpha,Kinetic Agitation Spike,48.89
2026-09-15 17:09:25,Checkpoint_Alpha,Kinetic Agitation Spike,76.96
2026-09-15 17:09:25,Checkpoint_Alpha,Kinetic Agitation Spike,62.59
2026-09-15 17:09:25,Checkpoint_Alpha,Kinetic Agitation Spike,64.67
2026-09-15 17:09:25,Checkpoint_Alpha,Kinetic Agitation Spike,48.99
2026-09-15 17:09:25,Checkpoint_Alpha,Kinetic Agitation Spike,93.25
2026-09-15 17:09:26,Checkpoint_Alpha,Kinetic Agitation Spike,49.97
2026-09-15 17:09:26,Checkpoint_Alpha,Kinetic Agitation Spike,79.2
2026-09-15 17:09:26,Checkpoint_Alpha,Kinetic Agitation Spike,75.73
2026-09-15 17:09:26,Checkpoint_Alpha,Kinetic Agitation Spike,53.25
2026-09-15 17:09:26,Checkpoint_Alpha,Kinetic Agitation Spike,46.77
2026-09-15 17:09:26,Checkpoint_Alpha,Kinetic Agitation Spike,63.78
2026-09-15 17:09:26,Checkpoint_Alpha,Kinetic Agitation Spike,45.79
2026-09-15 17:09:26,Checkpoint_Alpha,Kinetic Agitation Spike,83.46
2026-09-15 17:09:26,Checkpoint_Alpha,Kinetic Agitation Spike,55.88
2026-09-15 17:09:26,Checkpoint_Alpha,Kinetic Agitation Spike,66.68
2026-09-15 17:09:26,Checkpoint_Alpha,Kinetic Agitation Spike,48.24
2026-09-15 17:09:26,Checkpoint_Alpha,Kinetic Agitation Spike,51.07
2026-09-15 17:09:26,Checkpoint_Alpha,Kinetic Agitation Spike,54.57
2026-09-15 17:09:26,Checkpoint_Alpha,Kinetic Agitation Spike,64.44
2026-09-15 17:09:26,Checkpoint_Alpha,Kinetic Agitation Spike,61.63
2026-09-15 17:09:26,Checkpoint_Alpha,Kinetic Agitation Spike,71.94
2026-09-15 17:09:26,Checkpoint_Alpha,Kinetic Agitation Spike,100.0
2026-09-15 17:09:26,Checkpoint_Alpha,Kinetic Agitation Spike,45.35
2026-09-15 17:09:26,Checkpoint_Alpha,Kinetic Agitation Spike,65.43
2026-09-15 17:09:26,Checkpoint_Alpha,Kinetic Agitation Spike,64.14
2026-09-15 17:09:26,Checkpoint_Alpha,Kinetic Agitation Spike,62.09
2026-09-15 17:09:26,Checkpoint_Alpha,Kinetic Agitation Spike,60.06
2026-09-15 17:09:26,Checkpoint_Alpha,Kinetic Agitation Spike,53.52
2026-09-15 17:09:26,Checkpoint_Alpha,Kinetic Agitation Spike,51.03
2026-09-15 17:09:26,Checkpoint_Alpha,Kinetic Agitation Spike,71.74
2026-09-15 17:09:26,Checkpoint_Alpha,Kinetic Agitation Spike,76.23
2026-09-15 17:09:26,Checkpoint_Alpha,Kinetic Agitation Spike,47.48
2026-09-15 17:09:26,Checkpoint_Alpha,Kinetic Agitation Spike,63.64
2026-09-15 17:09:26,Checkpoint_Alpha,Kinetic Agitation Spike,45.75
2026-09-15 17:09:26,Checkpoint_Alpha,Kinetic Agitation Spike,78.43
2026-09-15 17:09:26,Checkpoint_Alpha,Kinetic Agitation Spike,59.07
2026-09-15 17:09:26,Checkpoint_Alpha,Kinetic Agitation Spike,53.96
2026-09-15 17:09:26,Checkpoint_Alpha,Kinetic Agitation Spike,94.65
2026-09-15 17:09:26,Checkpoint_Alpha,Kinetic Agitation Spike,89.33
2026-09-15 17:09:27,Checkpoint_Alpha,Kinetic Agitation Spike,66.13
2026-09-15 17:09:27,Checkpoint_Alpha,Kinetic Agitation Spike,62.77
2026-09-15 17:09:27,Checkpoint_Alpha,Kinetic Agitation Spike,46.72
2026-09-15 17:09:27,Checkpoint_Alpha,Kinetic Agitation Spike,59.13
2026-09-15 17:09:27,Checkpoint_Alpha,Kinetic Agitation Spike,77.53
2026-09-15 17:09:27,Checkpoint_Alpha,Kinetic Agitation Spike,72.87
2026-09-15 17:09:27,Checkpoint_Alpha,Kinetic Agitation Spike,71.74
2026-09-15 17:09:27,Checkpoint_Alpha,Kinetic Agitation Spike,53.78
2026-09-15 17:09:27,Checkpoint_Alpha,Kinetic Agitation Spike,57.59
2026-09-15 17:09:27,Checkpoint_Alpha,Kinetic Agitation Spike,55.39
2026-09-15 17:09:27,Checkpoint_Alpha,Kinetic Agitation Spike,46.58
2026-09-15 17:09:27,Checkpoint_Alpha,Kinetic Agitation Spike,65.87
2026-09-15 17:09:27,Checkpoint_Alpha,Kinetic Agitation Spike,81.97
2026-09-15 17:09:27,Checkpoint_Alpha,Kinetic Agitation Spike,50.14
2026-09-15 17:09:27,Checkpoint_Alpha,Kinetic Agitation Spike,45.65
2026-09-15 17:09:27,Checkpoint_Alpha,Kinetic Agitation Spike,53.24
2026-09-15 17:09:27,Checkpoint_Alpha,Kinetic Agitation Spike,63.15
2026-09-15 17:09:27,Checkpoint_Alpha,Kinetic Agitation Spike,51.76
2026-09-15 17:09:27,Checkpoint_Alpha,Kinetic Agitation Spike,66.37
2026-09-15 17:09:27,Checkpoint_Alpha,Kinetic Agitation Spike,45.64
2026-09-15 17:09:27,Checkpoint_Alpha,Kinetic Agitation Spike,53.94
2026-09-15 17:09:27,Checkpoint_Alpha,Kinetic Agitation Spike,82.27
2026-09-15 17:09:27,Checkpoint_Alpha,Kinetic Agitation Spike,61.87
2026-09-15 17:09:27,Checkpoint_Alpha,Kinetic Agitation Spike,100.0
2026-09-15 17:09:27,Checkpoint_Alpha,Kinetic Agitation Spike,50.94
2026-09-15 17:09:27,Checkpoint_Alpha,Kinetic Agitation Spike,61.34
2026-09-15 17:09:27,Checkpoint_Alpha,Kinetic Agitation Spike,74.85
2026-09-15 17:09:27,Checkpoint_Alpha,Kinetic Agitation Spike,61.4
2026-09-15 17:09:27,Checkpoint_Alpha,Kinetic Agitation Spike,66.9
2026-09-15 17:09:27,Checkpoint_Alpha,Kinetic Agitation Spike,81.88
2026-09-15 17:09:27,Checkpoint_Alpha,Kinetic Agitation Spike,51.09
2026-09-15 17:09:27,Checkpoint_Alpha,Kinetic Agitation Spike,77.94
2026-09-15 17:09:27,Checkpoint_Alpha,Kinetic Agitation Spike,100.0
2026-09-15 17:09:28,Checkpoint_Alpha,Kinetic Agitation Spike,46.41
2026-09-15 17:09:28,Checkpoint_Alpha,Kinetic Agitation Spike,92.28
2026-09-15 17:09:28,Checkpoint_Alpha,Kinetic Agitation Spike,95.67
2026-09-15 17:09:28,Checkpoint_Alpha,Kinetic Agitation Spike,68.62
2026-09-15 17:09:28,Checkpoint_Alpha,Kinetic Agitation Spike,68.34
2026-09-15 17:09:28,Checkpoint_Alpha,Kinetic Agitation Spike,50.93
2026-09-15 17:09:28,Checkpoint_Alpha,Kinetic Agitation Spike,52.04
2026-09-15 17:09:28,Checkpoint_Alpha,Kinetic Agitation Spike,77.67
2026-09-15 17:09:28,Checkpoint_Alpha,Kinetic Agitation Spike,66.59
2026-09-15 17:09:28,Checkpoint_Alpha,Kinetic Agitation Spike,76.53
2026-09-15 17:09:28,Checkpoint_Alpha,Kinetic Agitation Spike,68.01
2026-09-15 17:09:28,Checkpoint_Alpha,Kinetic Agitation Spike,49.99
2026-09-15 17:09:28,Checkpoint_Alpha,Kinetic Agitation Spike,56.72
2026-09-15 17:09:28,Checkpoint_Alpha,Kinetic Agitation Spike,50.01
2026-09-15 17:09:28,Checkpoint_Alpha,Kinetic Agitation Spike,59.01
2026-09-15 17:09:28,Checkpoint_Alpha,Kinetic Agitation Spike,100.0
2026-09-15 17:09:28,Checkpoint_Alpha,Kinetic Agitation Spike,74.59
2026-09-15 17:09:28,Checkpoint_Alpha,Kinetic Agitation Spike,61.45
2026-09-15 17:09:28,Checkpoint_Alpha,Kinetic Agitation Spike,79.86
2026-09-15 17:09:28,Checkpoint_Alpha,Kinetic Agitation Spike,49.82
2026-09-15 17:09:28,Checkpoint_Alpha,Kinetic Agitation Spike,57.85
2026-09-15 17:09:28,Checkpoint_Alpha,Kinetic Agitation Spike,84.25
2026-09-15 17:09:28,Checkpoint_Alpha,Kinetic Agitation Spike,48.06
2026-09-15 17:09:28,Checkpoint_Alpha,Kinetic Agitation Spike,49.56
2026-09-15 17:09:28,Checkpoint_Alpha,Kinetic Agitation Spike,49.78
2026-09-15 17:09:28,Checkpoint_Alpha,Kinetic Agitation Spike,51.52
2026-09-15 17:09:28,Checkpoint_Alpha,Kinetic Agitation Spike,100.0
2026-09-15 17:09:28,Checkpoint_Alpha,Kinetic Agitation Spike,70.44
2026-09-15 17:09:28,Checkpoint_Alpha,Kinetic Agitation Spike,51.93
2026-09-15 17:09:28,Checkpoint_Alpha,Kinetic Agitation Spike,51.91
2026-09-15 17:09:28,Checkpoint_Alpha,Kinetic Agitation Spike,54.31
2026-09-15 17:09:28,Checkpoint_Alpha,Kinetic Agitation Spike,100.0
2026-09-15 17:09:28,Checkpoint_Alpha,Kinetic Agitation Spike,49.29
2026-09-15 17:09:28,Checkpoint_Alpha,Kinetic Agitation Spike,68.2
2026-09-15 17:09:28,Checkpoint_Alpha,Kinetic Agitation Spike,75.02
2026-09-15 17:09:29,Checkpoint_Alpha,Kinetic Agitation Spike,59.86
2026-09-15 17:09:29,Checkpoint_Alpha,Kinetic Agitation Spike,79.67
2026-09-15 17:09:29,Checkpoint_Alpha,Kinetic Agitation Spike,99.93
2026-09-15 17:09:29,Checkpoint_Alpha,Kinetic Agitation Spike,50.84
2026-09-15 17:09:29,Checkpoint_Alpha,Kinetic Agitation Spike,46.53
2026-09-15 17:09:29,Checkpoint_Alpha,Kinetic Agitation Spike,52.52
2026-09-15 17:09:29,Checkpoint_Alpha,Kinetic Agitation Spike,91.79
2026-09-15 17:09:29,Checkpoint_Alpha,Kinetic Agitation Spike,66.06
2026-09-15 17:09:29,Checkpoint_Alpha,Kinetic Agitation Spike,80.79
2026-09-15 17:09:29,Checkpoint_Alpha,Kinetic Agitation Spike,80.37
2026-09-15 17:09:29,Checkpoint_Alpha,Kinetic Agitation Spike,66.52
2026-09-15 17:09:29,Checkpoint_Alpha,Kinetic Agitation Spike,74.35
2026-09-15 17:09:29,Checkpoint_Alpha,Kinetic Agitation Spike,93.56
2026-09-15 17:09:29,Checkpoint_Alpha,Kinetic Agitation Spike,52.22
2026-09-15 17:09:29,Checkpoint_Alpha,Kinetic Agitation Spike,56.96
2026-09-15 17:09:29,Checkpoint_Alpha,Kinetic Agitation Spike,45.05
2026-09-15 17:09:29,Checkpoint_Alpha,Kinetic Agitation Spike,52.14
2026-09-15 17:09:29,Checkpoint_Alpha,Kinetic Agitation Spike,54.21
2026-09-15 17:09:29,Checkpoint_Alpha,Kinetic Agitation Spike,49.25
2026-09-15 17:09:29,Checkpoint_Alpha,Kinetic Agitation Spike,71.1
2026-09-15 17:09:29,Checkpoint_Alpha,Kinetic Agitation Spike,48.94
2026-09-15 17:09:29,Checkpoint_Alpha,Kinetic Agitation Spike,52.48
2026-09-15 17:09:29,Checkpoint_Alpha,Kinetic Agitation Spike,55.46
2026-09-15 17:09:29,Checkpoint_Alpha,Kinetic Agitation Spike,48.69
2026-09-15 17:09:29,Checkpoint_Alpha,Kinetic Agitation Spike,100.0
2026-09-15 17:09:29,Checkpoint_Alpha,Kinetic Agitation Spike,65.4
2026-09-15 17:09:29,Checkpoint_Alpha,Kinetic Agitation Spike,48.18
2026-09-15 17:09:29,Checkpoint_Alpha,Kinetic Agitation Spike,100.0
2026-09-15 17:09:29,Checkpoint_Alpha,Kinetic Agitation Spike,87.82
2026-09-15 17:09:29,Checkpoint_Alpha,Kinetic Agitation Spike,87.07
2026-09-15 17:09:30,Checkpoint_Alpha,Kinetic Agitation Spike,45.87
2026-09-15 17:09:30,Checkpoint_Alpha,Kinetic Agitation Spike,49.51
2026-09-15 17:09:30,Checkpoint_Alpha,Kinetic Agitation Spike,61.99
2026-09-15 17:09:30,Checkpoint_Alpha,Kinetic Agitation Spike,66.05
2026-09-15 17:09:30,Checkpoint_Alpha,Kinetic Agitation Spike,75.53
2026-09-15 17:09:30,Checkpoint_Alpha,Kinetic Agitation Spike,66.93
2026-09-15 17:09:30,Checkpoint_Alpha,Kinetic Agitation Spike,48.23
2026-09-15 17:09:30,Checkpoint_Alpha,Kinetic Agitation Spike,67.8
2026-09-15 17:09:30,Checkpoint_Alpha,Kinetic Agitation Spike,62.15
2026-09-15 17:09:30,Checkpoint_Alpha,Kinetic Agitation Spike,59.26
2026-09-15 17:09:30,Checkpoint_Alpha,Kinetic Agitation Spike,67.76
2026-09-15 17:09:30,Checkpoint_Alpha,Kinetic Agitation Spike,100.0
2026-09-15 17:09:30,Checkpoint_Alpha,Kinetic Agitation Spike,53.17
2026-09-15 17:09:30,Checkpoint_Alpha,Kinetic Agitation Spike,97.65
2026-09-15 17:09:30,Checkpoint_Alpha,Kinetic Agitation Spike,68.27
2026-09-15 17:09:30,Checkpoint_Alpha,Kinetic Agitation Spike,72.68
2026-09-15 17:09:30,Checkpoint_Alpha,Kinetic Agitation Spike,56.37
2026-09-15 17:09:30,Checkpoint_Alpha,Kinetic Agitation Spike,100.0
2026-09-15 17:09:30,Checkpoint_Alpha,Kinetic Agitation Spike,46.59
2026-09-15 17:09:30,Checkpoint_Alpha,Kinetic Agitation Spike,100.0
2026-09-15 17:09:30,Checkpoint_Alpha,Kinetic Agitation Spike,61.33
2026-09-15 17:09:30,Checkpoint_Alpha,Kinetic Agitation Spike,56.82
2026-09-15 17:09:30,Checkpoint_Alpha,Kinetic Agitation Spike,46.64
2026-09-15 17:09:30,Checkpoint_Alpha,Kinetic Agitation Spike,82.24
2026-09-15 17:09:30,Checkpoint_Alpha,Kinetic Agitation Spike,95.69
2026-09-15 17:09:30,Checkpoint_Alpha,Kinetic Agitation Spike,73.11
2026-09-15 17:09:30,Checkpoint_Alpha,Kinetic Agitation Spike,72.63
2026-09-15 17:09:30,Checkpoint_Alpha,Kinetic Agitation Spike,63.73
2026-09-15 17:09:30,Checkpoint_Alpha,Kinetic Agitation Spike,57.29
2026-09-15 17:09:30,Checkpoint_Alpha,Kinetic Agitation Spike,95.91
2026-09-15 17:09:30,Checkpoint_Alpha,Kinetic Agitation Spike,48.72
2026-09-15 17:09:30,Checkpoint_Alpha,Kinetic Agitation Spike,71.48
2026-09-15 17:09:30,Checkpoint_Alpha,Kinetic Agitation Spike,100.0
2026-09-15 17:09:30,Checkpoint_Alpha,Kinetic Agitation Spike,88.15
2026-09-15 17:09:30,Checkpoint_Alpha,Kinetic Agitation Spike,67.35
2026-09-15 17:09:30,Checkpoint_Alpha,Kinetic Agitation Spike,76.58
2026-09-15 17:09:31,Checkpoint_Alpha,Kinetic Agitation Spike,60.15
2026-09-15 17:09:31,Checkpoint_Alpha,Kinetic Agitation Spike,100.0
2026-09-15 17:09:31,Checkpoint_Alpha,Kinetic Agitation Spike,98.36
2026-09-15 17:09:31,Checkpoint_Alpha,Kinetic Agitation Spike,49.7
2026-09-15 17:09:31,Checkpoint_Alpha,Kinetic Agitation Spike,62.3
2026-09-15 17:09:31,Checkpoint_Alpha,Kinetic Agitation Spike,62.68
2026-09-15 17:09:31,Checkpoint_Alpha,Kinetic Agitation Spike,83.96
2026-09-15 17:09:31,Checkpoint_Alpha,Kinetic Agitation Spike,53.26
2026-09-15 17:09:31,Checkpoint_Alpha,Kinetic Agitation Spike,93.2
2026-09-15 17:09:31,Checkpoint_Alpha,Kinetic Agitation Spike,49.79
2026-09-15 17:09:31,Checkpoint_Alpha,Kinetic Agitation Spike,46.69
2026-09-15 17:09:31,Checkpoint_Alpha,Kinetic Agitation Spike,50.31
2026-09-15 17:09:31,Checkpoint_Alpha,Kinetic Agitation Spike,100.0
2026-09-15 17:09:31,Checkpoint_Alpha,Kinetic Agitation Spike,47.54
2026-09-15 17:09:31,Checkpoint_Alpha,Kinetic Agitation Spike,58.55
2026-09-15 17:09:31,Checkpoint_Alpha,Kinetic Agitation Spike,76.34
2026-09-15 17:09:31,Checkpoint_Alpha,Kinetic Agitation Spike,50.63
2026-09-15 17:09:31,Checkpoint_Alpha,Kinetic Agitation Spike,61.24
2026-09-15 17:09:31,Checkpoint_Alpha,Kinetic Agitation Spike,89.66
2026-09-15 17:09:31,Checkpoint_Alpha,Kinetic Agitation Spike,80.36
2026-09-15 17:09:31,Checkpoint_Alpha,Kinetic Agitation Spike,56.75
2026-09-15 17:09:31,Checkpoint_Alpha,Kinetic Agitation Spike,61.56
2026-09-15 17:09:32,Checkpoint_Alpha,Kinetic Agitation Spike,68.08
2026-09-15 17:09:32,Checkpoint_Alpha,Kinetic Agitation Spike,60.68
2026-09-15 17:09:32,Checkpoint_Alpha,Kinetic Agitation Spike,52.18
2026-09-15 17:09:32,Checkpoint_Alpha,Kinetic Agitation Spike,58.88
2026-09-15 17:09:32,Checkpoint_Alpha,Kinetic Agitation Spike,67.17
2026-09-15 17:09:32,Checkpoint_Alpha,Kinetic Agitation Spike,100.0
2026-09-15 17:09:32,Checkpoint_Alpha,Kinetic Agitation Spike,74.33
2026-09-15 17:09:32,Checkpoint_Alpha,Kinetic Agitation Spike,58.21
2026-09-15 17:09:32,Checkpoint_Alpha,Kinetic Agitation Spike,60.35
2026-09-15 17:09:32,Checkpoint_Alpha,Kinetic Agitation Spike,90.79
2026-09-15 17:09:32,Checkpoint_Alpha,Kinetic Agitation Spike,100.0
2026-09-15 17:09:32,Checkpoint_Alpha,Kinetic Agitation Spike,71.03
2026-09-15 17:09:32,Checkpoint_Alpha,Kinetic Agitation Spike,59.72
2026-09-15 17:09:32,Checkpoint_Alpha,Kinetic Agitation Spike,100.0
2026-09-15 17:09:32,Checkpoint_Alpha,Kinetic Agitation Spike,70.03
2026-09-15 17:09:32,Checkpoint_Alpha,Kinetic Agitation Spike,74.35
2026-09-15 17:09:32,Checkpoint_Alpha,Kinetic Agitation Spike,90.46
2026-09-15 17:09:32,Checkpoint_Alpha,Kinetic Agitation Spike,99.28
2026-09-15 17:09:32,Checkpoint_Alpha,Kinetic Agitation Spike,69.9
2026-09-15 17:09:33,Checkpoint_Alpha,Kinetic Agitation Spike,83.95
2026-09-15 17:09:33,Checkpoint_Alpha,Kinetic Agitation Spike,57.07
2026-09-15 17:09:33,Checkpoint_Alpha,Kinetic Agitation Spike,45.1
2026-09-15 17:09:33,Checkpoint_Alpha,Kinetic Agitation Spike,46.87
2026-09-15 17:09:33,Checkpoint_Alpha,Kinetic Agitation Spike,58.84
2026-09-15 17:09:33,Checkpoint_Alpha,Kinetic Agitation Spike,47.71
2026-09-15 17:09:33,Checkpoint_Alpha,Kinetic Agitation Spike,95.62
2026-09-15 17:09:33,Checkpoint_Alpha,Kinetic Agitation Spike,45.45
2026-09-15 17:09:33,Checkpoint_Alpha,Kinetic Agitation Spike,65.6
2026-09-15 17:09:33,Checkpoint_Alpha,Kinetic Agitation Spike,51.19
2026-09-15 17:09:33,Checkpoint_Alpha,Kinetic Agitation Spike,68.97
2026-09-15 17:09:33,Checkpoint_Alpha,Kinetic Agitation Spike,53.06
2026-09-15 17:09:33,Checkpoint_Alpha,Kinetic Agitation Spike,49.02
2026-09-15 17:09:33,Checkpoint_Alpha,Kinetic Agitation Spike,66.97
2026-09-15 17:09:34,Checkpoint_Alpha,Kinetic Agitation Spike,70.44
2026-09-15 17:09:34,Checkpoint_Alpha,Kinetic Agitation Spike,83.96
2026-09-15 17:09:34,Checkpoint_Alpha,Kinetic Agitation Spike,100.0
2026-09-15 17:09:34,Checkpoint_Alpha,Kinetic Agitation Spike,78.38
2026-09-15 17:09:34,Checkpoint_Alpha,Kinetic Agitation Spike,45.16
2026-09-15 17:09:34,Checkpoint_Alpha,Kinetic Agitation Spike,85.41
2026-09-15 17:09:34,Checkpoint_Alpha,Kinetic Agitation Spike,63.34
2026-09-15 17:09:34,Checkpoint_Alpha,Kinetic Agitation Spike,58.85
2026-09-15 17:09:34,Checkpoint_Alpha,Kinetic Agitation Spike,50.91
2026-09-15 17:09:34,Checkpoint_Alpha,Kinetic Agitation Spike,48.69
2026-09-15 17:09:34,Checkpoint_Alpha,Kinetic Agitation Spike,48.65
2026-09-15 17:09:34,Checkpoint_Alpha,Kinetic Agitation Spike,46.48
2026-09-15 17:09:35,Checkpoint_Alpha,Kinetic Agitation Spike,50.33
2026-09-15 17:09:35,Checkpoint_Alpha,Kinetic Agitation Spike,50.39
2026-09-15 17:09:35,Checkpoint_Alpha,Kinetic Agitation Spike,47.71
2026-09-15 17:09:35,Checkpoint_Alpha,Kinetic Agitation Spike,46.65
2026-09-15 17:09:35,Checkpoint_Alpha,Kinetic Agitation Spike,50.3
2026-09-15 17:09:35,Checkpoint_Alpha,Kinetic Agitation Spike,71.68
2026-09-15 17:09:35,Checkpoint_Alpha,Kinetic Agitation Spike,92.99
2026-09-15 17:09:35,Checkpoint_Alpha,Kinetic Agitation Spike,75.15
2026-09-15 17:09:35,Checkpoint_Alpha,Kinetic Agitation Spike,52.62
2026-09-15 17:09:35,Checkpoint_Alpha,Kinetic Agitation Spike,59.41
2026-09-15 17:09:35,Checkpoint_Alpha,Kinetic Agitation Spike,48.98
2026-09-15 17:09:35,Checkpoint_Alpha,Kinetic Agitation Spike,62.21
2026-09-15 17:09:35,Checkpoint_Alpha,Kinetic Agitation Spike,84.62
2026-09-15 17:09:35,Checkpoint_Alpha,Kinetic Agitation Spike,86.64
2026-09-15 17:09:35,Checkpoint_Alpha,Kinetic Agitation Spike,100.0
2026-09-15 17:09:35,Checkpoint_Alpha,Kinetic Agitation Spike,84.55
2026-09-15 17:09:35,Checkpoint_Alpha,Kinetic Agitation Spike,66.3
2026-09-15 17:09:35,Checkpoint_Alpha,Kinetic Agitation Spike,65.46
2026-09-15 17:09:35,Checkpoint_Alpha,Kinetic Agitation Spike,61.59
2026-09-15 17:09:35,Checkpoint_Alpha,Kinetic Agitation Spike,50.63
2026-09-15 17:09:35,Checkpoint_Alpha,Kinetic Agitation Spike,70.08
2026-09-15 17:09:35,Checkpoint_Alpha,Kinetic Agitation Spike,100.0
2026-09-15 17:09:35,Checkpoint_Alpha,Kinetic Agitation Spike,89.24
2026-09-15 17:09:35,Checkpoint_Alpha,Kinetic Agitation Spike,88.66
2026-09-15 17:09:35,Checkpoint_Alpha,Kinetic Agitation Spike,46.57
2026-09-15 17:09:35,Checkpoint_Alpha,Kinetic Agitation Spike,72.7
2026-09-15 17:09:35,Checkpoint_Alpha,Kinetic Agitation Spike,100.0
2026-09-15 17:09:36,Checkpoint_Alpha,Kinetic Agitation Spike,46.76
2026-09-15 17:09:36,Checkpoint_Alpha,Kinetic Agitation Spike,46.56
2026-09-15 17:09:36,Checkpoint_Alpha,Kinetic Agitation Spike,70.95
2026-09-15 17:09:36,Checkpoint_Alpha,Kinetic Agitation Spike,94.36
2026-09-15 17:09:36,Checkpoint_Alpha,Kinetic Agitation Spike,52.67
2026-09-15 17:09:36,Checkpoint_Alpha,Kinetic Agitation Spike,59.4
2026-09-15 17:09:36,Checkpoint_Alpha,Kinetic Agitation Spike,50.38
2026-09-15 17:09:36,Checkpoint_Alpha,Kinetic Agitation Spike,74.41
2026-09-15 17:09:36,Checkpoint_Alpha,Kinetic Agitation Spike,55.15
2026-09-15 17:09:36,Checkpoint_Alpha,Kinetic Agitation Spike,81.09
2026-09-15 17:09:36,Checkpoint_Alpha,Kinetic Agitation Spike,77.42
2026-09-15 17:09:36,Checkpoint_Alpha,Kinetic Agitation Spike,55.16
2026-09-15 17:09:36,Checkpoint_Alpha,Kinetic Agitation Spike,72.35
2026-09-15 17:09:36,Checkpoint_Alpha,Kinetic Agitation Spike,60.6
2026-09-15 17:09:36,Checkpoint_Alpha,Kinetic Agitation Spike,81.96
2026-09-15 17:09:36,Checkpoint_Alpha,Kinetic Agitation Spike,53.49
2026-09-15 17:09:36,Checkpoint_Alpha,Kinetic Agitation Spike,50.95
2026-09-15 17:09:36,Checkpoint_Alpha,Kinetic Agitation Spike,64.23
2026-09-15 17:09:36,Checkpoint_Alpha,Kinetic Agitation Spike,56.26
2026-09-15 17:09:36,Checkpoint_Alpha,Kinetic Agitation Spike,51.63
2026-09-15 17:09:36,Checkpoint_Alpha,Kinetic Agitation Spike,89.15
2026-09-15 17:09:36,Checkpoint_Alpha,Kinetic Agitation Spike,79.83
2026-09-15 17:09:36,Checkpoint_Alpha,Kinetic Agitation Spike,75.58
2026-09-15 17:09:36,Checkpoint_Alpha,Kinetic Agitation Spike,46.91
2026-09-15 17:09:36,Checkpoint_Alpha,Kinetic Agitation Spike,50.91
2026-09-15 17:09:37,Checkpoint_Alpha,Kinetic Agitation Spike,49.98
2026-09-15 17:09:37,Checkpoint_Alpha,Kinetic Agitation Spike,53.54
2026-09-15 17:09:37,Checkpoint_Alpha,Kinetic Agitation Spike,68.77
2026-09-15 17:09:37,Checkpoint_Alpha,Kinetic Agitation Spike,50.27
2026-09-15 17:09:37,Checkpoint_Alpha,Kinetic Agitation Spike,64.07
2026-09-15 17:09:37,Checkpoint_Alpha,Kinetic Agitation Spike,79.16
2026-09-15 17:09:37,Checkpoint_Alpha,Kinetic Agitation Spike,69.18
2026-09-15 17:09:37,Checkpoint_Alpha,Kinetic Agitation Spike,67.98
2026-09-15 17:09:37,Checkpoint_Alpha,Kinetic Agitation Spike,59.21
2026-09-15 17:09:37,Checkpoint_Alpha,Kinetic Agitation Spike,46.67
2026-09-15 17:09:37,Checkpoint_Alpha,Kinetic Agitation Spike,49.12
2026-09-15 17:09:37,Checkpoint_Alpha,Kinetic Agitation Spike,62.26
2026-09-15 17:09:37,Checkpoint_Alpha,Kinetic Agitation Spike,53.31
2026-09-15 17:09:37,Checkpoint_Alpha,Kinetic Agitation Spike,64.52
2026-09-15 17:09:37,Checkpoint_Alpha,Kinetic Agitation Spike,74.49
2026-09-15 17:09:37,Checkpoint_Alpha,Kinetic Agitation Spike,70.82
2026-09-15 17:09:37,Checkpoint_Alpha,Kinetic Agitation Spike,74.87
2026-09-15 17:09:37,Checkpoint_Alpha,Kinetic Agitation Spike,50.43
2026-09-15 17:09:37,Checkpoint_Alpha,Kinetic Agitation Spike,49.43
2026-09-15 17:09:37,Checkpoint_Alpha,Kinetic Agitation Spike,74.4
2026-09-15 17:09:37,Checkpoint_Alpha,Kinetic Agitation Spike,56.2
2026-09-15 17:09:37,Checkpoint_Alpha,Kinetic Agitation Spike,49.11
2026-09-15 17:09:38,Checkpoint_Alpha,Kinetic Agitation Spike,45.59
2026-09-15 17:09:38,Checkpoint_Alpha,Kinetic Agitation Spike,82.15
2026-09-15 17:09:38,Checkpoint_Alpha,Kinetic Agitation Spike,48.13
2026-09-15 17:09:38,Checkpoint_Alpha,Kinetic Agitation Spike,100.0
2026-09-15 17:09:38,Checkpoint_Alpha,Kinetic Agitation Spike,68.29
2026-09-15 17:09:38,Checkpoint_Alpha,Kinetic Agitation Spike,46.88
2026-09-15 17:09:38,Checkpoint_Alpha,Kinetic Agitation Spike,60.47
2026-09-15 17:09:38,Checkpoint_Alpha,Kinetic Agitation Spike,64.78
2026-09-15 17:09:38,Checkpoint_Alpha,Kinetic Agitation Spike,74.16
2026-09-15 17:09:38,Checkpoint_Alpha,Kinetic Agitation Spike,53.51
2026-09-15 17:09:38,Checkpoint_Alpha,Kinetic Agitation Spike,57.36
2026-09-15 17:09:38,Checkpoint_Alpha,Kinetic Agitation Spike,57.47
2026-09-15 17:09:38,Checkpoint_Alpha,Kinetic Agitation Spike,49.38
2026-09-15 17:09:38,Checkpoint_Alpha,Kinetic Agitation Spike,54.47
2026-09-15 17:09:38,Checkpoint_Alpha,Kinetic Agitation Spike,49.28
2026-09-15 17:09:38,Checkpoint_Alpha,Kinetic Agitation Spike,51.62
2026-09-15 17:09:38,Checkpoint_Alpha,Kinetic Agitation Spike,57.32
2026-09-15 17:09:38,Checkpoint_Alpha,Kinetic Agitation Spike,54.86
2026-09-15 17:09:38,Checkpoint_Alpha,Kinetic Agitation Spike,47.08
2026-09-15 17:09:38,Checkpoint_Alpha,Kinetic Agitation Spike,50.02
2026-09-15 17:09:38,Checkpoint_Alpha,Kinetic Agitation Spike,55.02
2026-09-15 17:09:38,Checkpoint_Alpha,Kinetic Agitation Spike,82.05
2026-09-15 17:09:38,Checkpoint_Alpha,Kinetic Agitation Spike,68.59
2026-09-15 17:09:39,Checkpoint_Alpha,Kinetic Agitation Spike,53.21
2026-09-15 17:09:39,Checkpoint_Alpha,Kinetic Agitation Spike,87.73
2026-09-15 17:09:39,Checkpoint_Alpha,Kinetic Agitation Spike,49.79
2026-09-15 17:09:39,Checkpoint_Alpha,Kinetic Agitation Spike,49.38
2026-09-15 17:09:39,Checkpoint_Alpha,Kinetic Agitation Spike,47.64
2026-09-15 17:09:39,Checkpoint_Alpha,Kinetic Agitation Spike,45.31
2026-09-15 17:09:39,Checkpoint_Alpha,Kinetic Agitation Spike,58.91
2026-09-15 17:09:39,Checkpoint_Alpha,Kinetic Agitation Spike,52.36
2026-09-15 17:09:39,Checkpoint_Alpha,Kinetic Agitation Spike,100.0
2026-09-15 17:09:39,Checkpoint_Alpha,Kinetic Agitation Spike,63.33
2026-09-15 17:09:39,Checkpoint_Alpha,Kinetic Agitation Spike,94.72
2026-09-15 17:09:39,Checkpoint_Alpha,Kinetic Agitation Spike,53.1
2026-09-15 17:09:39,Checkpoint_Alpha,Kinetic Agitation Spike,51.01
2026-09-15 17:09:39,Checkpoint_Alpha,Kinetic Agitation Spike,99.01
2026-09-15 17:09:39,Checkpoint_Alpha,Kinetic Agitation Spike,90.68
2026-09-15 17:09:39,Checkpoint_Alpha,Kinetic Agitation Spike,57.94
2026-09-15 17:09:39,Checkpoint_Alpha,Kinetic Agitation Spike,48.73
2026-09-15 17:09:39,Checkpoint_Alpha,Kinetic Agitation Spike,100.0
2026-09-15 17:09:39,Checkpoint_Alpha,Kinetic Agitation Spike,53.86
2026-09-15 17:09:40,Checkpoint_Alpha,Kinetic Agitation Spike,51.63
2026-09-15 17:09:40,Checkpoint_Alpha,Kinetic Agitation Spike,56.42
2026-09-15 17:09:40,Checkpoint_Alpha,Kinetic Agitation Spike,73.1
2026-09-15 17:09:40,Checkpoint_Alpha,Kinetic Agitation Spike,46.34
2026-09-15 17:09:40,Checkpoint_Alpha,Kinetic Agitation Spike,97.32
2026-09-15 17:09:40,Checkpoint_Alpha,Kinetic Agitation Spike,50.62
2026-09-15 17:09:40,Checkpoint_Alpha,Kinetic Agitation Spike,73.56
2026-09-15 17:09:41,Checkpoint_Alpha,Kinetic Agitation Spike,100.0
2026-09-15 17:09:41,Checkpoint_Alpha,Kinetic Agitation Spike,57.48
2026-09-15 17:09:41,Checkpoint_Alpha,Kinetic Agitation Spike,50.23
2026-09-15 17:09:42,Checkpoint_Alpha,Kinetic Agitation Spike,72.58
2026-09-15 17:09:42,Checkpoint_Alpha,Kinetic Agitation Spike,53.65
2026-09-15 17:09:42,Checkpoint_Alpha,Kinetic Agitation Spike,88.61
2026-09-15 17:09:42,Checkpoint_Alpha,Kinetic Agitation Spike,57.09
2026-09-15 17:09:42,Checkpoint_Alpha,Kinetic Agitation Spike,59.81
2026-09-15 17:09:42,Checkpoint_Alpha,Kinetic Agitation Spike,71.7
2026-09-15 17:09:42,Checkpoint_Alpha,Kinetic Agitation Spike,74.01
2026-09-15 17:09:42,Checkpoint_Alpha,Kinetic Agitation Spike,73.12
2026-09-15 17:09:42,Checkpoint_Alpha,Kinetic Agitation Spike,48.77
2026-09-15 17:09:42,Checkpoint_Alpha,Kinetic Agitation Spike,72.19
2026-09-15 17:09:42,Checkpoint_Alpha,Kinetic Agitation Spike,47.38
2026-09-15 17:09:42,Checkpoint_Alpha,Kinetic Agitation Spike,52.1
2026-09-15 17:09:42,Checkpoint_Alpha,Kinetic Agitation Spike,49.31
2026-09-15 17:09:42,Checkpoint_Alpha,Kinetic Agitation Spike,91.93
2026-09-15 17:09:43,Checkpoint_Alpha,Kinetic Agitation Spike,47.0
2026-09-15 17:09:43,Checkpoint_Alpha,Kinetic Agitation Spike,76.55
2026-09-15 17:09:43,Checkpoint_Alpha,Kinetic Agitation Spike,54.57
2026-09-15 17:09:43,Checkpoint_Alpha,Kinetic Agitation Spike,59.44
2026-09-15 17:09:43,Checkpoint_Alpha,Kinetic Agitation Spike,45.87
2026-09-15 17:09:43,Checkpoint_Alpha,Kinetic Agitation Spike,88.46
2026-09-15 17:09:43,Checkpoint_Alpha,Kinetic Agitation Spike,55.59
2026-09-15 17:09:43,Checkpoint_Alpha,Kinetic Agitation Spike,83.86
2026-09-15 17:09:43,Checkpoint_Alpha,Kinetic Agitation Spike,59.48
2026-09-15 17:09:43,Checkpoint_Alpha,Kinetic Agitation Spike,49.86
2026-09-15 17:09:43,Checkpoint_Alpha,Kinetic Agitation Spike,76.23
2026-09-15 17:09:43,Checkpoint_Alpha,Kinetic Agitation Spike,68.39
2026-09-15 17:09:43,Checkpoint_Alpha,Kinetic Agitation Spike,55.97
2026-09-15 17:09:43,Checkpoint_Alpha,Kinetic Agitation Spike,54.57
2026-09-15 17:09:43,Checkpoint_Alpha,Kinetic Agitation Spike,51.1
2026-09-15 17:09:43,Checkpoint_Alpha,Kinetic Agitation Spike,80.27
2026-09-15 17:09:43,Checkpoint_Alpha,Kinetic Agitation Spike,57.24
2026-09-15 17:09:43,Checkpoint_Alpha,Kinetic Agitation Spike,69.58
2026-09-15 17:09:43,Checkpoint_Alpha,Kinetic Agitation Spike,100.0
2026-09-15 17:09:43,Checkpoint_Alpha,Kinetic Agitation Spike,94.96
2026-09-15 17:09:43,Checkpoint_Alpha,Kinetic Agitation Spike,90.27
2026-09-15 17:09:43,Checkpoint_Alpha,Kinetic Agitation Spike,60.6
2026-09-15 17:09:43,Checkpoint_Alpha,Kinetic Agitation Spike,84.22
2026-09-15 17:09:43,Checkpoint_Alpha,Kinetic Agitation Spike,54.81
2026-09-15 17:09:43,Checkpoint_Alpha,Kinetic Agitation Spike,100.0
2026-09-15 17:09:44,Checkpoint_Alpha,Kinetic Agitation Spike,69.23
2026-09-15 17:09:44,Checkpoint_Alpha,Kinetic Agitation Spike,66.01
2026-09-15 17:09:44,Checkpoint_Alpha,Kinetic Agitation Spike,67.15
2026-09-15 17:09:44,Checkpoint_Alpha,Kinetic Agitation Spike,75.93
2026-09-15 17:09:44,Checkpoint_Alpha,Kinetic Agitation Spike,86.02
2026-09-15 17:09:44,Checkpoint_Alpha,Kinetic Agitation Spike,52.71
2026-09-15 17:09:44,Checkpoint_Alpha,Kinetic Agitation Spike,74.25
2026-09-15 17:09:44,Checkpoint_Alpha,Kinetic Agitation Spike,61.1
2026-09-15 17:09:44,Checkpoint_Alpha,Kinetic Agitation Spike,77.14
2026-09-15 17:09:44,Checkpoint_Alpha,Kinetic Agitation Spike,85.9
2026-09-15 17:09:44,Checkpoint_Alpha,Kinetic Agitation Spike,91.21
2026-09-15 17:09:44,Checkpoint_Alpha,Kinetic Agitation Spike,54.13
2026-09-15 17:09:44,Checkpoint_Alpha,Kinetic Agitation Spike,54.76
2026-09-15 17:09:44,Checkpoint_Alpha,Kinetic Agitation Spike,90.87
2026-09-15 17:09:44,Checkpoint_Alpha,Kinetic Agitation Spike,80.72
2026-09-15 17:09:44,Checkpoint_Alpha,Kinetic Agitation Spike,92.23
2026-09-15 17:09:44,Checkpoint_Alpha,Kinetic Agitation Spike,91.51
2026-09-15 17:09:44,Checkpoint_Alpha,Kinetic Agitation Spike,100.0
2026-09-15 17:09:44,Checkpoint_Alpha,Kinetic Agitation Spike,93.99
2026-09-15 17:09:44,Checkpoint_Alpha,Kinetic Agitation Spike,64.89
2026-09-15 17:09:44,Checkpoint_Alpha,Kinetic Agitation Spike,78.05
2026-09-15 17:09:44,Checkpoint_Alpha,Kinetic Agitation Spike,99.31
2026-09-15 17:09:44,Checkpoint_Alpha,Kinetic Agitation Spike,57.12
2026-09-15 17:09:44,Checkpoint_Alpha,Kinetic Agitation Spike,88.88
2026-09-15 17:09:44,Checkpoint_Alpha,Kinetic Agitation Spike,83.57
2026-09-15 17:09:44,Checkpoint_Alpha,Kinetic Agitation Spike,50.91
2026-09-15 17:09:44,Checkpoint_Alpha,Kinetic Agitation Spike,63.43
2026-09-15 17:09:44,Checkpoint_Alpha,Kinetic Agitation Spike,93.96
2026-09-15 17:09:44,Checkpoint_Alpha,Kinetic Agitation Spike,75.09
2026-09-15 17:09:44,Checkpoint_Alpha,Kinetic Agitation Spike,100.0
2026-09-15 17:09:44,Checkpoint_Alpha,Kinetic Agitation Spike,79.04
2026-09-15 17:09:44,Checkpoint_Alpha,Kinetic Agitation Spike,100.0
2026-09-15 17:09:45,Checkpoint_Alpha,Kinetic Agitation Spike,52.44
2026-09-15 17:09:45,Checkpoint_Alpha,Kinetic Agitation Spike,60.79
2026-09-15 17:09:45,Checkpoint_Alpha,Kinetic Agitation Spike,92.18
2026-09-15 17:09:45,Checkpoint_Alpha,Kinetic Agitation Spike,67.01
2026-09-15 17:09:45,Checkpoint_Alpha,Kinetic Agitation Spike,60.69
2026-09-15 17:09:45,Checkpoint_Alpha,Kinetic Agitation Spike,100.0
2026-09-15 17:09:45,Checkpoint_Alpha,Kinetic Agitation Spike,74.82
2026-09-15 17:09:45,Checkpoint_Alpha,Kinetic Agitation Spike,74.7
2026-09-15 17:09:45,Checkpoint_Alpha,Kinetic Agitation Spike,57.33
2026-09-15 17:09:45,Checkpoint_Alpha,Kinetic Agitation Spike,49.5
2026-09-15 17:09:45,Checkpoint_Alpha,Kinetic Agitation Spike,86.29
2026-09-15 17:09:45,Checkpoint_Alpha,Kinetic Agitation Spike,55.75
2026-09-15 17:09:45,Checkpoint_Alpha,Kinetic Agitation Spike,77.38
2026-09-15 17:09:45,Checkpoint_Alpha,Kinetic Agitation Spike,46.83
2026-09-15 17:09:45,Checkpoint_Alpha,Kinetic Agitation Spike,100.0
2026-09-15 17:09:45,Checkpoint_Alpha,Kinetic Agitation Spike,59.73
2026-09-15 17:09:45,Checkpoint_Alpha,Kinetic Agitation Spike,51.07
2026-09-15 17:09:45,Checkpoint_Alpha,Kinetic Agitation Spike,46.24
2026-09-15 17:09:45,Checkpoint_Alpha,Kinetic Agitation Spike,100.0
2026-09-15 17:09:45,Checkpoint_Alpha,Kinetic Agitation Spike,52.07
2026-09-15 17:09:45,Checkpoint_Alpha,Kinetic Agitation Spike,48.72
2026-09-15 17:09:45,Checkpoint_Alpha,Kinetic Agitation Spike,61.93
2026-09-15 17:09:45,Checkpoint_Alpha,Kinetic Agitation Spike,100.0
2026-09-15 17:09:45,Checkpoint_Alpha,Kinetic Agitation Spike,88.44
2026-09-15 17:09:45,Checkpoint_Alpha,Kinetic Agitation Spike,77.6
2026-09-15 17:09:45,Checkpoint_Alpha,Kinetic Agitation Spike,59.7
2026-09-15 17:09:45,Checkpoint_Alpha,Kinetic Agitation Spike,45.61
2026-09-15 17:09:46,Checkpoint_Alpha,Kinetic Agitation Spike,67.44
2026-09-15 17:09:46,Checkpoint_Alpha,Kinetic Agitation Spike,62.23
2026-09-15 17:09:46,Checkpoint_Alpha,Kinetic Agitation Spike,71.02
2026-09-15 17:09:46,Checkpoint_Alpha,Kinetic Agitation Spike,59.62
2026-09-15 17:09:46,Checkpoint_Alpha,Kinetic Agitation Spike,54.52
2026-09-15 17:09:46,Checkpoint_Alpha,Kinetic Agitation Spike,78.28
2026-09-15 17:09:46,Checkpoint_Alpha,Kinetic Agitation Spike,49.8
2026-09-15 17:09:46,Checkpoint_Alpha,Kinetic Agitation Spike,73.55
2026-09-15 17:09:46,Checkpoint_Alpha,Kinetic Agitation Spike,49.31
2026-09-15 17:09:46,Checkpoint_Alpha,Kinetic Agitation Spike,60.28
2026-09-15 17:09:46,Checkpoint_Alpha,Kinetic Agitation Spike,55.2
2026-09-15 17:09:46,Checkpoint_Alpha,Kinetic Agitation Spike,70.45
2026-09-15 17:09:46,Checkpoint_Alpha,Kinetic Agitation Spike,49.22
2026-09-15 17:09:46,Checkpoint_Alpha,Kinetic Agitation Spike,64.14
2026-09-15 17:09:46,Checkpoint_Alpha,Kinetic Agitation Spike,89.65
2026-09-15 17:09:46,Checkpoint_Alpha,Kinetic Agitation Spike,64.91
2026-09-15 17:09:46,Checkpoint_Alpha,Kinetic Agitation Spike,54.84
2026-09-15 17:09:46,Checkpoint_Alpha,Kinetic Agitation Spike,72.93
2026-09-15 17:09:47,Checkpoint_Alpha,Kinetic Agitation Spike,51.22
2026-09-15 17:09:47,Checkpoint_Alpha,Kinetic Agitation Spike,46.62
2026-09-15 17:09:47,Checkpoint_Alpha,Kinetic Agitation Spike,53.08
2026-09-15 17:09:47,Checkpoint_Alpha,Kinetic Agitation Spike,68.66
2026-09-15 17:09:47,Checkpoint_Alpha,Kinetic Agitation Spike,54.7
2026-09-15 17:09:47,Checkpoint_Alpha,Kinetic Agitation Spike,83.58
2026-09-15 17:09:47,Checkpoint_Alpha,Kinetic Agitation Spike,61.33
2026-09-15 17:09:47,Checkpoint_Alpha,Kinetic Agitation Spike,53.89
2026-09-15 17:09:47,Checkpoint_Alpha,Kinetic Agitation Spike,100.0
2026-09-15 17:09:47,Checkpoint_Alpha,Kinetic Agitation Spike,63.48
2026-09-15 17:09:47,Checkpoint_Alpha,Kinetic Agitation Spike,76.39
2026-09-15 17:09:47,Checkpoint_Alpha,Kinetic Agitation Spike,64.3
2026-09-15 17:09:47,Checkpoint_Alpha,Kinetic Agitation Spike,46.56
2026-09-15 17:09:47,Checkpoint_Alpha,Kinetic Agitation Spike,60.91
2026-09-15 17:09:47,Checkpoint_Alpha,Kinetic Agitation Spike,65.71
2026-09-15 17:09:47,Checkpoint_Alpha,Kinetic Agitation Spike,45.4
2026-09-15 17:09:47,Checkpoint_Alpha,Kinetic Agitation Spike,100.0
2026-09-15 17:09:47,Checkpoint_Alpha,Kinetic Agitation Spike,65.96
2026-09-15 17:09:47,Checkpoint_Alpha,Kinetic Agitation Spike,63.92
2026-09-15 17:09:47,Checkpoint_Alpha,Kinetic Agitation Spike,80.06
2026-09-15 17:09:47,Checkpoint_Alpha,Kinetic Agitation Spike,49.34
2026-09-15 17:09:47,Checkpoint_Alpha,Kinetic Agitation Spike,91.63
2026-09-15 17:09:47,Checkpoint_Alpha,Kinetic Agitation Spike,97.0
2026-09-15 17:09:47,Checkpoint_Alpha,Kinetic Agitation Spike,59.7
2026-09-15 17:09:47,Checkpoint_Alpha,Kinetic Agitation Spike,65.33
2026-09-15 17:09:47,Checkpoint_Alpha,Kinetic Agitation Spike,64.68
2026-09-15 17:09:47,Checkpoint_Alpha,Kinetic Agitation Spike,68.67
2026-09-15 17:09:47,Checkpoint_Alpha,Kinetic Agitation Spike,66.97
2026-09-15 17:09:47,Checkpoint_Alpha,Kinetic Agitation Spike,55.17
2026-09-15 17:09:48,Checkpoint_Alpha,Kinetic Agitation Spike,58.39
2026-09-15 17:09:48,Checkpoint_Alpha,Kinetic Agitation Spike,77.62
2026-09-15 17:09:48,Checkpoint_Alpha,Kinetic Agitation Spike,72.34
2026-09-15 17:09:48,Checkpoint_Alpha,Kinetic Agitation Spike,51.09
2026-09-15 17:09:48,Checkpoint_Alpha,Kinetic Agitation Spike,63.01
2026-09-15 17:09:48,Checkpoint_Alpha,Kinetic Agitation Spike,93.21
2026-09-15 17:09:48,Checkpoint_Alpha,Kinetic Agitation Spike,58.07
2026-09-15 17:09:48,Checkpoint_Alpha,Kinetic Agitation Spike,77.81
2026-09-15 17:09:48,Checkpoint_Alpha,Kinetic Agitation Spike,100.0
2026-09-15 17:09:48,Checkpoint_Alpha,Kinetic Agitation Spike,97.27
2026-09-15 17:09:48,Checkpoint_Alpha,Kinetic Agitation Spike,69.44
2026-09-15 17:09:48,Checkpoint_Alpha,Kinetic Agitation Spike,100.0
2026-09-15 17:09:48,Checkpoint_Alpha,Kinetic Agitation Spike,61.86
2026-09-15 17:09:48,Checkpoint_Alpha,Kinetic Agitation Spike,100.0
2026-09-15 17:09:48,Checkpoint_Alpha,Kinetic Agitation Spike,92.44
2026-09-15 17:09:48,Checkpoint_Alpha,Kinetic Agitation Spike,53.51
2026-09-15 17:09:48,Checkpoint_Alpha,Kinetic Agitation Spike,62.89
2026-09-15 17:09:48,Checkpoint_Alpha,Kinetic Agitation Spike,86.73
2026-09-15 17:09:48,Checkpoint_Alpha,Kinetic Agitation Spike,81.4
2026-09-15 17:09:48,Checkpoint_Alpha,Kinetic Agitation Spike,83.7
2026-09-15 17:09:48,Checkpoint_Alpha,Kinetic Agitation Spike,78.7
2026-09-15 17:09:48,Checkpoint_Alpha,Kinetic Agitation Spike,100.0
2026-09-15 17:09:48,Checkpoint_Alpha,Kinetic Agitation Spike,89.12
2026-09-15 17:09:48,Checkpoint_Alpha,Kinetic Agitation Spike,95.47
2026-09-15 17:09:48,Checkpoint_Alpha,Kinetic Agitation Spike,54.36
2026-09-15 17:09:48,Checkpoint_Alpha,Kinetic Agitation Spike,45.96
2026-09-15 17:09:48,Checkpoint_Alpha,Kinetic Agitation Spike,83.56
2026-09-15 17:09:48,Checkpoint_Alpha,Kinetic Agitation Spike,100.0
2026-09-15 17:09:48,Checkpoint_Alpha,Kinetic Agitation Spike,100.0
2026-09-15 17:09:48,Checkpoint_Alpha,Kinetic Agitation Spike,49.96
2026-09-15 17:09:48,Checkpoint_Alpha,Kinetic Agitation Spike,48.17
2026-09-15 17:09:48,Checkpoint_Alpha,Kinetic Agitation Spike,52.17
2026-09-15 17:09:48,Checkpoint_Alpha,Kinetic Agitation Spike,74.14
2026-09-15 17:09:48,Checkpoint_Alpha,Kinetic Agitation Spike,100.0
2026-09-15 17:09:48,Checkpoint_Alpha,Kinetic Agitation Spike,100.0
2026-09-15 17:09:48,Checkpoint_Alpha,Kinetic Agitation Spike,59.33
2026-09-15 17:09:48,Checkpoint_Alpha,Kinetic Agitation Spike,46.86
2026-09-15 17:09:48,Checkpoint_Alpha,Kinetic Agitation Spike,100.0
2026-09-15 17:09:48,Checkpoint_Alpha,Kinetic Agitation Spike,100.0
2026-09-15 17:09:48,Checkpoint_Alpha,Kinetic Agitation Spike,100.0
2026-09-15 17:09:49,Checkpoint_Alpha,Kinetic Agitation Spike,70.77
2026-09-15 17:09:49,Checkpoint_Alpha,Kinetic Agitation Spike,100.0
2026-09-15 17:09:49,Checkpoint_Alpha,Kinetic Agitation Spike,98.19
2026-09-15 17:09:49,Checkpoint_Alpha,Kinetic Agitation Spike,59.92
2026-09-15 17:09:49,Checkpoint_Alpha,Kinetic Agitation Spike,96.01
2026-09-15 17:09:49,Checkpoint_Alpha,Kinetic Agitation Spike,48.21
2026-09-15 17:09:49,Checkpoint_Alpha,Kinetic Agitation Spike,76.31
2026-09-15 17:09:49,Checkpoint_Alpha,Kinetic Agitation Spike,96.54
2026-09-15 17:09:49,Checkpoint_Alpha,Kinetic Agitation Spike,50.71
2026-09-15 17:09:49,Checkpoint_Alpha,Kinetic Agitation Spike,45.85
2026-09-15 17:09:49,Checkpoint_Alpha,Kinetic Agitation Spike,99.73
2026-09-15 17:09:49,Checkpoint_Alpha,Kinetic Agitation Spike,96.05
2026-09-15 17:09:49,Checkpoint_Alpha,Kinetic Agitation Spike,79.75
2026-09-15 17:09:49,Checkpoint_Alpha,Kinetic Agitation Spike,98.63
2026-09-15 17:09:49,Checkpoint_Alpha,Kinetic Agitation Spike,92.13
2026-09-15 17:09:49,Checkpoint_Alpha,Kinetic Agitation Spike,49.59
2026-09-15 17:09:49,Checkpoint_Alpha,Kinetic Agitation Spike,55.24
2026-09-15 17:09:49,Checkpoint_Alpha,Kinetic Agitation Spike,46.73
2026-09-15 17:09:49,Checkpoint_Alpha,Kinetic Agitation Spike,50.24
2026-09-15 17:09:49,Checkpoint_Alpha,Kinetic Agitation Spike,95.87
2026-09-15 17:09:49,Checkpoint_Alpha,Kinetic Agitation Spike,65.18
2026-09-15 17:09:49,Checkpoint_Alpha,Kinetic Agitation Spike,100.0
2026-09-15 17:09:49,Checkpoint_Alpha,Kinetic Agitation Spike,100.0
2026-09-15 17:09:49,Checkpoint_Alpha,Kinetic Agitation Spike,47.16
2026-09-15 17:09:49,Checkpoint_Alpha,Kinetic Agitation Spike,96.82
2026-09-15 17:09:49,Checkpoint_Alpha,Kinetic Agitation Spike,100.0
2026-09-15 17:09:50,Checkpoint_Alpha,Kinetic Agitation Spike,70.11
2026-09-15 17:09:50,Checkpoint_Alpha,Kinetic Agitation Spike,74.47
2026-09-15 17:09:50,Checkpoint_Alpha,Kinetic Agitation Spike,100.0
2026-09-15 17:09:50,Checkpoint_Alpha,Kinetic Agitation Spike,100.0
2026-09-15 17:09:50,Checkpoint_Alpha,Kinetic Agitation Spike,46.23
2026-09-15 17:09:50,Checkpoint_Alpha,Kinetic Agitation Spike,52.29
2026-09-15 17:09:50,Checkpoint_Alpha,Kinetic Agitation Spike,100.0
2026-09-15 17:09:50,Checkpoint_Alpha,Kinetic Agitation Spike,56.7
2026-09-15 17:09:50,Checkpoint_Alpha,Kinetic Agitation Spike,73.36
2026-09-15 17:09:50,Checkpoint_Alpha,Kinetic Agitation Spike,63.35
2026-09-15 17:09:50,Checkpoint_Alpha,Kinetic Agitation Spike,50.52
2026-09-15 17:09:50,Checkpoint_Alpha,Kinetic Agitation Spike,100.0
2026-09-15 17:09:50,Checkpoint_Alpha,Kinetic Agitation Spike,74.23
2026-09-15 17:09:50,Checkpoint_Alpha,Kinetic Agitation Spike,48.82
2026-09-15 17:09:50,Checkpoint_Alpha,Kinetic Agitation Spike,46.49
2026-09-15 17:09:50,Checkpoint_Alpha,Kinetic Agitation Spike,98.3
2026-09-15 17:09:50,Checkpoint_Alpha,Kinetic Agitation Spike,100.0
2026-09-15 17:09:50,Checkpoint_Alpha,Kinetic Agitation Spike,100.0
2026-09-15 17:09:50,Checkpoint_Alpha,Kinetic Agitation Spike,100.0
2026-09-15 17:09:50,Checkpoint_Alpha,Kinetic Agitation Spike,100.0
2026-09-15 17:09:50,Checkpoint_Alpha,Kinetic Agitation Spike,100.0
2026-09-15 17:09:50,Checkpoint_Alpha,Kinetic Agitation Spike,54.58
2026-09-15 17:09:50,Checkpoint_Alpha,Kinetic Agitation Spike,100.0
2026-09-15 17:09:50,Checkpoint_Alpha,Kinetic Agitation Spike,60.16
2026-09-15 17:09:50,Checkpoint_Alpha,Kinetic Agitation Spike,54.52
2026-09-15 17:09:50,Checkpoint_Alpha,Kinetic Agitation Spike,66.73
2026-09-15 17:09:50,Checkpoint_Alpha,Kinetic Agitation Spike,100.0
2026-09-15 17:09:50,Checkpoint_Alpha,Kinetic Agitation Spike,61.43
2026-09-15 17:09:50,Checkpoint_Alpha,Kinetic Agitation Spike,70.48
2026-09-15 17:09:50,Checkpoint_Alpha,Kinetic Agitation Spike,70.14
2026-09-15 17:09:50,Checkpoint_Alpha,Kinetic Agitation Spike,100.0
2026-09-15 17:09:50,Checkpoint_Alpha,Kinetic Agitation Spike,68.98
2026-09-15 17:09:50,Checkpoint_Alpha,Kinetic Agitation Spike,99.39
2026-09-15 17:09:50,Checkpoint_Alpha,Kinetic Agitation Spike,70.96
2026-09-15 17:09:50,Checkpoint_Alpha,Kinetic Agitation Spike,100.0
2026-09-15 17:09:50,Checkpoint_Alpha,Kinetic Agitation Spike,76.15
2026-09-15 17:09:50,Checkpoint_Alpha,Kinetic Agitation Spike,100.0
2026-09-15 17:09:50,Checkpoint_Alpha,Kinetic Agitation Spike,96.56
2026-09-15 17:09:50,Checkpoint_Alpha,Kinetic Agitation Spike,62.37
2026-09-15 17:09:50,Checkpoint_Alpha,Kinetic Agitation Spike,100.0
2026-09-15 17:09:51,Checkpoint_Alpha,Kinetic Agitation Spike,63.79
2026-09-15 17:09:51,Checkpoint_Alpha,Kinetic Agitation Spike,72.27
2026-09-15 17:09:51,Checkpoint_Alpha,Kinetic Agitation Spike,100.0
2026-09-15 17:09:51,Checkpoint_Alpha,Kinetic Agitation Spike,99.76
2026-09-15 17:09:51,Checkpoint_Alpha,Kinetic Agitation Spike,74.32
2026-09-15 17:09:51,Checkpoint_Alpha,Kinetic Agitation Spike,77.91
2026-09-15 17:09:51,Checkpoint_Alpha,Kinetic Agitation Spike,100.0
2026-09-15 17:09:51,Checkpoint_Alpha,Kinetic Agitation Spike,100.0
2026-09-15 17:09:51,Checkpoint_Alpha,Kinetic Agitation Spike,99.2
2026-09-15 17:09:51,Checkpoint_Alpha,Kinetic Agitation Spike,58.41
2026-09-15 17:09:51,Checkpoint_Alpha,Kinetic Agitation Spike,52.83
2026-09-15 17:09:51,Checkpoint_Alpha,Kinetic Agitation Spike,67.46
2026-09-15 17:09:51,Checkpoint_Alpha,Kinetic Agitation Spike,98.04
2026-09-15 17:09:51,Checkpoint_Alpha,Kinetic Agitation Spike,93.89
2026-09-15 17:09:51,Checkpoint_Alpha,Kinetic Agitation Spike,60.77
2026-09-15 17:09:51,Checkpoint_Alpha,Kinetic Agitation Spike,57.16
2026-09-15 17:09:51,Checkpoint_Alpha,Kinetic Agitation Spike,100.0
2026-09-15 17:09:51,Checkpoint_Alpha,Kinetic Agitation Spike,57.68
2026-09-15 17:09:51,Checkpoint_Alpha,Kinetic Agitation Spike,50.84
2026-09-15 17:09:51,Checkpoint_Alpha,Kinetic Agitation Spike,100.0
2026-09-15 17:09:51,Checkpoint_Alpha,Kinetic Agitation Spike,66.16
2026-09-15 17:09:51,Checkpoint_Alpha,Kinetic Agitation Spike,60.58
2026-09-15 17:09:51,Checkpoint_Alpha,Kinetic Agitation Spike,48.96
2026-09-15 17:09:51,Checkpoint_Alpha,Kinetic Agitation Spike,50.1
2026-09-15 17:09:51,Checkpoint_Alpha,Kinetic Agitation Spike,78.21
2026-09-15 17:09:51,Checkpoint_Alpha,Kinetic Agitation Spike,60.13
2026-09-15 17:09:51,Checkpoint_Alpha,Kinetic Agitation Spike,80.89
2026-09-15 17:09:51,Checkpoint_Alpha,Kinetic Agitation Spike,96.3
2026-09-15 17:09:51,Checkpoint_Alpha,Kinetic Agitation Spike,64.88
2026-09-15 17:09:51,Checkpoint_Alpha,Kinetic Agitation Spike,65.4
2026-09-15 17:09:51,Checkpoint_Alpha,Kinetic Agitation Spike,69.19
2026-09-15 17:09:51,Checkpoint_Alpha,Kinetic Agitation Spike,52.39
2026-09-15 17:09:51,Checkpoint_Alpha,Kinetic Agitation Spike,54.0
2026-09-15 17:09:51,Checkpoint_Alpha,Kinetic Agitation Spike,55.76
2026-09-15 17:09:51,Checkpoint_Alpha,Kinetic Agitation Spike,70.46
2026-09-15 17:09:52,Checkpoint_Alpha,Kinetic Agitation Spike,69.31
2026-09-15 17:09:52,Checkpoint_Alpha,Kinetic Agitation Spike,55.23
2026-09-15 17:09:52,Checkpoint_Alpha,Kinetic Agitation Spike,62.18
2026-09-15 17:09:52,Checkpoint_Alpha,Kinetic Agitation Spike,53.26
2026-09-15 17:09:52,Checkpoint_Alpha,Kinetic Agitation Spike,72.58
2026-09-15 17:09:52,Checkpoint_Alpha,Kinetic Agitation Spike,57.63
2026-09-15 17:09:52,Checkpoint_Alpha,Kinetic Agitation Spike,58.35
2026-09-15 17:09:52,Checkpoint_Alpha,Kinetic Agitation Spike,90.5
2026-09-15 17:09:52,Checkpoint_Alpha,Kinetic Agitation Spike,63.07
2026-09-15 17:09:52,Checkpoint_Alpha,Kinetic Agitation Spike,47.26
2026-09-15 17:09:52,Checkpoint_Alpha,Kinetic Agitation Spike,61.01
2026-09-15 17:09:52,Checkpoint_Alpha,Kinetic Agitation Spike,62.74
2026-09-15 17:09:52,Checkpoint_Alpha,Kinetic Agitation Spike,47.8
2026-09-15 17:09:52,Checkpoint_Alpha,Kinetic Agitation Spike,66.95
2026-09-15 17:09:52,Checkpoint_Alpha,Kinetic Agitation Spike,62.39
2026-09-15 17:09:52,Checkpoint_Alpha,Kinetic Agitation Spike,48.09
2026-09-15 17:09:52,Checkpoint_Alpha,Kinetic Agitation Spike,64.06
2026-09-15 17:09:52,Checkpoint_Alpha,Kinetic Agitation Spike,61.09
2026-09-15 17:09:52,Checkpoint_Alpha,Kinetic Agitation Spike,92.15
2026-09-15 17:09:52,Checkpoint_Alpha,Kinetic Agitation Spike,61.31
2026-09-15 17:09:52,Checkpoint_Alpha,Kinetic Agitation Spike,80.56
2026-09-15 17:09:52,Checkpoint_Alpha,Kinetic Agitation Spike,100.0
2026-09-15 17:09:52,Checkpoint_Alpha,Kinetic Agitation Spike,45.0
2026-09-15 17:09:52,Checkpoint_Alpha,Kinetic Agitation Spike,85.45
2026-09-15 17:09:52,Checkpoint_Alpha,Kinetic Agitation Spike,68.2
2026-09-15 17:09:52,Checkpoint_Alpha,Kinetic Agitation Spike,70.83
2026-09-15 17:09:52,Checkpoint_Alpha,Kinetic Agitation Spike,50.0
2026-09-15 17:09:52,Checkpoint_Alpha,Kinetic Agitation Spike,61.11
2026-09-15 17:09:52,Checkpoint_Alpha,Kinetic Agitation Spike,45.86
2026-09-15 17:09:52,Checkpoint_Alpha,Kinetic Agitation Spike,58.85
2026-09-15 17:09:52,Checkpoint_Alpha,Kinetic Agitation Spike,74.94
2026-09-15 17:09:52,Checkpoint_Alpha,Kinetic Agitation Spike,53.32
2026-09-15 17:09:52,Checkpoint_Alpha,Kinetic Agitation Spike,55.03
2026-09-15 17:09:52,Checkpoint_Alpha,Kinetic Agitation Spike,51.5
2026-09-15 17:09:52,Checkpoint_Alpha,Kinetic Agitation Spike,100.0
2026-09-15 17:09:52,Checkpoint_Alpha,Kinetic Agitation Spike,46.02
2026-09-15 17:09:52,Checkpoint_Alpha,Kinetic Agitation Spike,93.03
2026-09-15 17:09:52,Checkpoint_Alpha,Kinetic Agitation Spike,56.08
2026-09-15 17:09:52,Checkpoint_Alpha,Kinetic Agitation Spike,66.99
2026-09-15 17:09:52,Checkpoint_Alpha,Kinetic Agitation Spike,100.0
2026-09-15 17:09:52,Checkpoint_Alpha,Kinetic Agitation Spike,49.46
2026-09-15 17:09:53,Checkpoint_Alpha,Kinetic Agitation Spike,77.11
2026-09-15 17:09:53,Checkpoint_Alpha,Kinetic Agitation Spike,100.0
2026-09-15 17:09:53,Checkpoint_Alpha,Kinetic Agitation Spike,60.22
2026-09-15 17:09:53,Checkpoint_Alpha,Kinetic Agitation Spike,100.0
2026-09-15 17:09:53,Checkpoint_Alpha,Kinetic Agitation Spike,65.58
2026-09-15 17:09:53,Checkpoint_Alpha,Kinetic Agitation Spike,100.0
2026-09-15 17:09:53,Checkpoint_Alpha,Kinetic Agitation Spike,70.09
2026-09-15 17:09:53,Checkpoint_Alpha,Kinetic Agitation Spike,57.57
2026-09-15 17:09:53,Checkpoint_Alpha,Kinetic Agitation Spike,53.24
2026-09-15 17:09:53,Checkpoint_Alpha,Kinetic Agitation Spike,72.24
2026-09-15 17:09:53,Checkpoint_Alpha,Kinetic Agitation Spike,59.94
2026-09-15 17:09:53,Checkpoint_Alpha,Kinetic Agitation Spike,100.0
2026-09-15 17:09:53,Checkpoint_Alpha,Kinetic Agitation Spike,53.07
2026-09-15 17:09:53,Checkpoint_Alpha,Kinetic Agitation Spike,75.95
2026-09-15 17:09:53,Checkpoint_Alpha,Kinetic Agitation Spike,45.0
2026-09-15 17:09:53,Checkpoint_Alpha,Kinetic Agitation Spike,54.8
2026-09-15 17:09:53,Checkpoint_Alpha,Kinetic Agitation Spike,61.02
2026-09-15 17:09:53,Checkpoint_Alpha,Kinetic Agitation Spike,79.42
2026-09-15 17:09:53,Checkpoint_Alpha,Kinetic Agitation Spike,87.28
2026-09-15 17:09:53,Checkpoint_Alpha,Kinetic Agitation Spike,66.46
2026-09-15 17:09:53,Checkpoint_Alpha,Kinetic Agitation Spike,64.86
2026-09-15 17:09:53,Checkpoint_Alpha,Kinetic Agitation Spike,55.75
2026-09-15 17:09:53,Checkpoint_Alpha,Kinetic Agitation Spike,78.38
2026-09-15 17:09:53,Checkpoint_Alpha,Kinetic Agitation Spike,70.74
2026-09-15 17:09:53,Checkpoint_Alpha,Kinetic Agitation Spike,85.29
2026-09-15 17:09:53,Checkpoint_Alpha,Kinetic Agitation Spike,53.7
2026-09-15 17:09:53,Checkpoint_Alpha,Kinetic Agitation Spike,70.19
2026-09-15 17:09:53,Checkpoint_Alpha,Kinetic Agitation Spike,65.27
2026-09-15 17:09:53,Checkpoint_Alpha,Kinetic Agitation Spike,60.34
2026-09-15 17:09:53,Checkpoint_Alpha,Kinetic Agitation Spike,79.2
2026-09-15 17:09:53,Checkpoint_Alpha,Kinetic Agitation Spike,57.65
2026-09-15 17:09:53,Checkpoint_Alpha,Kinetic Agitation Spike,64.7
2026-09-15 17:09:53,Checkpoint_Alpha,Kinetic Agitation Spike,80.21
2026-09-15 17:09:53,Checkpoint_Alpha,Kinetic Agitation Spike,69.05
2026-09-15 17:09:53,Checkpoint_Alpha,Kinetic Agitation Spike,84.49
2026-09-15 17:09:53,Checkpoint_Alpha,Kinetic Agitation Spike,57.5
2026-09-15 17:09:53,Checkpoint_Alpha,Kinetic Agitation Spike,90.4
2026-09-15 17:09:53,Checkpoint_Alpha,Kinetic Agitation Spike,84.52
2026-09-15 17:09:53,Checkpoint_Alpha,Kinetic Agitation Spike,66.59
2026-09-15 17:09:53,Checkpoint_Alpha,Kinetic Agitation Spike,93.66
2026-09-15 17:09:53,Checkpoint_Alpha,Kinetic Agitation Spike,70.46
2026-09-15 17:09:53,Checkpoint_Alpha,Kinetic Agitation Spike,50.05
2026-09-15 17:09:54,Checkpoint_Alpha,Kinetic Agitation Spike,60.33
2026-09-15 17:09:54,Checkpoint_Alpha,Kinetic Agitation Spike,76.74
2026-09-15 17:09:54,Checkpoint_Alpha,Kinetic Agitation Spike,81.87
2026-09-15 17:09:54,Checkpoint_Alpha,Kinetic Agitation Spike,85.5
2026-09-15 17:09:54,Checkpoint_Alpha,Kinetic Agitation Spike,72.62
2026-09-15 17:09:54,Checkpoint_Alpha,Kinetic Agitation Spike,78.09
2026-09-15 17:09:54,Checkpoint_Alpha,Kinetic Agitation Spike,91.45
2026-09-15 17:09:54,Checkpoint_Alpha,Kinetic Agitation Spike,84.16
2026-09-15 17:09:54,Checkpoint_Alpha,Kinetic Agitation Spike,69.22
2026-09-15 17:09:54,Checkpoint_Alpha,Kinetic Agitation Spike,84.56
2026-09-15 17:09:54,Checkpoint_Alpha,Kinetic Agitation Spike,45.49
2026-09-15 17:09:54,Checkpoint_Alpha,Kinetic Agitation Spike,100.0
2026-09-15 17:09:54,Checkpoint_Alpha,Kinetic Agitation Spike,52.73
2026-09-15 17:09:54,Checkpoint_Alpha,Kinetic Agitation Spike,53.71
2026-09-15 17:09:54,Checkpoint_Alpha,Kinetic Agitation Spike,65.06
2026-09-15 17:09:54,Checkpoint_Alpha,Kinetic Agitation Spike,48.39
2026-09-15 17:09:54,Checkpoint_Alpha,Kinetic Agitation Spike,100.0
2026-09-15 17:09:54,Checkpoint_Alpha,Kinetic Agitation Spike,46.48
2026-09-15 17:09:54,Checkpoint_Alpha,Kinetic Agitation Spike,81.15
2026-09-15 17:09:54,Checkpoint_Alpha,Kinetic Agitation Spike,50.13
2026-09-15 17:09:54,Checkpoint_Alpha,Kinetic Agitation Spike,51.8
2026-09-15 17:09:54,Checkpoint_Alpha,Kinetic Agitation Spike,69.33
2026-09-15 17:09:54,Checkpoint_Alpha,Kinetic Agitation Spike,63.87
2026-09-15 17:09:54,Checkpoint_Alpha,Kinetic Agitation Spike,90.15
2026-09-15 17:09:54,Checkpoint_Alpha,Kinetic Agitation Spike,50.14
2026-09-15 17:09:54,Checkpoint_Alpha,Kinetic Agitation Spike,48.58
2026-09-15 17:09:54,Checkpoint_Alpha,Kinetic Agitation Spike,48.45
2026-09-15 17:09:54,Checkpoint_Alpha,Kinetic Agitation Spike,100.0
2026-09-15 17:09:54,Checkpoint_Alpha,Kinetic Agitation Spike,46.3
2026-09-15 17:09:54,Checkpoint_Alpha,Kinetic Agitation Spike,100.0
2026-09-15 17:09:54,Checkpoint_Alpha,Kinetic Agitation Spike,46.26
2026-09-15 17:09:54,Checkpoint_Alpha,Kinetic Agitation Spike,54.42
2026-09-15 17:09:54,Checkpoint_Alpha,Kinetic Agitation Spike,73.42
2026-09-15 17:09:54,Checkpoint_Alpha,Kinetic Agitation Spike,58.15
2026-09-15 17:09:54,Checkpoint_Alpha,Kinetic Agitation Spike,67.65
2026-09-15 17:09:54,Checkpoint_Alpha,Kinetic Agitation Spike,87.59
2026-09-15 17:09:55,Checkpoint_Alpha,Kinetic Agitation Spike,65.85
2026-09-15 17:09:55,Checkpoint_Alpha,Kinetic Agitation Spike,51.85
2026-09-15 17:09:55,Checkpoint_Alpha,Kinetic Agitation Spike,66.79
2026-09-15 17:09:55,Checkpoint_Alpha,Kinetic Agitation Spike,65.16
2026-09-15 17:09:55,Checkpoint_Alpha,Kinetic Agitation Spike,98.12
2026-09-15 17:09:55,Checkpoint_Alpha,Kinetic Agitation Spike,85.88
2026-09-15 17:09:55,Checkpoint_Alpha,Kinetic Agitation Spike,55.96
2026-09-15 17:09:55,Checkpoint_Alpha,Kinetic Agitation Spike,66.16
2026-09-15 17:09:55,Checkpoint_Alpha,Kinetic Agitation Spike,58.71
2026-09-15 17:09:55,Checkpoint_Alpha,Kinetic Agitation Spike,71.22
2026-09-15 17:09:55,Checkpoint_Alpha,Kinetic Agitation Spike,100.0
2026-09-15 17:09:55,Checkpoint_Alpha,Kinetic Agitation Spike,90.28
2026-09-15 17:09:55,Checkpoint_Alpha,Kinetic Agitation Spike,100.0
2026-09-15 17:09:55,Checkpoint_Alpha,Kinetic Agitation Spike,70.92
2026-09-15 17:09:55,Checkpoint_Alpha,Kinetic Agitation Spike,73.17
2026-09-15 17:09:55,Checkpoint_Alpha,Kinetic Agitation Spike,71.33
2026-09-15 17:09:55,Checkpoint_Alpha,Kinetic Agitation Spike,57.3
2026-09-15 17:09:55,Checkpoint_Alpha,Kinetic Agitation Spike,100.0
2026-09-15 17:09:55,Checkpoint_Alpha,Kinetic Agitation Spike,75.31
2026-09-15 17:09:55,Checkpoint_Alpha,Kinetic Agitation Spike,68.15
2026-09-15 17:09:55,Checkpoint_Alpha,Kinetic Agitation Spike,78.62
2026-09-15 17:09:55,Checkpoint_Alpha,Kinetic Agitation Spike,61.93
2026-09-15 17:09:55,Checkpoint_Alpha,Kinetic Agitation Spike,92.66
2026-09-15 17:09:55,Checkpoint_Alpha,Kinetic Agitation Spike,86.75
2026-09-15 17:09:55,Checkpoint_Alpha,Kinetic Agitation Spike,49.47
2026-09-15 17:09:55,Checkpoint_Alpha,Kinetic Agitation Spike,67.63
2026-09-15 17:09:55,Checkpoint_Alpha,Kinetic Agitation Spike,47.12
2026-09-15 17:09:55,Checkpoint_Alpha,Kinetic Agitation Spike,48.77
2026-09-15 17:09:55,Checkpoint_Alpha,Kinetic Agitation Spike,72.47
2026-09-15 17:09:55,Checkpoint_Alpha,Kinetic Agitation Spike,58.11
2026-09-15 17:09:55,Checkpoint_Alpha,Kinetic Agitation Spike,47.45
2026-09-15 17:09:55,Checkpoint_Alpha,Kinetic Agitation Spike,90.69
2026-09-15 17:09:55,Checkpoint_Alpha,Kinetic Agitation Spike,48.44
2026-09-15 17:09:55,Checkpoint_Alpha,Kinetic Agitation Spike,47.66
2026-09-15 17:09:55,Checkpoint_Alpha,Kinetic Agitation Spike,49.71
2026-09-15 17:09:55,Checkpoint_Alpha,Kinetic Agitation Spike,68.49
2026-09-15 17:09:56,Checkpoint_Alpha,Kinetic Agitation Spike,63.02
2026-09-15 17:09:56,Checkpoint_Alpha,Kinetic Agitation Spike,45.91
2026-09-15 17:09:56,Checkpoint_Alpha,Kinetic Agitation Spike,100.0
2026-09-15 17:09:56,Checkpoint_Alpha,Kinetic Agitation Spike,69.29
2026-09-15 17:09:56,Checkpoint_Alpha,Kinetic Agitation Spike,100.0
2026-09-15 17:09:56,Checkpoint_Alpha,Kinetic Agitation Spike,54.16
2026-09-15 17:09:56,Checkpoint_Alpha,Kinetic Agitation Spike,62.79
2026-09-15 17:09:56,Checkpoint_Alpha,Kinetic Agitation Spike,55.42
2026-09-15 17:09:56,Checkpoint_Alpha,Kinetic Agitation Spike,89.17
2026-09-15 17:09:56,Checkpoint_Alpha,Kinetic Agitation Spike,87.59
2026-09-15 17:09:56,Checkpoint_Alpha,Kinetic Agitation Spike,52.4
2026-09-15 17:09:56,Checkpoint_Alpha,Kinetic Agitation Spike,64.56
2026-09-15 17:09:56,Checkpoint_Alpha,Kinetic Agitation Spike,54.27
2026-09-15 17:09:56,Checkpoint_Alpha,Kinetic Agitation Spike,51.55
2026-09-15 17:09:56,Checkpoint_Alpha,Kinetic Agitation Spike,47.67
2026-09-15 17:09:56,Checkpoint_Alpha,Kinetic Agitation Spike,70.05
2026-09-15 17:09:56,Checkpoint_Alpha,Kinetic Agitation Spike,62.09
2026-09-15 17:09:56,Checkpoint_Alpha,Kinetic Agitation Spike,71.99
2026-09-15 17:09:56,Checkpoint_Alpha,Kinetic Agitation Spike,54.13
2026-09-15 17:09:56,Checkpoint_Alpha,Kinetic Agitation Spike,100.0
2026-09-15 17:09:56,Checkpoint_Alpha,Kinetic Agitation Spike,51.61
2026-09-15 17:09:56,Checkpoint_Alpha,Kinetic Agitation Spike,78.36
2026-09-15 17:09:56,Checkpoint_Alpha,Kinetic Agitation Spike,100.0
2026-09-15 17:09:56,Checkpoint_Alpha,Kinetic Agitation Spike,50.52
2026-09-15 17:09:56,Checkpoint_Alpha,Kinetic Agitation Spike,87.87
2026-09-15 17:09:56,Checkpoint_Alpha,Kinetic Agitation Spike,46.14
2026-09-15 17:09:56,Checkpoint_Alpha,Kinetic Agitation Spike,49.89
2026-09-15 17:09:56,Checkpoint_Alpha,Kinetic Agitation Spike,48.33
2026-09-15 17:09:56,Checkpoint_Alpha,Kinetic Agitation Spike,52.43
2026-09-15 17:09:56,Checkpoint_Alpha,Kinetic Agitation Spike,75.4
2026-09-15 17:09:56,Checkpoint_Alpha,Kinetic Agitation Spike,47.06
2026-09-15 17:09:56,Checkpoint_Alpha,Kinetic Agitation Spike,51.64
2026-09-15 17:09:56,Checkpoint_Alpha,Kinetic Agitation Spike,51.39
2026-09-15 17:09:56,Checkpoint_Alpha,Kinetic Agitation Spike,70.79
2026-09-15 17:09:56,Checkpoint_Alpha,Kinetic Agitation Spike,48.75
2026-09-15 17:09:56,Checkpoint_Alpha,Kinetic Agitation Spike,60.99
2026-09-15 17:09:56,Checkpoint_Alpha,Kinetic Agitation Spike,77.26
2026-09-15 17:09:56,Checkpoint_Alpha,Kinetic Agitation Spike,58.11
2026-09-15 17:09:56,Checkpoint_Alpha,Kinetic Agitation Spike,100.0
2026-09-15 17:09:56,Checkpoint_Alpha,Kinetic Agitation Spike,96.27
2026-09-15 17:09:56,Checkpoint_Alpha,Kinetic Agitation Spike,56.75
2026-09-15 17:09:56,Checkpoint_Alpha,Kinetic Agitation Spike,47.07
2026-09-15 17:09:56,Checkpoint_Alpha,Kinetic Agitation Spike,56.14
2026-09-15 17:09:56,Checkpoint_Alpha,Kinetic Agitation Spike,69.28
2026-09-15 17:09:56,Checkpoint_Alpha,Kinetic Agitation Spike,76.11
2026-09-15 17:09:56,Checkpoint_Alpha,Kinetic Agitation Spike,51.92
2026-09-15 17:09:56,Checkpoint_Alpha,Kinetic Agitation Spike,84.41
2026-09-15 17:09:56,Checkpoint_Alpha,Kinetic Agitation Spike,84.51
2026-09-15 17:09:56,Checkpoint_Alpha,Kinetic Agitation Spike,72.15
2026-09-15 17:09:56,Checkpoint_Alpha,Kinetic Agitation Spike,58.53
2026-09-15 17:09:56,Checkpoint_Alpha,Kinetic Agitation Spike,48.19
2026-09-15 17:09:56,Checkpoint_Alpha,Kinetic Agitation Spike,100.0
2026-09-15 17:09:56,Checkpoint_Alpha,Kinetic Agitation Spike,50.23
2026-09-15 17:09:57,Checkpoint_Alpha,Kinetic Agitation Spike,57.23
2026-09-15 17:09:57,Checkpoint_Alpha,Kinetic Agitation Spike,79.52
2026-09-15 17:09:57,Checkpoint_Alpha,Kinetic Agitation Spike,76.98
2026-09-15 17:09:57,Checkpoint_Alpha,Kinetic Agitation Spike,47.28
2026-09-15 17:09:57,Checkpoint_Alpha,Kinetic Agitation Spike,66.09
2026-09-15 17:09:57,Checkpoint_Alpha,Kinetic Agitation Spike,100.0
2026-09-15 17:09:57,Checkpoint_Alpha,Kinetic Agitation Spike,57.46
2026-09-15 17:09:57,Checkpoint_Alpha,Kinetic Agitation Spike,78.71
2026-09-15 17:09:57,Checkpoint_Alpha,Kinetic Agitation Spike,60.67
2026-09-15 17:09:57,Checkpoint_Alpha,Kinetic Agitation Spike,70.45
2026-09-15 17:09:57,Checkpoint_Alpha,Kinetic Agitation Spike,88.61
2026-09-15 17:09:57,Checkpoint_Alpha,Kinetic Agitation Spike,98.2
2026-09-15 17:09:57,Checkpoint_Alpha,Kinetic Agitation Spike,58.72
2026-09-15 17:09:57,Checkpoint_Alpha,Kinetic Agitation Spike,64.06
2026-09-15 17:09:57,Checkpoint_Alpha,Kinetic Agitation Spike,80.61
2026-09-15 17:09:57,Checkpoint_Alpha,Kinetic Agitation Spike,89.92
2026-09-15 17:09:57,Checkpoint_Alpha,Kinetic Agitation Spike,53.69
2026-09-15 17:09:57,Checkpoint_Alpha,Kinetic Agitation Spike,54.76
2026-09-15 17:09:57,Checkpoint_Alpha,Kinetic Agitation Spike,47.93
2026-09-15 17:09:57,Checkpoint_Alpha,Kinetic Agitation Spike,72.58
2026-09-15 17:09:57,Checkpoint_Alpha,Kinetic Agitation Spike,52.67
2026-09-15 17:09:57,Checkpoint_Alpha,Kinetic Agitation Spike,84.31
2026-09-15 17:09:57,Checkpoint_Alpha,Kinetic Agitation Spike,69.01
2026-09-15 17:09:57,Checkpoint_Alpha,Kinetic Agitation Spike,69.62
2026-09-15 17:09:57,Checkpoint_Alpha,Kinetic Agitation Spike,67.26
2026-09-15 17:09:57,Checkpoint_Alpha,Kinetic Agitation Spike,61.93
2026-09-15 17:09:57,Checkpoint_Alpha,Kinetic Agitation Spike,78.42
2026-09-15 17:09:57,Checkpoint_Alpha,Kinetic Agitation Spike,45.01
2026-09-15 17:09:57,Checkpoint_Alpha,Kinetic Agitation Spike,57.55
2026-09-15 17:09:57,Checkpoint_Alpha,Kinetic Agitation Spike,63.98
2026-09-15 17:09:57,Checkpoint_Alpha,Kinetic Agitation Spike,48.0
2026-09-15 17:09:57,Checkpoint_Alpha,Kinetic Agitation Spike,62.2
2026-09-15 17:09:57,Checkpoint_Alpha,Kinetic Agitation Spike,100.0
2026-09-15 17:09:57,Checkpoint_Alpha,Kinetic Agitation Spike,86.74
2026-09-15 17:09:57,Checkpoint_Alpha,Kinetic Agitation Spike,55.3
2026-09-15 17:09:57,Checkpoint_Alpha,Kinetic Agitation Spike,100.0
2026-09-15 17:09:57,Checkpoint_Alpha,Kinetic Agitation Spike,96.18
2026-09-15 17:09:57,Checkpoint_Alpha,Kinetic Agitation Spike,60.76
2026-09-15 17:09:57,Checkpoint_Alpha,Kinetic Agitation Spike,62.81
2026-09-15 17:09:57,Checkpoint_Alpha,Kinetic Agitation Spike,84.08
2026-09-15 17:09:57,Checkpoint_Alpha,Kinetic Agitation Spike,47.8
2026-09-15 17:09:57,Checkpoint_Alpha,Kinetic Agitation Spike,82.18
2026-09-15 17:09:57,Checkpoint_Alpha,Kinetic Agitation Spike,59.26
2026-09-15 17:09:57,Checkpoint_Alpha,Kinetic Agitation Spike,51.99
2026-09-15 17:12:17,Checkpoint_Alpha,Kinetic Agitation Spike,98.26
2026-09-15 17:12:17,Checkpoint_Alpha,Kinetic Agitation Spike,83.52
2026-09-15 17:12:17,Checkpoint_Alpha,Kinetic Agitation Spike,62.92
2026-09-15 17:12:17,Checkpoint_Alpha,Kinetic Agitation Spike,100.0
2026-09-15 17:12:17,Checkpoint_Alpha,Kinetic Agitation Spike,93.51
2026-09-15 17:12:17,Checkpoint_Alpha,Kinetic Agitation Spike,86.94
2026-09-15 17:12:18,Checkpoint_Alpha,Kinetic Agitation Spike,61.82
2026-09-15 17:12:18,Checkpoint_Alpha,Kinetic Agitation Spike,52.45
2026-09-15 17:12:18,Checkpoint_Alpha,Kinetic Agitation Spike,56.77
2026-09-15 17:12:18,Checkpoint_Alpha,Kinetic Agitation Spike,100.0
2026-09-15 17:12:18,Checkpoint_Alpha,Kinetic Agitation Spike,100.0
2026-09-15 17:12:18,Checkpoint_Alpha,Kinetic Agitation Spike,100.0
2026-09-15 17:12:18,Checkpoint_Alpha,Kinetic Agitation Spike,98.25
2026-09-15 17:12:18,Checkpoint_Alpha,Kinetic Agitation Spike,92.43
2026-09-15 17:12:18,Checkpoint_Alpha,Kinetic Agitation Spike,90.73
2026-09-15 17:12:18,Checkpoint_Alpha,Kinetic Agitation Spike,100.0
2026-09-15 17:12:18,Checkpoint_Alpha,Kinetic Agitation Spike,95.08
2026-09-15 17:12:18,Checkpoint_Alpha,Kinetic Agitation Spike,52.09
2026-09-15 17:12:18,Checkpoint_Alpha,Kinetic Agitation Spike,62.35
2026-09-15 17:12:18,Checkpoint_Alpha,Kinetic Agitation Spike,51.74
2026-09-15 17:12:18,Checkpoint_Alpha,Kinetic Agitation Spike,100.0
2026-09-15 17:12:18,Checkpoint_Alpha,Kinetic Agitation Spike,78.6
2026-09-15 17:12:18,Checkpoint_Alpha,Kinetic Agitation Spike,72.88
2026-09-15 17:12:18,Checkpoint_Alpha,Kinetic Agitation Spike,71.09
2026-09-15 17:12:18,Checkpoint_Alpha,Kinetic Agitation Spike,78.79
2026-09-15 17:12:18,Checkpoint_Alpha,Kinetic Agitation Spike,80.73
2026-09-15 17:12:18,Checkpoint_Alpha,Kinetic Agitation Spike,100.0
2026-09-15 17:12:18,Checkpoint_Alpha,Kinetic Agitation Spike,100.0
2026-09-15 17:12:18,Checkpoint_Alpha,Kinetic Agitation Spike,47.21
2026-09-15 17:12:18,Checkpoint_Alpha,Kinetic Agitation Spike,100.0
2026-09-15 17:12:18,Checkpoint_Alpha,Kinetic Agitation Spike,63.69
2026-09-15 17:12:18,Checkpoint_Alpha,Kinetic Agitation Spike,55.16
2026-09-15 17:12:18,Checkpoint_Alpha,Kinetic Agitation Spike,45.73
2026-09-15 17:12:18,Checkpoint_Alpha,Kinetic Agitation Spike,100.0
2026-09-15 17:12:18,Checkpoint_Alpha,Kinetic Agitation Spike,73.31
2026-09-15 17:12:18,Checkpoint_Alpha,Kinetic Agitation Spike,96.85
2026-09-15 17:12:18,Checkpoint_Alpha,Kinetic Agitation Spike,76.61
2026-09-15 17:12:18,Checkpoint_Alpha,Kinetic Agitation Spike,59.49
2026-09-15 17:12:18,Checkpoint_Alpha,Kinetic Agitation Spike,61.2
2026-09-15 17:12:18,Checkpoint_Alpha,Kinetic Agitation Spike,75.0
2026-09-15 17:12:18,Checkpoint_Alpha,Kinetic Agitation Spike,73.41
2026-09-15 17:12:18,Checkpoint_Alpha,Kinetic Agitation Spike,97.46
2026-09-15 17:12:18,Checkpoint_Alpha,Kinetic Agitation Spike,100.0
2026-09-15 17:12:18,Checkpoint_Alpha,Kinetic Agitation Spike,68.62
2026-09-15 17:12:18,Checkpoint_Alpha,Kinetic Agitation Spike,63.77
2026-09-15 17:12:18,Checkpoint_Alpha,Kinetic Agitation Spike,75.23
2026-09-15 17:12:18,Checkpoint_Alpha,Kinetic Agitation Spike,76.13
2026-09-15 17:12:18,Checkpoint_Alpha,Kinetic Agitation Spike,66.15
2026-09-15 17:12:18,Checkpoint_Alpha,Kinetic Agitation Spike,100.0
2026-09-15 17:12:18,Checkpoint_Alpha,Kinetic Agitation Spike,85.24
2026-09-15 17:12:18,Checkpoint_Alpha,Kinetic Agitation Spike,49.76
2026-09-15 17:12:18,Checkpoint_Alpha,Kinetic Agitation Spike,58.94
2026-09-15 17:12:18,Checkpoint_Alpha,Kinetic Agitation Spike,66.8
2026-09-15 17:12:18,Checkpoint_Alpha,Kinetic Agitation Spike,53.34
2026-09-15 17:12:18,Checkpoint_Alpha,Kinetic Agitation Spike,96.73
2026-09-15 17:12:18,Checkpoint_Alpha,Kinetic Agitation Spike,82.24
2026-09-15 17:12:18,Checkpoint_Alpha,Kinetic Agitation Spike,54.01
2026-09-15 17:12:18,Checkpoint_Alpha,Kinetic Agitation Spike,61.14
2026-09-15 17:12:18,Checkpoint_Alpha,Kinetic Agitation Spike,60.93
2026-09-15 17:12:18,Checkpoint_Alpha,Kinetic Agitation Spike,88.46
2026-09-15 17:12:18,Checkpoint_Alpha,Kinetic Agitation Spike,100.0
2026-09-15 17:12:18,Checkpoint_Alpha,Kinetic Agitation Spike,48.99
2026-09-15 17:12:18,Checkpoint_Alpha,Kinetic Agitation Spike,65.82
2026-09-15 17:12:18,Checkpoint_Alpha,Kinetic Agitation Spike,75.69
2026-09-15 17:12:18,Checkpoint_Alpha,Kinetic Agitation Spike,84.61
2026-09-15 17:12:18,Checkpoint_Alpha,Kinetic Agitation Spike,45.09
2026-09-15 17:12:18,Checkpoint_Alpha,Kinetic Agitation Spike,69.89
2026-09-15 17:12:18,Checkpoint_Alpha,Kinetic Agitation Spike,100.0
2026-09-15 17:12:18,Checkpoint_Alpha,Kinetic Agitation Spike,52.26
2026-09-15 17:12:18,Checkpoint_Alpha,Kinetic Agitation Spike,53.51
2026-09-15 17:12:18,Checkpoint_Alpha,Kinetic Agitation Spike,72.55
2026-09-15 17:12:18,Checkpoint_Alpha,Kinetic Agitation Spike,45.14
2026-09-15 17:12:18,Checkpoint_Alpha,Kinetic Agitation Spike,95.26
2026-09-15 17:12:19,Checkpoint_Alpha,Kinetic Agitation Spike,56.75
2026-09-15 17:12:19,Checkpoint_Alpha,Kinetic Agitation Spike,100.0
2026-09-15 17:12:19,Checkpoint_Alpha,Kinetic Agitation Spike,56.13
2026-09-15 17:12:19,Checkpoint_Alpha,Kinetic Agitation Spike,64.47
2026-09-15 17:12:19,Checkpoint_Alpha,Kinetic Agitation Spike,86.19
2026-09-15 17:12:19,Checkpoint_Alpha,Kinetic Agitation Spike,87.42
2026-09-15 17:12:19,Checkpoint_Alpha,Kinetic Agitation Spike,56.06
2026-09-15 17:12:19,Checkpoint_Alpha,Kinetic Agitation Spike,77.65
2026-09-15 17:12:19,Checkpoint_Alpha,Kinetic Agitation Spike,45.13
2026-09-15 17:12:19,Checkpoint_Alpha,Kinetic Agitation Spike,57.06
2026-09-15 17:12:19,Checkpoint_Alpha,Kinetic Agitation Spike,49.56
2026-09-15 17:12:19,Checkpoint_Alpha,Kinetic Agitation Spike,100.0
2026-09-15 17:12:19,Checkpoint_Alpha,Kinetic Agitation Spike,56.0
2026-09-15 17:12:19,Checkpoint_Alpha,Kinetic Agitation Spike,57.37
2026-09-15 17:12:19,Checkpoint_Alpha,Kinetic Agitation Spike,87.6
2026-09-15 17:12:19,Checkpoint_Alpha,Kinetic Agitation Spike,53.03
2026-09-15 17:12:19,Checkpoint_Alpha,Kinetic Agitation Spike,52.0
2026-09-15 17:12:19,Checkpoint_Alpha,Kinetic Agitation Spike,68.49
2026-09-15 17:12:19,Checkpoint_Alpha,Kinetic Agitation Spike,100.0
2026-09-15 17:12:19,Checkpoint_Alpha,Kinetic Agitation Spike,84.56
2026-09-15 17:12:19,Checkpoint_Alpha,Kinetic Agitation Spike,89.86
2026-09-15 17:12:19,Checkpoint_Alpha,Kinetic Agitation Spike,67.9
2026-09-15 17:12:19,Checkpoint_Alpha,Kinetic Agitation Spike,55.99
2026-09-15 17:12:19,Checkpoint_Alpha,Kinetic Agitation Spike,90.4
2026-09-15 17:12:19,Checkpoint_Alpha,Kinetic Agitation Spike,76.19
2026-09-15 17:12:19,Checkpoint_Alpha,Kinetic Agitation Spike,78.89
2026-09-15 17:12:19,Checkpoint_Alpha,Kinetic Agitation Spike,96.45
2026-09-15 17:12:19,Checkpoint_Alpha,Kinetic Agitation Spike,51.05
2026-09-15 17:12:19,Checkpoint_Alpha,Kinetic Agitation Spike,75.79
2026-09-15 17:12:19,Checkpoint_Alpha,Kinetic Agitation Spike,95.69
2026-09-15 17:12:19,Checkpoint_Alpha,Kinetic Agitation Spike,91.67
2026-09-15 17:12:19,Checkpoint_Alpha,Kinetic Agitation Spike,61.98
2026-09-15 17:12:19,Checkpoint_Alpha,Kinetic Agitation Spike,90.8
2026-09-15 17:12:19,Checkpoint_Alpha,Kinetic Agitation Spike,71.68
2026-09-15 17:12:19,Checkpoint_Alpha,Kinetic Agitation Spike,53.15
2026-09-15 17:12:19,Checkpoint_Alpha,Kinetic Agitation Spike,80.44
2026-09-15 17:12:19,Checkpoint_Alpha,Kinetic Agitation Spike,46.05
2026-09-15 17:12:19,Checkpoint_Alpha,Kinetic Agitation Spike,100.0
2026-09-15 17:12:19,Checkpoint_Alpha,Kinetic Agitation Spike,48.31
2026-09-15 17:12:19,Checkpoint_Alpha,Kinetic Agitation Spike,100.0
2026-09-15 17:12:19,Checkpoint_Alpha,Kinetic Agitation Spike,100.0
2026-09-15 17:12:19,Checkpoint_Alpha,Kinetic Agitation Spike,100.0
2026-09-15 17:12:19,Checkpoint_Alpha,Kinetic Agitation Spike,90.41
2026-09-15 17:12:19,Checkpoint_Alpha,Kinetic Agitation Spike,86.23
2026-09-15 17:12:19,Checkpoint_Alpha,Kinetic Agitation Spike,96.46
2026-09-15 17:12:19,Checkpoint_Alpha,Kinetic Agitation Spike,100.0
2026-09-15 17:12:19,Checkpoint_Alpha,Kinetic Agitation Spike,70.11
2026-09-15 17:12:19,Checkpoint_Alpha,Kinetic Agitation Spike,60.33
2026-09-15 17:12:19,Checkpoint_Alpha,Kinetic Agitation Spike,98.6
2026-09-15 17:12:19,Checkpoint_Alpha,Kinetic Agitation Spike,100.0
2026-09-15 17:12:19,Checkpoint_Alpha,Kinetic Agitation Spike,61.23
2026-09-15 17:12:19,Checkpoint_Alpha,Kinetic Agitation Spike,67.58
2026-09-15 17:12:19,Checkpoint_Alpha,Kinetic Agitation Spike,74.74
2026-09-15 17:12:19,Checkpoint_Alpha,Kinetic Agitation Spike,66.49
2026-09-15 17:12:19,Checkpoint_Alpha,Kinetic Agitation Spike,100.0
2026-09-15 17:12:19,Checkpoint_Alpha,Kinetic Agitation Spike,70.81
2026-09-15 17:12:19,Checkpoint_Alpha,Kinetic Agitation Spike,96.31
2026-09-15 17:12:19,Checkpoint_Alpha,Kinetic Agitation Spike,57.45
2026-09-15 17:12:19,Checkpoint_Alpha,Kinetic Agitation Spike,64.15
2026-09-15 17:12:19,Checkpoint_Alpha,Kinetic Agitation Spike,50.31
2026-09-15 17:12:19,Checkpoint_Alpha,Kinetic Agitation Spike,47.11
2026-09-15 17:12:19,Checkpoint_Alpha,Kinetic Agitation Spike,69.2
2026-09-15 17:12:19,Checkpoint_Alpha,Kinetic Agitation Spike,58.3
2026-09-15 17:12:19,Checkpoint_Alpha,Kinetic Agitation Spike,65.88
2026-09-15 17:12:19,Checkpoint_Alpha,Kinetic Agitation Spike,100.0
2026-09-15 17:12:19,Checkpoint_Alpha,Kinetic Agitation Spike,63.19
2026-09-15 17:12:19,Checkpoint_Alpha,Kinetic Agitation Spike,58.04
2026-09-15 17:12:19,Checkpoint_Alpha,Kinetic Agitation Spike,82.62
2026-09-15 17:12:19,Checkpoint_Alpha,Kinetic Agitation Spike,100.0
2026-09-15 17:12:19,Checkpoint_Alpha,Kinetic Agitation Spike,56.74
2026-09-15 17:12:19,Checkpoint_Alpha,Kinetic Agitation Spike,73.8
2026-09-15 17:12:19,Checkpoint_Alpha,Kinetic Agitation Spike,53.0
2026-09-15 17:12:19,Checkpoint_Alpha,Kinetic Agitation Spike,50.99
2026-09-15 17:12:19,Checkpoint_Alpha,Kinetic Agitation Spike,92.86
2026-09-15 17:12:19,Checkpoint_Alpha,Kinetic Agitation Spike,100.0
2026-09-15 17:12:19,Checkpoint_Alpha,Kinetic Agitation Spike,49.18
2026-09-15 17:12:19,Checkpoint_Alpha,Kinetic Agitation Spike,77.79
2026-09-15 17:12:19,Checkpoint_Alpha,Kinetic Agitation Spike,83.26
2026-09-15 17:12:20,Checkpoint_Alpha,Kinetic Agitation Spike,62.06
2026-09-15 17:12:20,Checkpoint_Alpha,Kinetic Agitation Spike,78.14
2026-09-15 17:12:20,Checkpoint_Alpha,Kinetic Agitation Spike,59.32
2026-09-15 17:12:20,Checkpoint_Alpha,Kinetic Agitation Spike,95.05
2026-09-15 17:12:20,Checkpoint_Alpha,Kinetic Agitation Spike,100.0
2026-09-15 17:12:20,Checkpoint_Alpha,Kinetic Agitation Spike,100.0
2026-09-15 17:12:20,Checkpoint_Alpha,Kinetic Agitation Spike,100.0
2026-09-15 17:12:20,Checkpoint_Alpha,Kinetic Agitation Spike,65.83
2026-09-15 17:12:20,Checkpoint_Alpha,Kinetic Agitation Spike,83.6
2026-09-15 17:12:20,Checkpoint_Alpha,Kinetic Agitation Spike,100.0
2026-09-15 17:12:20,Checkpoint_Alpha,Kinetic Agitation Spike,53.92
2026-09-15 17:12:20,Checkpoint_Alpha,Kinetic Agitation Spike,49.29
2026-09-15 17:12:20,Checkpoint_Alpha,Kinetic Agitation Spike,74.13
2026-09-15 17:12:20,Checkpoint_Alpha,Kinetic Agitation Spike,84.33
2026-09-15 17:12:20,Checkpoint_Alpha,Kinetic Agitation Spike,100.0
2026-09-15 17:12:20,Checkpoint_Alpha,Kinetic Agitation Spike,66.64
2026-09-15 17:12:20,Checkpoint_Alpha,Kinetic Agitation Spike,64.16
2026-09-15 17:12:20,Checkpoint_Alpha,Kinetic Agitation Spike,46.23
2026-09-15 17:12:20,Checkpoint_Alpha,Kinetic Agitation Spike,69.0
2026-09-15 17:12:20,Checkpoint_Alpha,Kinetic Agitation Spike,100.0
2026-09-15 17:12:20,Checkpoint_Alpha,Kinetic Agitation Spike,48.97
2026-09-15 17:12:20,Checkpoint_Alpha,Kinetic Agitation Spike,55.68
2026-09-15 17:12:20,Checkpoint_Alpha,Kinetic Agitation Spike,100.0
2026-09-15 17:12:20,Checkpoint_Alpha,Kinetic Agitation Spike,100.0
2026-09-15 17:12:20,Checkpoint_Alpha,Kinetic Agitation Spike,59.93
2026-09-15 17:12:20,Checkpoint_Alpha,Kinetic Agitation Spike,100.0
2026-09-15 17:12:20,Checkpoint_Alpha,Kinetic Agitation Spike,100.0
2026-09-15 17:12:20,Checkpoint_Alpha,Kinetic Agitation Spike,100.0
2026-09-15 17:12:20,Checkpoint_Alpha,Kinetic Agitation Spike,100.0
2026-09-15 17:12:20,Checkpoint_Alpha,Kinetic Agitation Spike,50.37
2026-09-15 17:12:20,Checkpoint_Alpha,Kinetic Agitation Spike,100.0
2026-09-15 17:12:20,Checkpoint_Alpha,Kinetic Agitation Spike,62.97
2026-09-15 17:12:20,Checkpoint_Alpha,Kinetic Agitation Spike,48.61
2026-09-15 17:12:20,Checkpoint_Alpha,Kinetic Agitation Spike,78.01
2026-09-15 17:12:20,Checkpoint_Alpha,Kinetic Agitation Spike,57.88
2026-09-15 17:12:20,Checkpoint_Alpha,Kinetic Agitation Spike,55.53
2026-09-15 17:12:20,Checkpoint_Alpha,Kinetic Agitation Spike,56.63
2026-09-15 17:12:20,Checkpoint_Alpha,Kinetic Agitation Spike,55.05
2026-09-15 17:12:20,Checkpoint_Alpha,Kinetic Agitation Spike,48.76
2026-09-15 17:12:20,Checkpoint_Alpha,Kinetic Agitation Spike,100.0
2026-09-15 17:12:20,Checkpoint_Alpha,Kinetic Agitation Spike,100.0
2026-09-15 17:12:20,Checkpoint_Alpha,Kinetic Agitation Spike,54.12
2026-09-15 17:12:20,Checkpoint_Alpha,Kinetic Agitation Spike,69.42
2026-09-15 17:12:20,Checkpoint_Alpha,Kinetic Agitation Spike,53.52
2026-09-15 17:12:20,Checkpoint_Alpha,Kinetic Agitation Spike,100.0
2026-09-15 17:12:20,Checkpoint_Alpha,Kinetic Agitation Spike,47.49
2026-09-15 17:12:20,Checkpoint_Alpha,Kinetic Agitation Spike,61.88
2026-09-15 17:12:20,Checkpoint_Alpha,Kinetic Agitation Spike,69.15
2026-09-15 17:12:20,Checkpoint_Alpha,Kinetic Agitation Spike,89.18
2026-09-15 17:12:20,Checkpoint_Alpha,Kinetic Agitation Spike,55.83
2026-09-15 17:12:20,Checkpoint_Alpha,Kinetic Agitation Spike,48.75
2026-09-15 17:12:20,Checkpoint_Alpha,Kinetic Agitation Spike,49.72
2026-09-15 17:12:20,Checkpoint_Alpha,Kinetic Agitation Spike,100.0
2026-09-15 17:12:20,Checkpoint_Alpha,Kinetic Agitation Spike,69.01
2026-09-15 17:12:20,Checkpoint_Alpha,Kinetic Agitation Spike,87.26
2026-09-15 17:12:20,Checkpoint_Alpha,Kinetic Agitation Spike,66.72
2026-09-15 17:12:20,Checkpoint_Alpha,Kinetic Agitation Spike,97.75
2026-09-15 17:12:20,Checkpoint_Alpha,Kinetic Agitation Spike,72.21
2026-09-15 17:12:21,Checkpoint_Alpha,Kinetic Agitation Spike,48.27
2026-09-15 17:12:21,Checkpoint_Alpha,Kinetic Agitation Spike,61.24
2026-09-15 17:12:21,Checkpoint_Alpha,Kinetic Agitation Spike,53.94
2026-09-15 17:12:21,Checkpoint_Alpha,Kinetic Agitation Spike,61.42
2026-09-15 17:12:21,Checkpoint_Alpha,Kinetic Agitation Spike,65.85
2026-09-15 17:12:21,Checkpoint_Alpha,Kinetic Agitation Spike,93.73
2026-09-15 17:12:21,Checkpoint_Alpha,Kinetic Agitation Spike,57.11
2026-09-15 17:12:21,Checkpoint_Alpha,Kinetic Agitation Spike,100.0
2026-09-15 17:12:21,Checkpoint_Alpha,Kinetic Agitation Spike,59.17
2026-09-15 17:12:21,Checkpoint_Alpha,Kinetic Agitation Spike,84.08
2026-09-15 17:12:21,Checkpoint_Alpha,Kinetic Agitation Spike,49.8
2026-09-15 17:12:21,Checkpoint_Alpha,Kinetic Agitation Spike,100.0
2026-09-15 17:12:21,Checkpoint_Alpha,Kinetic Agitation Spike,54.91
2026-09-15 17:12:21,Checkpoint_Alpha,Kinetic Agitation Spike,66.12
2026-09-15 17:12:21,Checkpoint_Alpha,Kinetic Agitation Spike,100.0
2026-09-15 17:12:21,Checkpoint_Alpha,Kinetic Agitation Spike,100.0
2026-09-15 17:12:21,Checkpoint_Alpha,Kinetic Agitation Spike,47.73
2026-09-15 17:12:21,Checkpoint_Alpha,Kinetic Agitation Spike,91.96
2026-09-15 17:12:21,Checkpoint_Alpha,Kinetic Agitation Spike,57.08
2026-09-15 17:12:21,Checkpoint_Alpha,Kinetic Agitation Spike,100.0
2026-09-15 17:12:21,Checkpoint_Alpha,Kinetic Agitation Spike,88.27
2026-09-15 17:12:21,Checkpoint_Alpha,Kinetic Agitation Spike,100.0
2026-09-15 17:12:21,Checkpoint_Alpha,Kinetic Agitation Spike,98.47
2026-09-15 17:12:21,Checkpoint_Alpha,Kinetic Agitation Spike,97.97
2026-09-15 17:12:21,Checkpoint_Alpha,Kinetic Agitation Spike,89.96
2026-09-15 17:12:21,Checkpoint_Alpha,Kinetic Agitation Spike,100.0
2026-09-15 17:12:21,Checkpoint_Alpha,Kinetic Agitation Spike,100.0
2026-09-15 17:12:21,Checkpoint_Alpha,Kinetic Agitation Spike,71.93
2026-09-15 17:12:21,Checkpoint_Alpha,Kinetic Agitation Spike,65.97
2026-09-15 17:12:21,Checkpoint_Alpha,Kinetic Agitation Spike,77.27
2026-09-15 17:12:21,Checkpoint_Alpha,Kinetic Agitation Spike,100.0
2026-09-15 17:12:21,Checkpoint_Alpha,Kinetic Agitation Spike,100.0
2026-09-15 17:12:21,Checkpoint_Alpha,Kinetic Agitation Spike,93.67
2026-09-15 17:12:21,Checkpoint_Alpha,Kinetic Agitation Spike,83.99
2026-09-15 17:12:21,Checkpoint_Alpha,Kinetic Agitation Spike,67.56
2026-09-15 17:12:21,Checkpoint_Alpha,Kinetic Agitation Spike,89.56
2026-09-15 17:12:21,Checkpoint_Alpha,Kinetic Agitation Spike,51.49
2026-09-15 17:12:21,Checkpoint_Alpha,Kinetic Agitation Spike,74.37
2026-09-15 17:12:21,Checkpoint_Alpha,Kinetic Agitation Spike,72.84
2026-09-15 17:12:21,Checkpoint_Alpha,Kinetic Agitation Spike,97.52
2026-09-15 17:12:21,Checkpoint_Alpha,Kinetic Agitation Spike,51.53
2026-09-15 17:12:21,Checkpoint_Alpha,Kinetic Agitation Spike,100.0
2026-09-15 17:12:21,Checkpoint_Alpha,Kinetic Agitation Spike,78.22
2026-09-15 17:12:21,Checkpoint_Alpha,Kinetic Agitation Spike,77.17
2026-09-15 17:12:21,Checkpoint_Alpha,Kinetic Agitation Spike,86.47
2026-09-15 17:12:21,Checkpoint_Alpha,Kinetic Agitation Spike,94.82
2026-09-15 17:12:21,Checkpoint_Alpha,Kinetic Agitation Spike,100.0
2026-09-15 17:12:21,Checkpoint_Alpha,Kinetic Agitation Spike,60.08
2026-09-15 17:12:21,Checkpoint_Alpha,Kinetic Agitation Spike,100.0
2026-09-15 17:12:21,Checkpoint_Alpha,Kinetic Agitation Spike,51.71
2026-09-15 17:12:21,Checkpoint_Alpha,Kinetic Agitation Spike,100.0
2026-09-15 17:12:21,Checkpoint_Alpha,Kinetic Agitation Spike,91.13
2026-09-15 17:12:22,Checkpoint_Alpha,Kinetic Agitation Spike,73.26
2026-09-15 17:12:22,Checkpoint_Alpha,Kinetic Agitation Spike,92.66
2026-09-15 17:12:22,Checkpoint_Alpha,Kinetic Agitation Spike,100.0
2026-09-15 17:12:22,Checkpoint_Alpha,Kinetic Agitation Spike,88.07
2026-09-15 17:12:22,Checkpoint_Alpha,Kinetic Agitation Spike,79.4
2026-09-15 17:12:22,Checkpoint_Alpha,Kinetic Agitation Spike,65.0
2026-09-15 17:12:22,Checkpoint_Alpha,Kinetic Agitation Spike,59.8
2026-09-15 17:12:22,Checkpoint_Alpha,Kinetic Agitation Spike,100.0
2026-09-15 17:12:22,Checkpoint_Alpha,Kinetic Agitation Spike,68.27
2026-09-15 17:12:22,Checkpoint_Alpha,Kinetic Agitation Spike,51.23
2026-09-15 17:12:22,Checkpoint_Alpha,Kinetic Agitation Spike,88.68
2026-09-15 17:12:22,Checkpoint_Alpha,Kinetic Agitation Spike,50.66
2026-09-15 17:12:22,Checkpoint_Alpha,Kinetic Agitation Spike,100.0
2026-09-15 17:12:22,Checkpoint_Alpha,Kinetic Agitation Spike,50.11
2026-09-15 17:12:22,Checkpoint_Alpha,Kinetic Agitation Spike,68.67
2026-09-15 17:12:22,Checkpoint_Alpha,Kinetic Agitation Spike,100.0
2026-09-15 17:12:22,Checkpoint_Alpha,Kinetic Agitation Spike,69.9
2026-09-15 17:12:22,Checkpoint_Alpha,Kinetic Agitation Spike,80.04
2026-09-15 17:12:22,Checkpoint_Alpha,Kinetic Agitation Spike,100.0
2026-09-15 17:12:22,Checkpoint_Alpha,Kinetic Agitation Spike,100.0
2026-09-15 17:12:22,Checkpoint_Alpha,Kinetic Agitation Spike,71.2
2026-09-15 17:12:22,Checkpoint_Alpha,Kinetic Agitation Spike,100.0
2026-09-15 17:12:22,Checkpoint_Alpha,Kinetic Agitation Spike,71.35
2026-09-15 17:12:22,Checkpoint_Alpha,Kinetic Agitation Spike,81.41
2026-09-15 17:12:22,Checkpoint_Alpha,Kinetic Agitation Spike,46.75
2026-09-15 17:12:22,Checkpoint_Alpha,Kinetic Agitation Spike,100.0
2026-09-15 17:12:22,Checkpoint_Alpha,Kinetic Agitation Spike,100.0
2026-09-15 17:12:22,Checkpoint_Alpha,Kinetic Agitation Spike,91.38
2026-09-15 17:12:22,Checkpoint_Alpha,Kinetic Agitation Spike,60.39
2026-09-15 17:12:22,Checkpoint_Alpha,Kinetic Agitation Spike,53.09
2026-09-15 17:12:22,Checkpoint_Alpha,Kinetic Agitation Spike,100.0
2026-09-15 17:12:22,Checkpoint_Alpha,Kinetic Agitation Spike,84.65
2026-09-15 17:12:22,Checkpoint_Alpha,Kinetic Agitation Spike,45.18
2026-09-15 17:12:22,Checkpoint_Alpha,Kinetic Agitation Spike,53.42
2026-09-15 17:12:22,Checkpoint_Alpha,Kinetic Agitation Spike,78.24
2026-09-15 17:12:22,Checkpoint_Alpha,Kinetic Agitation Spike,54.47
2026-09-15 17:12:22,Checkpoint_Alpha,Kinetic Agitation Spike,100.0
2026-09-15 17:12:22,Checkpoint_Alpha,Kinetic Agitation Spike,54.71
2026-09-15 17:12:22,Checkpoint_Alpha,Kinetic Agitation Spike,66.98
2026-09-15 17:12:22,Checkpoint_Alpha,Kinetic Agitation Spike,59.68
2026-09-15 17:12:22,Checkpoint_Alpha,Kinetic Agitation Spike,61.16
2026-09-15 17:12:22,Checkpoint_Alpha,Kinetic Agitation Spike,100.0
2026-09-15 17:12:22,Checkpoint_Alpha,Kinetic Agitation Spike,100.0
2026-09-15 17:12:22,Checkpoint_Alpha,Kinetic Agitation Spike,68.42
2026-09-15 17:12:22,Checkpoint_Alpha,Kinetic Agitation Spike,95.62
2026-09-15 17:12:22,Checkpoint_Alpha,Kinetic Agitation Spike,70.63
2026-09-15 17:12:22,Checkpoint_Alpha,Kinetic Agitation Spike,62.38
2026-09-15 17:12:22,Checkpoint_Alpha,Kinetic Agitation Spike,95.86
2026-09-15 17:12:22,Checkpoint_Alpha,Kinetic Agitation Spike,63.01
2026-09-15 17:12:22,Checkpoint_Alpha,Kinetic Agitation Spike,66.13
2026-09-15 17:12:22,Checkpoint_Alpha,Kinetic Agitation Spike,46.61
2026-09-15 17:12:22,Checkpoint_Alpha,Kinetic Agitation Spike,96.7
2026-09-15 17:12:22,Checkpoint_Alpha,Kinetic Agitation Spike,46.71
2026-09-15 17:12:22,Checkpoint_Alpha,Kinetic Agitation Spike,94.46
2026-09-15 17:12:22,Checkpoint_Alpha,Kinetic Agitation Spike,45.54
2026-09-15 17:12:22,Checkpoint_Alpha,Kinetic Agitation Spike,72.54
2026-09-15 17:12:22,Checkpoint_Alpha,Kinetic Agitation Spike,73.47
2026-09-15 17:12:22,Checkpoint_Alpha,Kinetic Agitation Spike,57.68
2026-09-15 17:12:22,Checkpoint_Alpha,Kinetic Agitation Spike,87.62
2026-09-15 17:12:22,Checkpoint_Alpha,Kinetic Agitation Spike,100.0
2026-09-15 17:12:22,Checkpoint_Alpha,Kinetic Agitation Spike,48.6
2026-09-15 17:12:22,Checkpoint_Alpha,Kinetic Agitation Spike,78.85
2026-09-15 17:12:22,Checkpoint_Alpha,Kinetic Agitation Spike,47.56
2026-09-15 17:12:22,Checkpoint_Alpha,Kinetic Agitation Spike,91.4
2026-09-15 17:12:22,Checkpoint_Alpha,Kinetic Agitation Spike,51.49
2026-09-15 17:12:22,Checkpoint_Alpha,Kinetic Agitation Spike,49.34
2026-09-15 17:12:22,Checkpoint_Alpha,Kinetic Agitation Spike,100.0
2026-09-15 17:12:22,Checkpoint_Alpha,Kinetic Agitation Spike,72.82
2026-09-15 17:12:22,Checkpoint_Alpha,Kinetic Agitation Spike,100.0
2026-09-15 17:12:22,Checkpoint_Alpha,Kinetic Agitation Spike,72.94
2026-09-15 17:12:22,Checkpoint_Alpha,Kinetic Agitation Spike,100.0
2026-09-15 17:12:23,Checkpoint_Alpha,Kinetic Agitation Spike,100.0
2026-09-15 17:12:23,Checkpoint_Alpha,Kinetic Agitation Spike,63.23
2026-09-15 17:12:23,Checkpoint_Alpha,Kinetic Agitation Spike,100.0
2026-09-15 17:12:23,Checkpoint_Alpha,Kinetic Agitation Spike,55.51
2026-09-15 17:12:23,Checkpoint_Alpha,Kinetic Agitation Spike,58.96
2026-09-15 17:12:23,Checkpoint_Alpha,Kinetic Agitation Spike,85.52
2026-09-15 17:12:23,Checkpoint_Alpha,Kinetic Agitation Spike,88.03
2026-09-15 17:12:23,Checkpoint_Alpha,Kinetic Agitation Spike,67.35
2026-09-15 17:12:23,Checkpoint_Alpha,Kinetic Agitation Spike,75.27
2026-09-15 17:12:23,Checkpoint_Alpha,Kinetic Agitation Spike,79.68
2026-09-15 17:12:23,Checkpoint_Alpha,Kinetic Agitation Spike,74.07
2026-09-15 17:12:23,Checkpoint_Alpha,Kinetic Agitation Spike,90.41
2026-09-15 17:12:23,Checkpoint_Alpha,Kinetic Agitation Spike,58.99
2026-09-15 17:12:23,Checkpoint_Alpha,Kinetic Agitation Spike,77.31
2026-09-15 17:12:23,Checkpoint_Alpha,Kinetic Agitation Spike,88.39
2026-09-15 17:12:23,Checkpoint_Alpha,Kinetic Agitation Spike,61.59
2026-09-15 17:12:23,Checkpoint_Alpha,Kinetic Agitation Spike,49.61
2026-09-15 17:12:23,Checkpoint_Alpha,Kinetic Agitation Spike,73.49
2026-09-15 17:12:23,Checkpoint_Alpha,Kinetic Agitation Spike,91.71
2026-09-15 17:12:23,Checkpoint_Alpha,Kinetic Agitation Spike,99.0
2026-09-15 17:12:23,Checkpoint_Alpha,Kinetic Agitation Spike,73.7
2026-09-15 17:12:23,Checkpoint_Alpha,Kinetic Agitation Spike,95.51
2026-09-15 17:12:23,Checkpoint_Alpha,Kinetic Agitation Spike,48.4
2026-09-15 17:12:23,Checkpoint_Alpha,Kinetic Agitation Spike,96.1
2026-09-15 17:12:23,Checkpoint_Alpha,Kinetic Agitation Spike,47.55
2026-09-15 17:12:23,Checkpoint_Alpha,Kinetic Agitation Spike,100.0
2026-09-15 17:12:23,Checkpoint_Alpha,Kinetic Agitation Spike,83.25
2026-09-15 17:12:23,Checkpoint_Alpha,Kinetic Agitation Spike,63.88
2026-09-15 17:12:23,Checkpoint_Alpha,Kinetic Agitation Spike,94.33
2026-09-15 17:12:23,Checkpoint_Alpha,Kinetic Agitation Spike,51.05
2026-09-15 17:12:23,Checkpoint_Alpha,Kinetic Agitation Spike,49.87
2026-09-15 17:12:23,Checkpoint_Alpha,Kinetic Agitation Spike,100.0
2026-09-15 17:12:23,Checkpoint_Alpha,Kinetic Agitation Spike,70.98
2026-09-15 17:12:23,Checkpoint_Alpha,Kinetic Agitation Spike,89.51
2026-09-15 17:12:23,Checkpoint_Alpha,Kinetic Agitation Spike,97.6
2026-09-15 17:12:23,Checkpoint_Alpha,Kinetic Agitation Spike,100.0
2026-09-15 17:12:23,Checkpoint_Alpha,Kinetic Agitation Spike,73.5
2026-09-15 17:12:23,Checkpoint_Alpha,Kinetic Agitation Spike,47.37
2026-09-15 17:12:23,Checkpoint_Alpha,Kinetic Agitation Spike,68.88
2026-09-15 17:12:23,Checkpoint_Alpha,Kinetic Agitation Spike,100.0
2026-09-15 17:12:23,Checkpoint_Alpha,Kinetic Agitation Spike,100.0
2026-09-15 17:12:23,Checkpoint_Alpha,Kinetic Agitation Spike,100.0
2026-09-15 17:12:23,Checkpoint_Alpha,Kinetic Agitation Spike,69.9
2026-09-15 17:12:23,Checkpoint_Alpha,Kinetic Agitation Spike,83.8
2026-09-15 17:12:23,Checkpoint_Alpha,Kinetic Agitation Spike,100.0
2026-09-15 17:12:23,Checkpoint_Alpha,Kinetic Agitation Spike,53.79
2026-09-15 17:12:23,Checkpoint_Alpha,Kinetic Agitation Spike,100.0
2026-09-15 17:12:23,Checkpoint_Alpha,Kinetic Agitation Spike,100.0
2026-09-15 17:12:23,Checkpoint_Alpha,Kinetic Agitation Spike,100.0
2026-09-15 17:12:23,Checkpoint_Alpha,Kinetic Agitation Spike,91.91
2026-09-15 17:12:23,Checkpoint_Alpha,Kinetic Agitation Spike,88.36
2026-09-15 17:12:23,Checkpoint_Alpha,Kinetic Agitation Spike,51.47
2026-09-15 17:12:23,Checkpoint_Alpha,Kinetic Agitation Spike,95.3
2026-09-15 17:12:23,Checkpoint_Alpha,Kinetic Agitation Spike,47.26
2026-09-15 17:12:23,Checkpoint_Alpha,Kinetic Agitation Spike,46.78
2026-09-15 17:12:23,Checkpoint_Alpha,Kinetic Agitation Spike,50.59
2026-09-15 17:12:23,Checkpoint_Alpha,Kinetic Agitation Spike,100.0
2026-09-15 17:12:23,Checkpoint_Alpha,Kinetic Agitation Spike,85.79
2026-09-15 17:12:23,Checkpoint_Alpha,Kinetic Agitation Spike,100.0
2026-09-15 17:12:23,Checkpoint_Alpha,Kinetic Agitation Spike,70.78
2026-09-15 17:12:23,Checkpoint_Alpha,Kinetic Agitation Spike,95.44
2026-09-15 17:12:23,Checkpoint_Alpha,Kinetic Agitation Spike,100.0
2026-09-15 17:12:23,Checkpoint_Alpha,Kinetic Agitation Spike,93.64
2026-09-15 17:12:23,Checkpoint_Alpha,Kinetic Agitation Spike,82.91
2026-09-15 17:12:23,Checkpoint_Alpha,Kinetic Agitation Spike,96.58
2026-09-15 17:12:24,Checkpoint_Alpha,Kinetic Agitation Spike,45.42
2026-09-15 17:12:24,Checkpoint_Alpha,Kinetic Agitation Spike,100.0
2026-09-15 17:12:24,Checkpoint_Alpha,Kinetic Agitation Spike,95.71
2026-09-15 17:12:24,Checkpoint_Alpha,Kinetic Agitation Spike,45.96
2026-09-15 17:12:24,Checkpoint_Alpha,Kinetic Agitation Spike,95.66
2026-09-15 17:12:24,Checkpoint_Alpha,Kinetic Agitation Spike,73.2
2026-09-15 17:12:24,Checkpoint_Alpha,Kinetic Agitation Spike,100.0
2026-09-15 17:12:24,Checkpoint_Alpha,Kinetic Agitation Spike,46.84
2026-09-15 17:12:24,Checkpoint_Alpha,Kinetic Agitation Spike,77.5
2026-09-15 17:12:24,Checkpoint_Alpha,Kinetic Agitation Spike,96.36
2026-09-15 17:12:24,Checkpoint_Alpha,Kinetic Agitation Spike,100.0
2026-09-15 17:12:24,Checkpoint_Alpha,Kinetic Agitation Spike,89.87
2026-09-15 17:12:24,Checkpoint_Alpha,Kinetic Agitation Spike,81.85
2026-09-15 17:12:24,Checkpoint_Alpha,Kinetic Agitation Spike,100.0
2026-09-15 17:12:24,Checkpoint_Alpha,Kinetic Agitation Spike,64.19
2026-09-15 17:12:24,Checkpoint_Alpha,Kinetic Agitation Spike,83.18
2026-09-15 17:12:24,Checkpoint_Alpha,Kinetic Agitation Spike,100.0
2026-09-15 17:12:24,Checkpoint_Alpha,Kinetic Agitation Spike,52.29
2026-09-15 17:12:24,Checkpoint_Alpha,Kinetic Agitation Spike,100.0
2026-09-15 17:12:24,Checkpoint_Alpha,Kinetic Agitation Spike,62.33
2026-09-15 17:12:24,Checkpoint_Alpha,Kinetic Agitation Spike,68.03
2026-09-15 17:12:24,Checkpoint_Alpha,Kinetic Agitation Spike,100.0
2026-09-15 17:12:24,Checkpoint_Alpha,Kinetic Agitation Spike,100.0
2026-09-15 17:12:24,Checkpoint_Alpha,Kinetic Agitation Spike,91.85
2026-09-15 17:12:24,Checkpoint_Alpha,Kinetic Agitation Spike,47.86
2026-09-15 17:12:24,Checkpoint_Alpha,Kinetic Agitation Spike,100.0
2026-09-15 17:12:24,Checkpoint_Alpha,Kinetic Agitation Spike,100.0
2026-09-15 17:12:24,Checkpoint_Alpha,Kinetic Agitation Spike,48.26
2026-09-15 17:12:24,Checkpoint_Alpha,Kinetic Agitation Spike,52.94
2026-09-15 17:12:24,Checkpoint_Alpha,Kinetic Agitation Spike,52.31
2026-09-15 17:12:24,Checkpoint_Alpha,Kinetic Agitation Spike,100.0
2026-09-15 17:12:24,Checkpoint_Alpha,Kinetic Agitation Spike,75.61
2026-09-15 17:12:24,Checkpoint_Alpha,Kinetic Agitation Spike,68.01
2026-09-15 17:12:24,Checkpoint_Alpha,Kinetic Agitation Spike,86.63
2026-09-15 17:12:24,Checkpoint_Alpha,Kinetic Agitation Spike,100.0
2026-09-15 17:12:24,Checkpoint_Alpha,Kinetic Agitation Spike,47.74
2026-09-15 17:12:24,Checkpoint_Alpha,Kinetic Agitation Spike,81.14
2026-09-15 17:12:24,Checkpoint_Alpha,Kinetic Agitation Spike,78.51
2026-09-15 17:12:24,Checkpoint_Alpha,Kinetic Agitation Spike,99.64
2026-09-15 17:12:24,Checkpoint_Alpha,Kinetic Agitation Spike,48.86
2026-09-15 17:12:24,Checkpoint_Alpha,Kinetic Agitation Spike,50.22
2026-09-15 17:12:24,Checkpoint_Alpha,Kinetic Agitation Spike,95.47
2026-09-15 17:12:24,Checkpoint_Alpha,Kinetic Agitation Spike,93.4
2026-09-15 17:12:24,Checkpoint_Alpha,Kinetic Agitation Spike,100.0
2026-09-15 17:12:24,Checkpoint_Alpha,Kinetic Agitation Spike,100.0
2026-09-15 17:12:24,Checkpoint_Alpha,Kinetic Agitation Spike,55.86
2026-09-15 17:12:24,Checkpoint_Alpha,Kinetic Agitation Spike,91.07
2026-09-15 17:12:24,Checkpoint_Alpha,Kinetic Agitation Spike,69.61
2026-09-15 17:12:24,Checkpoint_Alpha,Kinetic Agitation Spike,65.99
2026-09-15 17:12:24,Checkpoint_Alpha,Kinetic Agitation Spike,100.0
2026-09-15 17:12:24,Checkpoint_Alpha,Kinetic Agitation Spike,56.88
2026-09-15 17:12:24,Checkpoint_Alpha,Kinetic Agitation Spike,62.24
2026-09-15 17:12:24,Checkpoint_Alpha,Kinetic Agitation Spike,57.45
2026-09-15 17:12:24,Checkpoint_Alpha,Kinetic Agitation Spike,96.9
2026-09-15 17:12:24,Checkpoint_Alpha,Kinetic Agitation Spike,93.16
2026-09-15 17:12:24,Checkpoint_Alpha,Kinetic Agitation Spike,48.56
2026-09-15 17:12:24,Checkpoint_Alpha,Kinetic Agitation Spike,81.63
2026-09-15 17:12:24,Checkpoint_Alpha,Kinetic Agitation Spike,98.1
2026-09-15 17:12:24,Checkpoint_Alpha,Kinetic Agitation Spike,57.94
2026-09-15 17:12:24,Checkpoint_Alpha,Kinetic Agitation Spike,100.0
2026-09-15 17:12:24,Checkpoint_Alpha,Kinetic Agitation Spike,60.6
2026-09-15 17:12:24,Checkpoint_Alpha,Kinetic Agitation Spike,68.56
2026-09-15 17:12:24,Checkpoint_Alpha,Kinetic Agitation Spike,46.69
2026-09-15 17:12:24,Checkpoint_Alpha,Kinetic Agitation Spike,60.47
2026-09-15 17:12:24,Checkpoint_Alpha,Kinetic Agitation Spike,93.28
2026-09-15 17:12:24,Checkpoint_Alpha,Kinetic Agitation Spike,56.21
2026-09-15 17:12:24,Checkpoint_Alpha,Kinetic Agitation Spike,61.43
2026-09-15 17:12:24,Checkpoint_Alpha,Kinetic Agitation Spike,97.04
2026-09-15 17:12:24,Checkpoint_Alpha,Kinetic Agitation Spike,79.92
2026-09-15 17:12:24,Checkpoint_Alpha,Kinetic Agitation Spike,48.73
2026-09-15 17:12:24,Checkpoint_Alpha,Kinetic Agitation Spike,100.0
2026-09-15 17:12:24,Checkpoint_Alpha,Kinetic Agitation Spike,94.45
2026-09-15 17:12:24,Checkpoint_Alpha,Kinetic Agitation Spike,100.0
2026-09-15 17:12:24,Checkpoint_Alpha,Kinetic Agitation Spike,51.34
2026-09-15 17:12:25,Checkpoint_Alpha,Kinetic Agitation Spike,84.96
2026-09-15 17:12:25,Checkpoint_Alpha,Kinetic Agitation Spike,86.15
2026-09-15 17:12:25,Checkpoint_Alpha,Kinetic Agitation Spike,57.08
2026-09-15 17:12:25,Checkpoint_Alpha,Kinetic Agitation Spike,65.04
2026-09-15 17:12:25,Checkpoint_Alpha,Kinetic Agitation Spike,100.0
2026-09-15 17:12:25,Checkpoint_Alpha,Kinetic Agitation Spike,100.0
2026-09-15 17:12:25,Checkpoint_Alpha,Kinetic Agitation Spike,75.11
2026-09-15 17:12:25,Checkpoint_Alpha,Kinetic Agitation Spike,57.64
2026-09-15 17:12:25,Checkpoint_Alpha,Kinetic Agitation Spike,66.26
2026-09-15 17:12:25,Checkpoint_Alpha,Kinetic Agitation Spike,76.26
2026-09-15 17:12:25,Checkpoint_Alpha,Kinetic Agitation Spike,54.51
2026-09-15 17:12:25,Checkpoint_Alpha,Kinetic Agitation Spike,45.42
2026-09-15 17:12:25,Checkpoint_Alpha,Kinetic Agitation Spike,100.0
2026-09-15 17:12:25,Checkpoint_Alpha,Kinetic Agitation Spike,65.51
2026-09-15 17:12:25,Checkpoint_Alpha,Kinetic Agitation Spike,49.39
2026-09-15 17:12:25,Checkpoint_Alpha,Kinetic Agitation Spike,47.3
2026-09-15 17:12:25,Checkpoint_Alpha,Kinetic Agitation Spike,47.88
2026-09-15 17:12:25,Checkpoint_Alpha,Kinetic Agitation Spike,61.52
2026-09-15 17:12:25,Checkpoint_Alpha,Kinetic Agitation Spike,100.0
2026-09-15 17:12:25,Checkpoint_Alpha,Kinetic Agitation Spike,73.78
2026-09-15 17:12:25,Checkpoint_Alpha,Kinetic Agitation Spike,55.55
2026-09-15 17:12:25,Checkpoint_Alpha,Kinetic Agitation Spike,58.37
2026-09-15 17:12:25,Checkpoint_Alpha,Kinetic Agitation Spike,58.59
2026-09-15 17:12:25,Checkpoint_Alpha,Kinetic Agitation Spike,96.81
2026-09-15 17:12:25,Checkpoint_Alpha,Kinetic Agitation Spike,68.49
2026-09-15 17:12:25,Checkpoint_Alpha,Kinetic Agitation Spike,56.32
2026-09-15 17:12:25,Checkpoint_Alpha,Kinetic Agitation Spike,68.26
2026-09-15 17:12:25,Checkpoint_Alpha,Kinetic Agitation Spike,67.06
2026-09-15 17:12:25,Checkpoint_Alpha,Kinetic Agitation Spike,100.0
2026-09-15 17:12:25,Checkpoint_Alpha,Kinetic Agitation Spike,86.45
2026-09-15 17:12:25,Checkpoint_Alpha,Kinetic Agitation Spike,56.82
2026-09-15 17:12:25,Checkpoint_Alpha,Kinetic Agitation Spike,100.0
2026-09-15 17:12:25,Checkpoint_Alpha,Kinetic Agitation Spike,100.0
2026-09-15 17:12:25,Checkpoint_Alpha,Kinetic Agitation Spike,91.43
2026-09-15 17:12:25,Checkpoint_Alpha,Kinetic Agitation Spike,54.67
2026-09-15 17:12:25,Checkpoint_Alpha,Kinetic Agitation Spike,58.37
2026-09-15 17:12:25,Checkpoint_Alpha,Kinetic Agitation Spike,54.31
2026-09-15 17:12:25,Checkpoint_Alpha,Kinetic Agitation Spike,94.53
2026-09-15 17:12:25,Checkpoint_Alpha,Kinetic Agitation Spike,100.0
2026-09-15 17:12:25,Checkpoint_Alpha,Kinetic Agitation Spike,100.0
2026-09-15 17:12:25,Checkpoint_Alpha,Kinetic Agitation Spike,71.7
2026-09-15 17:12:25,Checkpoint_Alpha,Kinetic Agitation Spike,54.89
2026-09-15 17:12:25,Checkpoint_Alpha,Kinetic Agitation Spike,56.79
2026-09-15 17:12:25,Checkpoint_Alpha,Kinetic Agitation Spike,49.29
2026-09-15 17:12:25,Checkpoint_Alpha,Kinetic Agitation Spike,100.0
2026-09-15 17:12:25,Checkpoint_Alpha,Kinetic Agitation Spike,83.65
2026-09-15 17:12:25,Checkpoint_Alpha,Kinetic Agitation Spike,100.0
2026-09-15 17:12:25,Checkpoint_Alpha,Kinetic Agitation Spike,45.29
2026-09-15 17:12:25,Checkpoint_Alpha,Kinetic Agitation Spike,81.46
2026-09-15 17:12:25,Checkpoint_Alpha,Kinetic Agitation Spike,100.0
2026-09-15 17:12:25,Checkpoint_Alpha,Kinetic Agitation Spike,59.1
2026-09-15 17:12:25,Checkpoint_Alpha,Kinetic Agitation Spike,100.0
2026-09-15 17:12:25,Checkpoint_Alpha,Kinetic Agitation Spike,49.31
2026-09-15 17:12:25,Checkpoint_Alpha,Kinetic Agitation Spike,100.0
2026-09-15 17:12:25,Checkpoint_Alpha,Kinetic Agitation Spike,54.64
2026-09-15 17:12:25,Checkpoint_Alpha,Kinetic Agitation Spike,89.12
2026-09-15 17:12:25,Checkpoint_Alpha,Kinetic Agitation Spike,60.3
2026-09-15 17:12:25,Checkpoint_Alpha,Kinetic Agitation Spike,71.59
2026-09-15 17:12:25,Checkpoint_Alpha,Kinetic Agitation Spike,56.07
2026-09-15 17:12:25,Checkpoint_Alpha,Kinetic Agitation Spike,100.0
2026-09-15 17:12:26,Checkpoint_Alpha,Kinetic Agitation Spike,52.98
2026-09-15 17:12:26,Checkpoint_Alpha,Kinetic Agitation Spike,100.0
2026-09-15 17:12:26,Checkpoint_Alpha,Kinetic Agitation Spike,76.19
2026-09-15 17:12:26,Checkpoint_Alpha,Kinetic Agitation Spike,47.37
2026-09-15 17:12:26,Checkpoint_Alpha,Kinetic Agitation Spike,46.15
2026-09-15 17:12:26,Checkpoint_Alpha,Kinetic Agitation Spike,46.14
2026-09-15 17:12:26,Checkpoint_Alpha,Kinetic Agitation Spike,79.79
2026-09-15 17:12:26,Checkpoint_Alpha,Kinetic Agitation Spike,47.47
2026-09-15 17:12:26,Checkpoint_Alpha,Kinetic Agitation Spike,50.75
2026-09-15 17:12:26,Checkpoint_Alpha,Kinetic Agitation Spike,61.09
2026-09-15 17:12:26,Checkpoint_Alpha,Kinetic Agitation Spike,46.41
2026-09-15 17:12:26,Checkpoint_Alpha,Kinetic Agitation Spike,100.0
2026-09-15 17:12:26,Checkpoint_Alpha,Kinetic Agitation Spike,75.27
2026-09-15 17:12:26,Checkpoint_Alpha,Kinetic Agitation Spike,100.0
2026-09-15 17:12:26,Checkpoint_Alpha,Kinetic Agitation Spike,47.97
2026-09-15 17:12:26,Checkpoint_Alpha,Kinetic Agitation Spike,100.0
2026-09-15 17:12:26,Checkpoint_Alpha,Kinetic Agitation Spike,100.0
2026-09-15 17:12:26,Checkpoint_Alpha,Kinetic Agitation Spike,71.85
2026-09-15 17:12:26,Checkpoint_Alpha,Kinetic Agitation Spike,82.28
2026-09-15 17:12:26,Checkpoint_Alpha,Kinetic Agitation Spike,100.0
2026-09-15 17:12:26,Checkpoint_Alpha,Kinetic Agitation Spike,58.36
2026-09-15 17:12:26,Checkpoint_Alpha,Kinetic Agitation Spike,100.0
2026-09-15 17:12:26,Checkpoint_Alpha,Kinetic Agitation Spike,59.09
2026-09-15 17:12:26,Checkpoint_Alpha,Kinetic Agitation Spike,53.15
2026-09-15 17:12:26,Checkpoint_Alpha,Kinetic Agitation Spike,63.02
2026-09-15 17:12:26,Checkpoint_Alpha,Kinetic Agitation Spike,59.79
2026-09-15 17:12:26,Checkpoint_Alpha,Kinetic Agitation Spike,89.74
2026-09-15 17:12:26,Checkpoint_Alpha,Kinetic Agitation Spike,94.77
2026-09-15 17:12:26,Checkpoint_Alpha,Kinetic Agitation Spike,100.0
2026-09-15 17:12:26,Checkpoint_Alpha,Kinetic Agitation Spike,100.0
2026-09-15 17:12:26,Checkpoint_Alpha,Kinetic Agitation Spike,58.26
2026-09-15 17:12:26,Checkpoint_Alpha,Kinetic Agitation Spike,100.0
2026-09-15 17:12:26,Checkpoint_Alpha,Kinetic Agitation Spike,100.0
2026-09-15 17:12:26,Checkpoint_Alpha,Kinetic Agitation Spike,47.02
2026-09-15 17:12:26,Checkpoint_Alpha,Kinetic Agitation Spike,52.29
2026-09-15 17:12:26,Checkpoint_Alpha,Kinetic Agitation Spike,100.0
2026-09-15 17:12:26,Checkpoint_Alpha,Kinetic Agitation Spike,52.22
2026-09-15 17:12:26,Checkpoint_Alpha,Kinetic Agitation Spike,100.0
2026-09-15 17:12:26,Checkpoint_Alpha,Kinetic Agitation Spike,84.62
2026-09-15 17:12:26,Checkpoint_Alpha,Kinetic Agitation Spike,100.0
2026-09-15 17:12:26,Checkpoint_Alpha,Kinetic Agitation Spike,57.78
2026-09-15 17:12:26,Checkpoint_Alpha,Kinetic Agitation Spike,86.03
2026-09-15 17:12:26,Checkpoint_Alpha,Kinetic Agitation Spike,54.48
2026-09-15 17:12:26,Checkpoint_Alpha,Kinetic Agitation Spike,100.0
2026-09-15 17:12:26,Checkpoint_Alpha,Kinetic Agitation Spike,93.87
2026-09-15 17:12:26,Checkpoint_Alpha,Kinetic Agitation Spike,59.09
2026-09-15 17:12:26,Checkpoint_Alpha,Kinetic Agitation Spike,80.89
2026-09-15 17:12:26,Checkpoint_Alpha,Kinetic Agitation Spike,100.0
2026-09-15 17:12:26,Checkpoint_Alpha,Kinetic Agitation Spike,100.0
2026-09-15 17:12:26,Checkpoint_Alpha,Kinetic Agitation Spike,45.86
2026-09-15 17:12:26,Checkpoint_Alpha,Kinetic Agitation Spike,80.38
2026-09-15 17:12:26,Checkpoint_Alpha,Kinetic Agitation Spike,100.0
2026-09-15 17:12:26,Checkpoint_Alpha,Kinetic Agitation Spike,97.28
2026-09-15 17:12:26,Checkpoint_Alpha,Kinetic Agitation Spike,61.86
2026-09-15 17:12:26,Checkpoint_Alpha,Kinetic Agitation Spike,100.0
2026-09-15 17:12:26,Checkpoint_Alpha,Kinetic Agitation Spike,47.66
2026-09-15 17:12:26,Checkpoint_Alpha,Kinetic Agitation Spike,100.0
2026-09-15 17:12:26,Checkpoint_Alpha,Kinetic Agitation Spike,100.0
2026-09-15 17:12:26,Checkpoint_Alpha,Kinetic Agitation Spike,88.04
2026-09-15 17:12:26,Checkpoint_Alpha,Kinetic Agitation Spike,79.87
2026-09-15 17:12:26,Checkpoint_Alpha,Kinetic Agitation Spike,95.54
2026-09-15 17:12:26,Checkpoint_Alpha,Kinetic Agitation Spike,56.75
2026-09-15 17:12:26,Checkpoint_Alpha,Kinetic Agitation Spike,74.71
2026-09-15 17:12:26,Checkpoint_Alpha,Kinetic Agitation Spike,96.27
2026-09-15 17:12:26,Checkpoint_Alpha,Kinetic Agitation Spike,62.91
2026-09-15 17:12:26,Checkpoint_Alpha,Kinetic Agitation Spike,75.28
2026-09-15 17:12:26,Checkpoint_Alpha,Kinetic Agitation Spike,100.0
2026-09-15 17:12:26,Checkpoint_Alpha,Kinetic Agitation Spike,100.0
2026-09-15 17:12:26,Checkpoint_Alpha,Kinetic Agitation Spike,98.28
2026-09-15 17:12:26,Checkpoint_Alpha,Kinetic Agitation Spike,46.96
2026-09-15 17:12:26,Checkpoint_Alpha,Kinetic Agitation Spike,64.27
2026-09-15 17:12:26,Checkpoint_Alpha,Kinetic Agitation Spike,100.0
2026-09-15 17:12:26,Checkpoint_Alpha,Kinetic Agitation Spike,47.2
2026-09-15 17:12:26,Checkpoint_Alpha,Kinetic Agitation Spike,91.65
2026-09-15 17:12:26,Checkpoint_Alpha,Kinetic Agitation Spike,65.15
2026-09-15 17:12:26,Checkpoint_Alpha,Kinetic Agitation Spike,82.57
2026-09-15 17:12:27,Checkpoint_Alpha,Kinetic Agitation Spike,57.76
2026-09-15 17:12:27,Checkpoint_Alpha,Kinetic Agitation Spike,100.0
2026-09-15 17:12:27,Checkpoint_Alpha,Kinetic Agitation Spike,65.25
2026-09-15 17:12:27,Checkpoint_Alpha,Kinetic Agitation Spike,66.43
2026-09-15 17:12:27,Checkpoint_Alpha,Kinetic Agitation Spike,97.41
2026-09-15 17:12:27,Checkpoint_Alpha,Kinetic Agitation Spike,50.48
2026-09-15 17:12:27,Checkpoint_Alpha,Kinetic Agitation Spike,89.45
2026-09-15 17:12:27,Checkpoint_Alpha,Kinetic Agitation Spike,52.44
2026-09-15 17:12:27,Checkpoint_Alpha,Kinetic Agitation Spike,76.71
2026-09-15 17:12:27,Checkpoint_Alpha,Kinetic Agitation Spike,55.58
2026-09-15 17:12:27,Checkpoint_Alpha,Kinetic Agitation Spike,47.02
2026-09-15 17:12:27,Checkpoint_Alpha,Kinetic Agitation Spike,74.89
2026-09-15 17:12:27,Checkpoint_Alpha,Kinetic Agitation Spike,56.44
2026-09-15 17:12:27,Checkpoint_Alpha,Kinetic Agitation Spike,89.85
2026-09-15 17:12:27,Checkpoint_Alpha,Kinetic Agitation Spike,81.84
2026-09-15 17:12:27,Checkpoint_Alpha,Kinetic Agitation Spike,83.14
2026-09-15 17:12:27,Checkpoint_Alpha,Kinetic Agitation Spike,96.6
2026-09-15 17:12:27,Checkpoint_Alpha,Kinetic Agitation Spike,72.31
2026-09-15 17:12:27,Checkpoint_Alpha,Kinetic Agitation Spike,51.26
2026-09-15 17:12:27,Checkpoint_Alpha,Kinetic Agitation Spike,45.66
2026-09-15 17:12:27,Checkpoint_Alpha,Kinetic Agitation Spike,69.62
2026-09-15 17:12:27,Checkpoint_Alpha,Kinetic Agitation Spike,100.0
2026-09-15 17:12:27,Checkpoint_Alpha,Kinetic Agitation Spike,64.02
2026-09-15 17:12:27,Checkpoint_Alpha,Kinetic Agitation Spike,71.47
2026-09-15 17:12:27,Checkpoint_Alpha,Kinetic Agitation Spike,45.35
2026-09-15 17:12:27,Checkpoint_Alpha,Kinetic Agitation Spike,69.2
2026-09-15 17:12:27,Checkpoint_Alpha,Kinetic Agitation Spike,76.62
2026-09-15 17:12:27,Checkpoint_Alpha,Kinetic Agitation Spike,56.83
2026-09-15 17:12:27,Checkpoint_Alpha,Kinetic Agitation Spike,60.09
2026-09-15 17:12:27,Checkpoint_Alpha,Kinetic Agitation Spike,100.0
2026-09-15 17:12:27,Checkpoint_Alpha,Kinetic Agitation Spike,45.85
2026-09-15 17:12:27,Checkpoint_Alpha,Kinetic Agitation Spike,77.27
2026-09-15 17:12:27,Checkpoint_Alpha,Kinetic Agitation Spike,66.93
2026-09-15 17:12:27,Checkpoint_Alpha,Kinetic Agitation Spike,76.46
2026-09-15 17:12:27,Checkpoint_Alpha,Kinetic Agitation Spike,100.0
2026-09-15 17:12:27,Checkpoint_Alpha,Kinetic Agitation Spike,75.78
2026-09-15 17:12:27,Checkpoint_Alpha,Kinetic Agitation Spike,45.02
2026-09-15 17:12:27,Checkpoint_Alpha,Kinetic Agitation Spike,49.43
2026-09-15 17:12:27,Checkpoint_Alpha,Kinetic Agitation Spike,100.0
2026-09-15 17:12:27,Checkpoint_Alpha,Kinetic Agitation Spike,51.6
2026-09-15 17:12:27,Checkpoint_Alpha,Kinetic Agitation Spike,63.65
2026-09-15 17:12:27,Checkpoint_Alpha,Kinetic Agitation Spike,69.61
2026-09-15 17:12:27,Checkpoint_Alpha,Kinetic Agitation Spike,54.78
2026-09-15 17:12:27,Checkpoint_Alpha,Kinetic Agitation Spike,89.32
2026-09-15 17:12:27,Checkpoint_Alpha,Kinetic Agitation Spike,96.38
2026-09-15 17:12:27,Checkpoint_Alpha,Kinetic Agitation Spike,45.72
2026-09-15 17:12:27,Checkpoint_Alpha,Kinetic Agitation Spike,82.3
2026-09-15 17:12:27,Checkpoint_Alpha,Kinetic Agitation Spike,100.0
2026-09-15 17:12:27,Checkpoint_Alpha,Kinetic Agitation Spike,53.93
2026-09-15 17:12:27,Checkpoint_Alpha,Kinetic Agitation Spike,78.53
2026-09-15 17:12:27,Checkpoint_Alpha,Kinetic Agitation Spike,48.93
2026-09-15 17:12:27,Checkpoint_Alpha,Kinetic Agitation Spike,100.0
2026-09-15 17:12:27,Checkpoint_Alpha,Kinetic Agitation Spike,100.0
2026-09-15 17:12:27,Checkpoint_Alpha,Kinetic Agitation Spike,53.65
2026-09-15 17:12:27,Checkpoint_Alpha,Kinetic Agitation Spike,100.0
2026-09-15 17:12:27,Checkpoint_Alpha,Kinetic Agitation Spike,58.06
2026-09-15 17:12:28,Checkpoint_Alpha,Kinetic Agitation Spike,51.25
2026-09-15 17:12:28,Checkpoint_Alpha,Kinetic Agitation Spike,71.83
2026-09-15 17:12:28,Checkpoint_Alpha,Kinetic Agitation Spike,78.13
2026-09-15 17:12:28,Checkpoint_Alpha,Kinetic Agitation Spike,50.46
2026-09-15 17:12:28,Checkpoint_Alpha,Kinetic Agitation Spike,69.5
2026-09-15 17:12:28,Checkpoint_Alpha,Kinetic Agitation Spike,47.95
2026-09-15 17:12:28,Checkpoint_Alpha,Kinetic Agitation Spike,92.19
2026-09-15 17:12:28,Checkpoint_Alpha,Kinetic Agitation Spike,100.0
2026-09-15 17:12:28,Checkpoint_Alpha,Kinetic Agitation Spike,96.04
2026-09-15 17:12:28,Checkpoint_Alpha,Kinetic Agitation Spike,57.05
2026-09-15 17:12:28,Checkpoint_Alpha,Kinetic Agitation Spike,100.0
2026-09-15 17:12:28,Checkpoint_Alpha,Kinetic Agitation Spike,83.91
2026-09-15 17:12:28,Checkpoint_Alpha,Kinetic Agitation Spike,80.19
2026-09-15 17:12:28,Checkpoint_Alpha,Kinetic Agitation Spike,67.64
2026-09-15 17:12:28,Checkpoint_Alpha,Kinetic Agitation Spike,78.28
2026-09-15 17:12:28,Checkpoint_Alpha,Kinetic Agitation Spike,87.64
2026-09-15 17:12:28,Checkpoint_Alpha,Kinetic Agitation Spike,100.0
2026-09-15 17:12:28,Checkpoint_Alpha,Kinetic Agitation Spike,59.26
2026-09-15 17:12:28,Checkpoint_Alpha,Kinetic Agitation Spike,60.68
2026-09-15 17:12:28,Checkpoint_Alpha,Kinetic Agitation Spike,53.17
2026-09-15 17:12:28,Checkpoint_Alpha,Kinetic Agitation Spike,100.0
2026-09-15 17:12:28,Checkpoint_Alpha,Kinetic Agitation Spike,97.45
2026-09-15 17:12:28,Checkpoint_Alpha,Kinetic Agitation Spike,100.0
2026-09-15 17:12:28,Checkpoint_Alpha,Kinetic Agitation Spike,91.48
2026-09-15 17:12:28,Checkpoint_Alpha,Kinetic Agitation Spike,80.1
2026-09-15 17:12:28,Checkpoint_Alpha,Kinetic Agitation Spike,96.93
2026-09-15 17:12:28,Checkpoint_Alpha,Kinetic Agitation Spike,100.0
2026-09-15 17:12:28,Checkpoint_Alpha,Kinetic Agitation Spike,100.0
2026-09-15 17:12:28,Checkpoint_Alpha,Kinetic Agitation Spike,51.55
2026-09-15 17:12:28,Checkpoint_Alpha,Kinetic Agitation Spike,57.15
2026-09-15 17:12:28,Checkpoint_Alpha,Kinetic Agitation Spike,48.87
2026-09-15 17:12:28,Checkpoint_Alpha,Kinetic Agitation Spike,73.26
2026-09-15 17:12:28,Checkpoint_Alpha,Kinetic Agitation Spike,56.08
2026-09-15 17:12:28,Checkpoint_Alpha,Kinetic Agitation Spike,71.18
2026-09-15 17:12:28,Checkpoint_Alpha,Kinetic Agitation Spike,81.44
2026-09-15 17:12:28,Checkpoint_Alpha,Kinetic Agitation Spike,82.82
2026-09-15 17:12:28,Checkpoint_Alpha,Kinetic Agitation Spike,46.02
2026-09-15 17:12:28,Checkpoint_Alpha,Kinetic Agitation Spike,100.0
2026-09-15 17:12:28,Checkpoint_Alpha,Kinetic Agitation Spike,61.88
2026-09-15 17:12:28,Checkpoint_Alpha,Kinetic Agitation Spike,63.38
2026-09-15 17:12:28,Checkpoint_Alpha,Kinetic Agitation Spike,61.89
2026-09-15 17:12:28,Checkpoint_Alpha,Kinetic Agitation Spike,79.04
2026-09-15 17:12:28,Checkpoint_Alpha,Kinetic Agitation Spike,55.48
2026-09-15 17:12:28,Checkpoint_Alpha,Kinetic Agitation Spike,73.33
2026-09-15 17:12:28,Checkpoint_Alpha,Kinetic Agitation Spike,77.24
2026-09-15 17:12:28,Checkpoint_Alpha,Kinetic Agitation Spike,60.63
2026-09-15 17:12:28,Checkpoint_Alpha,Kinetic Agitation Spike,54.63
2026-09-15 17:12:28,Checkpoint_Alpha,Kinetic Agitation Spike,59.3
2026-09-15 17:12:28,Checkpoint_Alpha,Kinetic Agitation Spike,53.09
2026-09-15 17:12:28,Checkpoint_Alpha,Kinetic Agitation Spike,90.9
2026-09-15 17:12:28,Checkpoint_Alpha,Kinetic Agitation Spike,59.82
2026-09-15 17:12:28,Checkpoint_Alpha,Kinetic Agitation Spike,100.0
2026-09-15 17:12:28,Checkpoint_Alpha,Kinetic Agitation Spike,58.8
2026-09-15 17:12:28,Checkpoint_Alpha,Kinetic Agitation Spike,69.82
2026-09-15 17:12:28,Checkpoint_Alpha,Kinetic Agitation Spike,100.0
2026-09-15 17:12:28,Checkpoint_Alpha,Kinetic Agitation Spike,100.0
2026-09-15 17:12:28,Checkpoint_Alpha,Kinetic Agitation Spike,73.08
2026-09-15 17:12:28,Checkpoint_Alpha,Kinetic Agitation Spike,62.3
2026-09-15 17:12:28,Checkpoint_Alpha,Kinetic Agitation Spike,100.0
2026-09-15 17:12:28,Checkpoint_Alpha,Kinetic Agitation Spike,71.16
2026-09-15 17:12:28,Checkpoint_Alpha,Kinetic Agitation Spike,45.91
2026-09-15 17:12:28,Checkpoint_Alpha,Kinetic Agitation Spike,60.91
2026-09-15 17:12:28,Checkpoint_Alpha,Kinetic Agitation Spike,69.71
2026-09-15 17:12:28,Checkpoint_Alpha,Kinetic Agitation Spike,100.0
2026-09-15 17:12:28,Checkpoint_Alpha,Kinetic Agitation Spike,50.64
2026-09-15 17:12:28,Checkpoint_Alpha,Kinetic Agitation Spike,100.0
2026-09-15 17:12:28,Checkpoint_Alpha,Kinetic Agitation Spike,73.5
2026-09-15 17:12:28,Checkpoint_Alpha,Kinetic Agitation Spike,65.34
2026-09-15 17:12:28,Checkpoint_Alpha,Kinetic Agitation Spike,71.58
2026-09-15 17:12:28,Checkpoint_Alpha,Kinetic Agitation Spike,49.6
2026-09-15 17:12:28,Checkpoint_Alpha,Kinetic Agitation Spike,53.96
2026-09-15 17:12:28,Checkpoint_Alpha,Kinetic Agitation Spike,46.24
2026-09-15 17:12:28,Checkpoint_Alpha,Kinetic Agitation Spike,96.04
2026-09-15 17:12:28,Checkpoint_Alpha,Kinetic Agitation Spike,86.96
2026-09-15 17:12:28,Checkpoint_Alpha,Kinetic Agitation Spike,87.21
2026-09-15 17:12:28,Checkpoint_Alpha,Kinetic Agitation Spike,56.04
2026-09-15 17:12:28,Checkpoint_Alpha,Kinetic Agitation Spike,87.22
2026-09-15 17:12:29,Checkpoint_Alpha,Kinetic Agitation Spike,45.73
2026-09-15 17:12:29,Checkpoint_Alpha,Kinetic Agitation Spike,52.95
2026-09-15 17:12:29,Checkpoint_Alpha,Kinetic Agitation Spike,82.51
2026-09-15 17:12:29,Checkpoint_Alpha,Kinetic Agitation Spike,53.14
2026-09-15 17:12:29,Checkpoint_Alpha,Kinetic Agitation Spike,81.82
2026-09-15 17:12:29,Checkpoint_Alpha,Kinetic Agitation Spike,88.98
2026-09-15 17:12:29,Checkpoint_Alpha,Kinetic Agitation Spike,47.33
2026-09-15 17:12:29,Checkpoint_Alpha,Kinetic Agitation Spike,46.61
2026-09-15 17:12:29,Checkpoint_Alpha,Kinetic Agitation Spike,72.25
2026-09-15 17:12:29,Checkpoint_Alpha,Kinetic Agitation Spike,100.0
2026-09-15 17:12:29,Checkpoint_Alpha,Kinetic Agitation Spike,52.97
2026-09-15 17:12:29,Checkpoint_Alpha,Kinetic Agitation Spike,60.71
2026-09-15 17:12:29,Checkpoint_Alpha,Kinetic Agitation Spike,52.37
2026-09-15 17:12:29,Checkpoint_Alpha,Kinetic Agitation Spike,88.93
2026-09-15 17:12:29,Checkpoint_Alpha,Kinetic Agitation Spike,95.93
2026-09-15 17:12:29,Checkpoint_Alpha,Kinetic Agitation Spike,48.79
2026-09-15 17:12:29,Checkpoint_Alpha,Kinetic Agitation Spike,100.0
2026-09-15 17:12:29,Checkpoint_Alpha,Kinetic Agitation Spike,57.13
2026-09-15 17:12:29,Checkpoint_Alpha,Kinetic Agitation Spike,56.35
2026-09-15 17:12:29,Checkpoint_Alpha,Kinetic Agitation Spike,62.31
2026-09-15 17:12:29,Checkpoint_Alpha,Kinetic Agitation Spike,100.0
2026-09-15 17:12:29,Checkpoint_Alpha,Kinetic Agitation Spike,53.15
2026-09-15 17:12:29,Checkpoint_Alpha,Kinetic Agitation Spike,78.73
2026-09-15 17:12:29,Checkpoint_Alpha,Kinetic Agitation Spike,55.07
2026-09-15 17:12:29,Checkpoint_Alpha,Kinetic Agitation Spike,52.09
2026-09-15 17:12:29,Checkpoint_Alpha,Kinetic Agitation Spike,88.65
2026-09-15 17:12:29,Checkpoint_Alpha,Kinetic Agitation Spike,60.48
2026-09-15 17:12:29,Checkpoint_Alpha,Kinetic Agitation Spike,71.55
2026-09-15 17:12:29,Checkpoint_Alpha,Kinetic Agitation Spike,89.07
2026-09-15 17:12:29,Checkpoint_Alpha,Kinetic Agitation Spike,100.0
2026-09-15 17:12:29,Checkpoint_Alpha,Kinetic Agitation Spike,66.36
2026-09-15 17:12:29,Checkpoint_Alpha,Kinetic Agitation Spike,53.74
2026-09-15 17:12:29,Checkpoint_Alpha,Kinetic Agitation Spike,53.7
2026-09-15 17:12:29,Checkpoint_Alpha,Kinetic Agitation Spike,63.72
2026-09-15 17:12:29,Checkpoint_Alpha,Kinetic Agitation Spike,77.03
2026-09-15 17:12:29,Checkpoint_Alpha,Kinetic Agitation Spike,95.26
2026-09-15 17:12:29,Checkpoint_Alpha,Kinetic Agitation Spike,83.75
2026-09-15 17:12:29,Checkpoint_Alpha,Kinetic Agitation Spike,88.06
2026-09-15 17:12:29,Checkpoint_Alpha,Kinetic Agitation Spike,51.91
2026-09-15 17:12:29,Checkpoint_Alpha,Kinetic Agitation Spike,55.17
2026-09-15 17:12:29,Checkpoint_Alpha,Kinetic Agitation Spike,61.83
2026-09-15 17:12:29,Checkpoint_Alpha,Kinetic Agitation Spike,53.34
2026-09-15 17:12:29,Checkpoint_Alpha,Kinetic Agitation Spike,81.9
2026-09-15 17:12:29,Checkpoint_Alpha,Kinetic Agitation Spike,73.66
2026-09-15 17:12:29,Checkpoint_Alpha,Kinetic Agitation Spike,93.7
2026-09-15 17:12:29,Checkpoint_Alpha,Kinetic Agitation Spike,49.7
2026-09-15 17:12:29,Checkpoint_Alpha,Kinetic Agitation Spike,54.08
2026-09-15 17:12:29,Checkpoint_Alpha,Kinetic Agitation Spike,54.77
2026-09-15 17:12:29,Checkpoint_Alpha,Kinetic Agitation Spike,78.13
2026-09-15 17:12:29,Checkpoint_Alpha,Kinetic Agitation Spike,84.07
2026-09-15 17:12:29,Checkpoint_Alpha,Kinetic Agitation Spike,49.83
2026-09-15 17:12:29,Checkpoint_Alpha,Kinetic Agitation Spike,84.44
2026-09-15 17:12:29,Checkpoint_Alpha,Kinetic Agitation Spike,70.52
2026-09-15 17:12:29,Checkpoint_Alpha,Kinetic Agitation Spike,58.8
2026-09-15 17:12:29,Checkpoint_Alpha,Kinetic Agitation Spike,100.0
2026-09-15 17:12:29,Checkpoint_Alpha,Kinetic Agitation Spike,80.99
2026-09-15 17:12:29,Checkpoint_Alpha,Kinetic Agitation Spike,60.2
2026-09-15 17:12:29,Checkpoint_Alpha,Kinetic Agitation Spike,75.65
2026-09-15 17:12:29,Checkpoint_Alpha,Kinetic Agitation Spike,49.86
2026-09-15 17:12:29,Checkpoint_Alpha,Kinetic Agitation Spike,83.24
2026-09-15 17:12:30,Checkpoint_Alpha,Kinetic Agitation Spike,50.77
2026-09-15 17:12:30,Checkpoint_Alpha,Kinetic Agitation Spike,84.94
2026-09-15 17:12:30,Checkpoint_Alpha,Kinetic Agitation Spike,52.6
2026-09-15 17:12:30,Checkpoint_Alpha,Kinetic Agitation Spike,53.1
2026-09-15 17:12:30,Checkpoint_Alpha,Kinetic Agitation Spike,58.32
2026-09-15 17:12:30,Checkpoint_Alpha,Kinetic Agitation Spike,75.82
2026-09-15 17:12:30,Checkpoint_Alpha,Kinetic Agitation Spike,76.85
2026-09-15 17:12:30,Checkpoint_Alpha,Kinetic Agitation Spike,76.79
2026-09-15 17:12:30,Checkpoint_Alpha,Kinetic Agitation Spike,46.3
2026-09-15 17:12:30,Checkpoint_Alpha,Kinetic Agitation Spike,100.0
2026-09-15 17:12:30,Checkpoint_Alpha,Kinetic Agitation Spike,100.0
2026-09-15 17:12:30,Checkpoint_Alpha,Kinetic Agitation Spike,100.0
2026-09-15 17:12:30,Checkpoint_Alpha,Kinetic Agitation Spike,71.42
2026-09-15 17:12:30,Checkpoint_Alpha,Kinetic Agitation Spike,94.11
2026-09-15 17:12:30,Checkpoint_Alpha,Kinetic Agitation Spike,65.35
2026-09-15 17:12:30,Checkpoint_Alpha,Kinetic Agitation Spike,100.0
2026-09-15 17:12:30,Checkpoint_Alpha,Kinetic Agitation Spike,66.2
2026-09-15 17:12:30,Checkpoint_Alpha,Kinetic Agitation Spike,100.0
2026-09-15 17:12:30,Checkpoint_Alpha,Kinetic Agitation Spike,48.57
2026-09-15 17:12:30,Checkpoint_Alpha,Kinetic Agitation Spike,63.71
2026-09-15 17:12:30,Checkpoint_Alpha,Kinetic Agitation Spike,100.0
2026-09-15 17:12:30,Checkpoint_Alpha,Kinetic Agitation Spike,61.8
2026-09-15 17:12:30,Checkpoint_Alpha,Kinetic Agitation Spike,48.09
2026-09-15 17:12:30,Checkpoint_Alpha,Kinetic Agitation Spike,99.03
2026-09-15 17:12:30,Checkpoint_Alpha,Kinetic Agitation Spike,51.49
2026-09-15 17:12:30,Checkpoint_Alpha,Kinetic Agitation Spike,67.97
2026-09-15 17:12:30,Checkpoint_Alpha,Kinetic Agitation Spike,100.0
2026-09-15 17:12:30,Checkpoint_Alpha,Kinetic Agitation Spike,97.75
2026-09-15 17:12:30,Checkpoint_Alpha,Kinetic Agitation Spike,81.87
2026-09-15 17:12:30,Checkpoint_Alpha,Kinetic Agitation Spike,56.69
2026-09-15 17:12:30,Checkpoint_Alpha,Kinetic Agitation Spike,100.0
2026-09-15 17:12:30,Checkpoint_Alpha,Kinetic Agitation Spike,53.77
2026-09-15 17:12:30,Checkpoint_Alpha,Kinetic Agitation Spike,49.8
2026-09-15 17:12:30,Checkpoint_Alpha,Kinetic Agitation Spike,51.67
2026-09-15 17:12:30,Checkpoint_Alpha,Kinetic Agitation Spike,74.28
2026-09-15 17:12:30,Checkpoint_Alpha,Kinetic Agitation Spike,85.71
2026-09-15 17:12:30,Checkpoint_Alpha,Kinetic Agitation Spike,53.58
2026-09-15 17:12:30,Checkpoint_Alpha,Kinetic Agitation Spike,50.86
2026-09-15 17:12:30,Checkpoint_Alpha,Kinetic Agitation Spike,69.56
2026-09-15 17:12:30,Checkpoint_Alpha,Kinetic Agitation Spike,100.0
2026-09-15 17:12:30,Checkpoint_Alpha,Kinetic Agitation Spike,63.36
2026-09-15 17:12:30,Checkpoint_Alpha,Kinetic Agitation Spike,96.74
2026-09-15 17:12:30,Checkpoint_Alpha,Kinetic Agitation Spike,61.54
2026-09-15 17:12:30,Checkpoint_Alpha,Kinetic Agitation Spike,85.3
2026-09-15 17:12:30,Checkpoint_Alpha,Kinetic Agitation Spike,96.0
2026-09-15 17:12:30,Checkpoint_Alpha,Kinetic Agitation Spike,49.6
2026-09-15 17:12:30,Checkpoint_Alpha,Kinetic Agitation Spike,51.62
2026-09-15 17:12:30,Checkpoint_Alpha,Kinetic Agitation Spike,76.91
2026-09-15 17:12:30,Checkpoint_Alpha,Kinetic Agitation Spike,52.59
2026-09-15 17:12:30,Checkpoint_Alpha,Kinetic Agitation Spike,82.04
2026-09-15 17:12:30,Checkpoint_Alpha,Kinetic Agitation Spike,57.88
2026-09-15 17:12:30,Checkpoint_Alpha,Kinetic Agitation Spike,100.0
2026-09-15 17:12:30,Checkpoint_Alpha,Kinetic Agitation Spike,55.58
2026-09-15 17:12:30,Checkpoint_Alpha,Kinetic Agitation Spike,57.33
2026-09-15 17:12:30,Checkpoint_Alpha,Kinetic Agitation Spike,100.0
2026-09-15 17:12:30,Checkpoint_Alpha,Kinetic Agitation Spike,64.65
2026-09-15 17:12:30,Checkpoint_Alpha,Kinetic Agitation Spike,97.52
2026-09-15 17:12:30,Checkpoint_Alpha,Kinetic Agitation Spike,56.88
2026-09-15 17:12:30,Checkpoint_Alpha,Kinetic Agitation Spike,46.55
2026-09-15 17:12:30,Checkpoint_Alpha,Kinetic Agitation Spike,100.0
2026-09-15 17:12:30,Checkpoint_Alpha,Kinetic Agitation Spike,53.17
2026-09-15 17:12:30,Checkpoint_Alpha,Kinetic Agitation Spike,55.44
2026-09-15 17:12:30,Checkpoint_Alpha,Kinetic Agitation Spike,53.85
2026-09-15 17:12:30,Checkpoint_Alpha,Kinetic Agitation Spike,47.11
2026-09-15 17:12:30,Checkpoint_Alpha,Kinetic Agitation Spike,51.49
2026-09-15 17:12:30,Checkpoint_Alpha,Kinetic Agitation Spike,51.42
2026-09-15 17:12:30,Checkpoint_Alpha,Kinetic Agitation Spike,100.0
2026-09-15 17:12:30,Checkpoint_Alpha,Kinetic Agitation Spike,63.72
2026-09-15 17:12:30,Checkpoint_Alpha,Kinetic Agitation Spike,52.84
2026-09-15 17:12:30,Checkpoint_Alpha,Kinetic Agitation Spike,57.28
2026-09-15 17:12:30,Checkpoint_Alpha,Kinetic Agitation Spike,52.79
2026-09-15 17:12:30,Checkpoint_Alpha,Kinetic Agitation Spike,51.04
2026-09-15 17:12:30,Checkpoint_Alpha,Kinetic Agitation Spike,60.33
2026-09-15 17:12:31,Checkpoint_Alpha,Kinetic Agitation Spike,70.65
2026-09-15 17:12:31,Checkpoint_Alpha,Kinetic Agitation Spike,85.61
2026-09-15 17:12:31,Checkpoint_Alpha,Kinetic Agitation Spike,100.0
2026-09-15 17:12:31,Checkpoint_Alpha,Kinetic Agitation Spike,49.22
2026-09-15 17:12:31,Checkpoint_Alpha,Kinetic Agitation Spike,54.81
2026-09-15 17:12:31,Checkpoint_Alpha,Kinetic Agitation Spike,100.0
2026-09-15 17:12:31,Checkpoint_Alpha,Kinetic Agitation Spike,60.29
2026-09-15 17:12:31,Checkpoint_Alpha,Kinetic Agitation Spike,48.88
2026-09-15 17:12:31,Checkpoint_Alpha,Kinetic Agitation Spike,45.6
2026-09-15 17:12:31,Checkpoint_Alpha,Kinetic Agitation Spike,49.28
2026-09-15 17:12:31,Checkpoint_Alpha,Kinetic Agitation Spike,50.99
2026-09-15 17:12:31,Checkpoint_Alpha,Kinetic Agitation Spike,100.0
2026-09-15 17:12:31,Checkpoint_Alpha,Kinetic Agitation Spike,52.45
2026-09-15 17:12:31,Checkpoint_Alpha,Kinetic Agitation Spike,51.3
2026-09-15 17:12:31,Checkpoint_Alpha,Kinetic Agitation Spike,56.41
2026-09-15 17:12:31,Checkpoint_Alpha,Kinetic Agitation Spike,58.63
2026-09-15 17:12:31,Checkpoint_Alpha,Kinetic Agitation Spike,56.34
2026-09-15 17:12:31,Checkpoint_Alpha,Kinetic Agitation Spike,48.06
2026-09-15 17:12:31,Checkpoint_Alpha,Kinetic Agitation Spike,100.0
2026-09-15 17:12:31,Checkpoint_Alpha,Kinetic Agitation Spike,63.22
2026-09-15 17:12:31,Checkpoint_Alpha,Kinetic Agitation Spike,59.13
2026-09-15 17:12:31,Checkpoint_Alpha,Kinetic Agitation Spike,53.58
2026-09-15 17:12:31,Checkpoint_Alpha,Kinetic Agitation Spike,55.42
2026-09-15 17:12:31,Checkpoint_Alpha,Kinetic Agitation Spike,60.83
2026-09-15 17:12:31,Checkpoint_Alpha,Kinetic Agitation Spike,68.17
2026-09-15 17:12:31,Checkpoint_Alpha,Kinetic Agitation Spike,95.81
2026-09-15 17:12:31,Checkpoint_Alpha,Kinetic Agitation Spike,47.53
2026-09-15 17:12:31,Checkpoint_Alpha,Kinetic Agitation Spike,54.77
2026-09-15 17:12:31,Checkpoint_Alpha,Kinetic Agitation Spike,55.02
2026-09-15 17:12:31,Checkpoint_Alpha,Kinetic Agitation Spike,52.12
2026-09-15 17:12:31,Checkpoint_Alpha,Kinetic Agitation Spike,51.4
2026-09-15 17:12:31,Checkpoint_Alpha,Kinetic Agitation Spike,47.02
2026-09-15 17:12:31,Checkpoint_Alpha,Kinetic Agitation Spike,92.15
2026-09-15 17:12:31,Checkpoint_Alpha,Kinetic Agitation Spike,100.0
2026-09-15 17:12:31,Checkpoint_Alpha,Kinetic Agitation Spike,60.43
2026-09-15 17:12:31,Checkpoint_Alpha,Kinetic Agitation Spike,59.39
2026-09-15 17:12:31,Checkpoint_Alpha,Kinetic Agitation Spike,92.58
2026-09-15 17:12:31,Checkpoint_Alpha,Kinetic Agitation Spike,100.0
2026-09-15 17:12:31,Checkpoint_Alpha,Kinetic Agitation Spike,100.0
2026-09-15 17:12:31,Checkpoint_Alpha,Kinetic Agitation Spike,46.28
2026-09-15 17:12:31,Checkpoint_Alpha,Kinetic Agitation Spike,55.92
2026-09-15 17:12:31,Checkpoint_Alpha,Kinetic Agitation Spike,87.22
2026-09-15 17:12:31,Checkpoint_Alpha,Kinetic Agitation Spike,77.8
2026-09-15 17:12:31,Checkpoint_Alpha,Kinetic Agitation Spike,93.72
2026-09-15 17:12:31,Checkpoint_Alpha,Kinetic Agitation Spike,75.19
2026-09-15 17:12:31,Checkpoint_Alpha,Kinetic Agitation Spike,74.88
2026-09-15 17:12:31,Checkpoint_Alpha,Kinetic Agitation Spike,88.37
2026-09-15 17:12:31,Checkpoint_Alpha,Kinetic Agitation Spike,50.72
2026-09-15 17:12:31,Checkpoint_Alpha,Kinetic Agitation Spike,100.0
2026-09-15 17:12:31,Checkpoint_Alpha,Kinetic Agitation Spike,76.9
2026-09-15 17:12:31,Checkpoint_Alpha,Kinetic Agitation Spike,73.63
2026-09-15 17:12:31,Checkpoint_Alpha,Kinetic Agitation Spike,66.93
2026-09-15 17:12:31,Checkpoint_Alpha,Kinetic Agitation Spike,59.39
2026-09-15 17:12:31,Checkpoint_Alpha,Kinetic Agitation Spike,64.99
2026-09-15 17:12:31,Checkpoint_Alpha,Kinetic Agitation Spike,55.13
2026-09-15 17:12:31,Checkpoint_Alpha,Kinetic Agitation Spike,73.57
2026-09-15 17:12:31,Checkpoint_Alpha,Kinetic Agitation Spike,66.71
2026-09-15 17:12:31,Checkpoint_Alpha,Kinetic Agitation Spike,59.69
2026-09-15 17:12:31,Checkpoint_Alpha,Kinetic Agitation Spike,85.05
2026-09-15 17:12:32,Checkpoint_Alpha,Kinetic Agitation Spike,83.29
2026-09-15 17:12:32,Checkpoint_Alpha,Kinetic Agitation Spike,47.1
2026-09-15 17:12:32,Checkpoint_Alpha,Kinetic Agitation Spike,81.36
2026-09-15 17:12:32,Checkpoint_Alpha,Kinetic Agitation Spike,67.48
2026-09-15 17:12:32,Checkpoint_Alpha,Kinetic Agitation Spike,87.22
2026-09-15 17:12:32,Checkpoint_Alpha,Kinetic Agitation Spike,76.23
2026-09-15 17:12:32,Checkpoint_Alpha,Kinetic Agitation Spike,55.79
2026-09-15 17:12:32,Checkpoint_Alpha,Kinetic Agitation Spike,63.26
2026-09-15 17:12:32,Checkpoint_Alpha,Kinetic Agitation Spike,59.33
2026-09-15 17:12:32,Checkpoint_Alpha,Kinetic Agitation Spike,52.18
2026-09-15 17:12:32,Checkpoint_Alpha,Kinetic Agitation Spike,85.09
2026-09-15 17:12:32,Checkpoint_Alpha,Kinetic Agitation Spike,78.33
2026-09-15 17:12:32,Checkpoint_Alpha,Kinetic Agitation Spike,91.46
2026-09-15 17:12:32,Checkpoint_Alpha,Kinetic Agitation Spike,63.46
2026-09-15 17:12:32,Checkpoint_Alpha,Kinetic Agitation Spike,63.05
2026-09-15 17:12:32,Checkpoint_Alpha,Kinetic Agitation Spike,87.65
2026-09-15 17:12:32,Checkpoint_Alpha,Kinetic Agitation Spike,46.99
2026-09-15 17:12:32,Checkpoint_Alpha,Kinetic Agitation Spike,48.1
2026-09-15 17:12:32,Checkpoint_Alpha,Kinetic Agitation Spike,47.71
2026-09-15 17:12:32,Checkpoint_Alpha,Kinetic Agitation Spike,100.0
2026-09-15 17:12:32,Checkpoint_Alpha,Kinetic Agitation Spike,73.49
2026-09-15 17:12:32,Checkpoint_Alpha,Kinetic Agitation Spike,51.33
2026-09-15 17:12:32,Checkpoint_Alpha,Kinetic Agitation Spike,91.96
2026-09-15 17:12:32,Checkpoint_Alpha,Kinetic Agitation Spike,90.14
2026-09-15 17:12:32,Checkpoint_Alpha,Kinetic Agitation Spike,53.17
2026-09-15 17:12:32,Checkpoint_Alpha,Kinetic Agitation Spike,49.25
2026-09-15 17:12:32,Checkpoint_Alpha,Kinetic Agitation Spike,48.48
2026-09-15 17:12:32,Checkpoint_Alpha,Kinetic Agitation Spike,64.39
2026-09-15 17:12:32,Checkpoint_Alpha,Kinetic Agitation Spike,46.86
2026-09-15 17:12:32,Checkpoint_Alpha,Kinetic Agitation Spike,88.58
2026-09-15 17:12:32,Checkpoint_Alpha,Kinetic Agitation Spike,63.51
2026-09-15 17:12:32,Checkpoint_Alpha,Kinetic Agitation Spike,58.78
2026-09-15 17:12:32,Checkpoint_Alpha,Kinetic Agitation Spike,48.7
2026-09-15 17:12:32,Checkpoint_Alpha,Kinetic Agitation Spike,100.0
2026-09-15 17:12:32,Checkpoint_Alpha,Kinetic Agitation Spike,66.64
2026-09-15 17:12:32,Checkpoint_Alpha,Kinetic Agitation Spike,100.0
2026-09-15 17:12:32,Checkpoint_Alpha,Kinetic Agitation Spike,52.14
2026-09-15 17:12:32,Checkpoint_Alpha,Kinetic Agitation Spike,51.77
2026-09-15 17:12:32,Checkpoint_Alpha,Kinetic Agitation Spike,62.44
2026-09-15 17:12:32,Checkpoint_Alpha,Kinetic Agitation Spike,100.0
2026-09-15 17:12:32,Checkpoint_Alpha,Kinetic Agitation Spike,46.25
2026-09-15 17:12:32,Checkpoint_Alpha,Kinetic Agitation Spike,47.8
2026-09-15 17:12:32,Checkpoint_Alpha,Kinetic Agitation Spike,81.99
2026-09-15 17:12:32,Checkpoint_Alpha,Kinetic Agitation Spike,48.62
2026-09-15 17:12:32,Checkpoint_Alpha,Kinetic Agitation Spike,51.08
2026-09-15 17:12:32,Checkpoint_Alpha,Kinetic Agitation Spike,70.24
2026-09-15 17:12:32,Checkpoint_Alpha,Kinetic Agitation Spike,74.65
2026-09-15 17:12:32,Checkpoint_Alpha,Kinetic Agitation Spike,82.17
2026-09-15 17:12:32,Checkpoint_Alpha,Kinetic Agitation Spike,45.46
2026-09-15 17:12:32,Checkpoint_Alpha,Kinetic Agitation Spike,95.16
2026-09-15 17:12:32,Checkpoint_Alpha,Kinetic Agitation Spike,64.79
2026-09-15 17:12:32,Checkpoint_Alpha,Kinetic Agitation Spike,60.88
2026-09-15 17:12:32,Checkpoint_Alpha,Kinetic Agitation Spike,98.45
2026-09-15 17:12:32,Checkpoint_Alpha,Kinetic Agitation Spike,100.0
2026-09-15 17:12:32,Checkpoint_Alpha,Kinetic Agitation Spike,94.08
2026-09-15 17:12:32,Checkpoint_Alpha,Kinetic Agitation Spike,100.0
2026-09-15 17:12:32,Checkpoint_Alpha,Kinetic Agitation Spike,88.58
2026-09-15 17:12:32,Checkpoint_Alpha,Kinetic Agitation Spike,77.37
2026-09-15 17:12:32,Checkpoint_Alpha,Kinetic Agitation Spike,60.07
2026-09-15 17:12:32,Checkpoint_Alpha,Kinetic Agitation Spike,100.0
2026-09-15 17:12:32,Checkpoint_Alpha,Kinetic Agitation Spike,64.07
2026-09-15 17:12:32,Checkpoint_Alpha,Kinetic Agitation Spike,78.7
2026-09-15 17:12:32,Checkpoint_Alpha,Kinetic Agitation Spike,51.29
2026-09-15 17:12:32,Checkpoint_Alpha,Kinetic Agitation Spike,100.0
2026-09-15 17:12:32,Checkpoint_Alpha,Kinetic Agitation Spike,59.66
2026-09-15 17:12:33,Checkpoint_Alpha,Kinetic Agitation Spike,67.55
2026-09-15 17:12:33,Checkpoint_Alpha,Kinetic Agitation Spike,93.64
2026-09-15 17:12:33,Checkpoint_Alpha,Kinetic Agitation Spike,49.56
2026-09-15 17:12:33,Checkpoint_Alpha,Kinetic Agitation Spike,60.23
2026-09-15 17:12:33,Checkpoint_Alpha,Kinetic Agitation Spike,56.64
2026-09-15 17:12:33,Checkpoint_Alpha,Kinetic Agitation Spike,48.61
2026-09-15 17:12:33,Checkpoint_Alpha,Kinetic Agitation Spike,45.73
2026-09-15 17:12:33,Checkpoint_Alpha,Kinetic Agitation Spike,90.56
2026-09-15 17:12:33,Checkpoint_Alpha,Kinetic Agitation Spike,71.18
2026-09-15 17:12:33,Checkpoint_Alpha,Kinetic Agitation Spike,46.59
2026-09-15 17:12:33,Checkpoint_Alpha,Kinetic Agitation Spike,53.42
2026-09-15 17:12:33,Checkpoint_Alpha,Kinetic Agitation Spike,58.8
2026-09-15 17:12:33,Checkpoint_Alpha,Kinetic Agitation Spike,54.92
2026-09-15 17:12:33,Checkpoint_Alpha,Kinetic Agitation Spike,95.8
2026-09-15 17:12:33,Checkpoint_Alpha,Kinetic Agitation Spike,49.02
2026-09-15 17:12:33,Checkpoint_Alpha,Kinetic Agitation Spike,68.02
2026-09-15 17:12:33,Checkpoint_Alpha,Kinetic Agitation Spike,56.33
2026-09-15 17:12:33,Checkpoint_Alpha,Kinetic Agitation Spike,61.77
2026-09-15 17:12:33,Checkpoint_Alpha,Kinetic Agitation Spike,75.43
2026-09-15 17:12:33,Checkpoint_Alpha,Kinetic Agitation Spike,72.09
2026-09-15 17:12:33,Checkpoint_Alpha,Kinetic Agitation Spike,51.19
2026-09-15 17:12:33,Checkpoint_Alpha,Kinetic Agitation Spike,93.27
2026-09-15 17:12:33,Checkpoint_Alpha,Kinetic Agitation Spike,70.79
2026-09-15 17:12:33,Checkpoint_Alpha,Kinetic Agitation Spike,100.0
2026-09-15 17:12:33,Checkpoint_Alpha,Kinetic Agitation Spike,83.61
2026-09-15 17:12:33,Checkpoint_Alpha,Kinetic Agitation Spike,74.08
2026-09-15 17:12:33,Checkpoint_Alpha,Kinetic Agitation Spike,51.8
2026-09-15 17:12:33,Checkpoint_Alpha,Kinetic Agitation Spike,100.0
2026-09-15 17:12:33,Checkpoint_Alpha,Kinetic Agitation Spike,68.07
2026-09-15 17:12:33,Checkpoint_Alpha,Kinetic Agitation Spike,66.06
2026-09-15 17:12:33,Checkpoint_Alpha,Kinetic Agitation Spike,69.5
2026-09-15 17:12:33,Checkpoint_Alpha,Kinetic Agitation Spike,81.67
2026-09-15 17:12:33,Checkpoint_Alpha,Kinetic Agitation Spike,99.67
2026-09-15 17:12:33,Checkpoint_Alpha,Kinetic Agitation Spike,65.22
2026-09-15 17:12:33,Checkpoint_Alpha,Kinetic Agitation Spike,100.0
2026-09-15 17:12:33,Checkpoint_Alpha,Kinetic Agitation Spike,100.0
2026-09-15 17:12:33,Checkpoint_Alpha,Kinetic Agitation Spike,46.49
2026-09-15 17:12:33,Checkpoint_Alpha,Kinetic Agitation Spike,51.84
2026-09-15 17:12:33,Checkpoint_Alpha,Kinetic Agitation Spike,100.0
2026-09-15 17:12:33,Checkpoint_Alpha,Kinetic Agitation Spike,99.72
2026-09-15 17:12:33,Checkpoint_Alpha,Kinetic Agitation Spike,65.54
2026-09-15 17:12:33,Checkpoint_Alpha,Kinetic Agitation Spike,59.64
2026-09-15 17:12:33,Checkpoint_Alpha,Kinetic Agitation Spike,85.21
2026-09-15 17:12:33,Checkpoint_Alpha,Kinetic Agitation Spike,51.62
2026-09-15 17:12:33,Checkpoint_Alpha,Kinetic Agitation Spike,48.24
2026-09-15 17:12:33,Checkpoint_Alpha,Kinetic Agitation Spike,76.36
2026-09-15 17:12:33,Checkpoint_Alpha,Kinetic Agitation Spike,58.3
2026-09-15 17:12:33,Checkpoint_Alpha,Kinetic Agitation Spike,54.53
2026-09-15 17:12:33,Checkpoint_Alpha,Kinetic Agitation Spike,57.78
2026-09-15 17:12:33,Checkpoint_Alpha,Kinetic Agitation Spike,52.68
2026-09-15 17:12:33,Checkpoint_Alpha,Kinetic Agitation Spike,86.94
2026-09-15 17:12:33,Checkpoint_Alpha,Kinetic Agitation Spike,100.0
2026-09-15 17:12:33,Checkpoint_Alpha,Kinetic Agitation Spike,75.48
2026-09-15 17:12:33,Checkpoint_Alpha,Kinetic Agitation Spike,76.82
2026-09-15 17:12:33,Checkpoint_Alpha,Kinetic Agitation Spike,58.04
2026-09-15 17:12:33,Checkpoint_Alpha,Kinetic Agitation Spike,48.29
2026-09-15 17:12:33,Checkpoint_Alpha,Kinetic Agitation Spike,91.54
2026-09-15 17:12:33,Checkpoint_Alpha,Kinetic Agitation Spike,45.29
2026-09-15 17:12:33,Checkpoint_Alpha,Kinetic Agitation Spike,88.28
2026-09-15 17:12:33,Checkpoint_Alpha,Kinetic Agitation Spike,53.69
2026-09-15 17:12:33,Checkpoint_Alpha,Kinetic Agitation Spike,72.95
2026-09-15 17:12:33,Checkpoint_Alpha,Kinetic Agitation Spike,51.55
2026-09-15 17:12:33,Checkpoint_Alpha,Kinetic Agitation Spike,51.78
2026-09-15 17:12:33,Checkpoint_Alpha,Kinetic Agitation Spike,59.21
2026-09-15 17:12:33,Checkpoint_Alpha,Kinetic Agitation Spike,66.19
2026-09-15 17:12:33,Checkpoint_Alpha,Kinetic Agitation Spike,46.21
2026-09-15 17:12:33,Checkpoint_Alpha,Kinetic Agitation Spike,45.66
2026-09-15 17:12:33,Checkpoint_Alpha,Kinetic Agitation Spike,46.07
2026-09-15 17:12:33,Checkpoint_Alpha,Kinetic Agitation Spike,66.16
2026-09-15 17:12:34,Checkpoint_Alpha,Kinetic Agitation Spike,83.29
2026-09-15 17:12:34,Checkpoint_Alpha,Kinetic Agitation Spike,55.63
2026-09-15 17:12:34,Checkpoint_Alpha,Kinetic Agitation Spike,84.11
2026-09-15 17:12:34,Checkpoint_Alpha,Kinetic Agitation Spike,56.17
2026-09-15 17:12:34,Checkpoint_Alpha,Kinetic Agitation Spike,82.56
2026-09-15 17:12:34,Checkpoint_Alpha,Kinetic Agitation Spike,82.52
2026-09-15 17:12:34,Checkpoint_Alpha,Kinetic Agitation Spike,52.41
2026-09-15 17:12:34,Checkpoint_Alpha,Kinetic Agitation Spike,48.6
2026-09-15 17:12:34,Checkpoint_Alpha,Kinetic Agitation Spike,66.24
2026-09-15 17:12:34,Checkpoint_Alpha,Kinetic Agitation Spike,89.81
2026-09-15 17:12:34,Checkpoint_Alpha,Kinetic Agitation Spike,79.75
2026-09-15 17:12:34,Checkpoint_Alpha,Kinetic Agitation Spike,63.74
2026-09-15 17:12:34,Checkpoint_Alpha,Kinetic Agitation Spike,47.74
2026-09-15 17:12:34,Checkpoint_Alpha,Kinetic Agitation Spike,55.53
2026-09-15 17:12:34,Checkpoint_Alpha,Kinetic Agitation Spike,88.07
2026-09-15 17:12:34,Checkpoint_Alpha,Kinetic Agitation Spike,97.1
2026-09-15 17:12:34,Checkpoint_Alpha,Kinetic Agitation Spike,86.87
2026-09-15 17:12:34,Checkpoint_Alpha,Kinetic Agitation Spike,71.49
2026-09-15 17:12:34,Checkpoint_Alpha,Kinetic Agitation Spike,63.91
2026-09-15 17:12:34,Checkpoint_Alpha,Kinetic Agitation Spike,100.0
2026-09-15 17:12:34,Checkpoint_Alpha,Kinetic Agitation Spike,91.57
2026-09-15 17:12:34,Checkpoint_Alpha,Kinetic Agitation Spike,56.66
2026-09-15 17:12:34,Checkpoint_Alpha,Kinetic Agitation Spike,81.3
2026-09-15 17:12:34,Checkpoint_Alpha,Kinetic Agitation Spike,73.47
2026-09-15 17:12:34,Checkpoint_Alpha,Kinetic Agitation Spike,92.6
2026-09-15 17:12:34,Checkpoint_Alpha,Kinetic Agitation Spike,97.76
2026-09-15 17:12:34,Checkpoint_Alpha,Kinetic Agitation Spike,100.0
2026-09-15 17:12:34,Checkpoint_Alpha,Kinetic Agitation Spike,73.74
2026-09-15 17:12:34,Checkpoint_Alpha,Kinetic Agitation Spike,95.97
2026-09-15 17:12:34,Checkpoint_Alpha,Kinetic Agitation Spike,63.66
2026-09-15 17:12:34,Checkpoint_Alpha,Kinetic Agitation Spike,92.54
2026-09-15 17:12:34,Checkpoint_Alpha,Kinetic Agitation Spike,63.09
2026-09-15 17:12:34,Checkpoint_Alpha,Kinetic Agitation Spike,82.23
2026-09-15 17:12:34,Checkpoint_Alpha,Kinetic Agitation Spike,61.59
2026-09-15 17:12:34,Checkpoint_Alpha,Kinetic Agitation Spike,100.0
2026-09-15 17:12:34,Checkpoint_Alpha,Kinetic Agitation Spike,80.8
2026-09-15 17:12:34,Checkpoint_Alpha,Kinetic Agitation Spike,47.69
2026-09-15 17:12:34,Checkpoint_Alpha,Kinetic Agitation Spike,87.75
2026-09-15 17:12:34,Checkpoint_Alpha,Kinetic Agitation Spike,53.12
2026-09-15 17:12:34,Checkpoint_Alpha,Kinetic Agitation Spike,86.97
2026-09-15 17:12:34,Checkpoint_Alpha,Kinetic Agitation Spike,46.51
2026-09-15 17:12:34,Checkpoint_Alpha,Kinetic Agitation Spike,50.23
2026-09-15 17:12:34,Checkpoint_Alpha,Kinetic Agitation Spike,45.62
2026-09-15 17:12:34,Checkpoint_Alpha,Kinetic Agitation Spike,79.54
2026-09-15 17:12:34,Checkpoint_Alpha,Kinetic Agitation Spike,87.05
2026-09-15 17:12:34,Checkpoint_Alpha,Kinetic Agitation Spike,80.57
2026-09-15 17:12:34,Checkpoint_Alpha,Kinetic Agitation Spike,100.0
2026-09-15 17:12:34,Checkpoint_Alpha,Kinetic Agitation Spike,100.0
2026-09-15 17:12:34,Checkpoint_Alpha,Kinetic Agitation Spike,51.54
2026-09-15 17:12:34,Checkpoint_Alpha,Kinetic Agitation Spike,85.85
2026-09-15 17:12:34,Checkpoint_Alpha,Kinetic Agitation Spike,87.04
2026-09-15 17:12:34,Checkpoint_Alpha,Kinetic Agitation Spike,76.01
2026-09-15 17:12:34,Checkpoint_Alpha,Kinetic Agitation Spike,100.0
2026-09-15 17:12:34,Checkpoint_Alpha,Kinetic Agitation Spike,46.35
2026-09-15 17:12:34,Checkpoint_Alpha,Kinetic Agitation Spike,78.0
2026-09-15 17:12:34,Checkpoint_Alpha,Kinetic Agitation Spike,79.37
2026-09-15 17:12:34,Checkpoint_Alpha,Kinetic Agitation Spike,85.73
2026-09-15 17:12:34,Checkpoint_Alpha,Kinetic Agitation Spike,60.25
2026-09-15 17:12:34,Checkpoint_Alpha,Kinetic Agitation Spike,60.02
2026-09-15 17:12:34,Checkpoint_Alpha,Kinetic Agitation Spike,88.63
2026-09-15 17:12:34,Checkpoint_Alpha,Kinetic Agitation Spike,100.0
2026-09-15 17:12:34,Checkpoint_Alpha,Kinetic Agitation Spike,82.74
2026-09-15 17:12:34,Checkpoint_Alpha,Kinetic Agitation Spike,64.4
2026-09-15 17:12:35,Checkpoint_Alpha,Kinetic Agitation Spike,81.33
2026-09-15 17:12:35,Checkpoint_Alpha,Kinetic Agitation Spike,49.98
2026-09-15 17:12:35,Checkpoint_Alpha,Kinetic Agitation Spike,89.06
2026-09-15 17:12:35,Checkpoint_Alpha,Kinetic Agitation Spike,96.35
2026-09-15 17:12:35,Checkpoint_Alpha,Kinetic Agitation Spike,71.58
2026-09-15 17:12:35,Checkpoint_Alpha,Kinetic Agitation Spike,85.3
2026-09-15 17:12:35,Checkpoint_Alpha,Kinetic Agitation Spike,100.0
2026-09-15 17:12:35,Checkpoint_Alpha,Kinetic Agitation Spike,85.6
2026-09-15 17:12:35,Checkpoint_Alpha,Kinetic Agitation Spike,93.96
2026-09-15 17:12:35,Checkpoint_Alpha,Kinetic Agitation Spike,64.51
2026-09-15 17:12:35,Checkpoint_Alpha,Kinetic Agitation Spike,54.85
2026-09-15 17:12:35,Checkpoint_Alpha,Kinetic Agitation Spike,48.84
2026-09-15 17:12:35,Checkpoint_Alpha,Kinetic Agitation Spike,72.55
2026-09-15 17:12:35,Checkpoint_Alpha,Kinetic Agitation Spike,55.62
2026-09-15 17:12:35,Checkpoint_Alpha,Kinetic Agitation Spike,70.61
2026-09-15 17:12:35,Checkpoint_Alpha,Kinetic Agitation Spike,87.14
2026-09-15 17:12:35,Checkpoint_Alpha,Kinetic Agitation Spike,55.46
2026-09-15 17:12:35,Checkpoint_Alpha,Kinetic Agitation Spike,70.93
2026-09-15 17:12:35,Checkpoint_Alpha,Kinetic Agitation Spike,55.73
2026-09-15 17:12:35,Checkpoint_Alpha,Kinetic Agitation Spike,100.0
2026-09-15 17:12:35,Checkpoint_Alpha,Kinetic Agitation Spike,100.0
2026-09-15 17:12:35,Checkpoint_Alpha,Kinetic Agitation Spike,63.48
2026-09-15 17:12:35,Checkpoint_Alpha,Kinetic Agitation Spike,65.27
2026-09-15 17:12:35,Checkpoint_Alpha,Kinetic Agitation Spike,69.35
2026-09-15 17:12:35,Checkpoint_Alpha,Kinetic Agitation Spike,84.03
2026-09-15 17:12:35,Checkpoint_Alpha,Kinetic Agitation Spike,46.35
2026-09-15 17:12:35,Checkpoint_Alpha,Kinetic Agitation Spike,48.31
2026-09-15 17:12:35,Checkpoint_Alpha,Kinetic Agitation Spike,53.14
2026-09-15 17:12:35,Checkpoint_Alpha,Kinetic Agitation Spike,61.15
2026-09-15 17:12:35,Checkpoint_Alpha,Kinetic Agitation Spike,64.31
2026-09-15 17:12:35,Checkpoint_Alpha,Kinetic Agitation Spike,56.84
2026-09-15 17:12:35,Checkpoint_Alpha,Kinetic Agitation Spike,56.37
2026-09-15 17:12:35,Checkpoint_Alpha,Kinetic Agitation Spike,80.02
2026-09-15 17:12:35,Checkpoint_Alpha,Kinetic Agitation Spike,87.92
2026-09-15 17:12:35,Checkpoint_Alpha,Kinetic Agitation Spike,82.38
2026-09-15 17:12:35,Checkpoint_Alpha,Kinetic Agitation Spike,66.52
2026-09-15 17:12:35,Checkpoint_Alpha,Kinetic Agitation Spike,47.67
2026-09-15 17:12:35,Checkpoint_Alpha,Kinetic Agitation Spike,100.0
2026-09-15 17:12:35,Checkpoint_Alpha,Kinetic Agitation Spike,52.33
2026-09-15 17:12:35,Checkpoint_Alpha,Kinetic Agitation Spike,98.33
2026-09-15 17:12:35,Checkpoint_Alpha,Kinetic Agitation Spike,68.18
2026-09-15 17:12:35,Checkpoint_Alpha,Kinetic Agitation Spike,62.96
2026-09-15 17:12:35,Checkpoint_Alpha,Kinetic Agitation Spike,45.59
2026-09-15 17:12:35,Checkpoint_Alpha,Kinetic Agitation Spike,74.86
2026-09-15 17:12:35,Checkpoint_Alpha,Kinetic Agitation Spike,55.19
2026-09-15 17:12:35,Checkpoint_Alpha,Kinetic Agitation Spike,69.17
2026-09-15 17:12:35,Checkpoint_Alpha,Kinetic Agitation Spike,52.85
2026-09-15 17:12:35,Checkpoint_Alpha,Kinetic Agitation Spike,75.87
2026-09-15 17:12:35,Checkpoint_Alpha,Kinetic Agitation Spike,99.74
2026-09-15 17:12:35,Checkpoint_Alpha,Kinetic Agitation Spike,46.21
2026-09-15 17:12:35,Checkpoint_Alpha,Kinetic Agitation Spike,48.07
2026-09-15 17:12:35,Checkpoint_Alpha,Kinetic Agitation Spike,48.72
2026-09-15 17:12:35,Checkpoint_Alpha,Kinetic Agitation Spike,100.0
2026-09-15 17:12:35,Checkpoint_Alpha,Kinetic Agitation Spike,100.0
2026-09-15 17:12:36,Checkpoint_Alpha,Kinetic Agitation Spike,45.59
2026-09-15 17:12:36,Checkpoint_Alpha,Kinetic Agitation Spike,69.17
2026-09-15 17:12:36,Checkpoint_Alpha,Kinetic Agitation Spike,79.2
2026-09-15 17:12:36,Checkpoint_Alpha,Kinetic Agitation Spike,58.49
2026-09-15 17:12:36,Checkpoint_Alpha,Kinetic Agitation Spike,72.66
2026-09-15 17:12:36,Checkpoint_Alpha,Kinetic Agitation Spike,100.0
2026-09-15 17:12:36,Checkpoint_Alpha,Kinetic Agitation Spike,100.0
2026-09-15 17:12:36,Checkpoint_Alpha,Kinetic Agitation Spike,70.77
2026-09-15 17:12:36,Checkpoint_Alpha,Kinetic Agitation Spike,100.0
2026-09-15 17:12:36,Checkpoint_Alpha,Kinetic Agitation Spike,52.77
2026-09-15 17:12:36,Checkpoint_Alpha,Kinetic Agitation Spike,66.3
2026-09-15 17:12:36,Checkpoint_Alpha,Kinetic Agitation Spike,73.54
2026-09-15 17:12:36,Checkpoint_Alpha,Kinetic Agitation Spike,75.62
2026-09-15 17:12:36,Checkpoint_Alpha,Kinetic Agitation Spike,69.34
2026-09-15 17:12:36,Checkpoint_Alpha,Kinetic Agitation Spike,100.0
2026-09-15 17:12:36,Checkpoint_Alpha,Kinetic Agitation Spike,100.0
2026-09-15 17:12:36,Checkpoint_Alpha,Kinetic Agitation Spike,92.24
2026-09-15 17:12:36,Checkpoint_Alpha,Kinetic Agitation Spike,52.12
2026-09-15 17:12:36,Checkpoint_Alpha,Kinetic Agitation Spike,79.99
2026-09-15 17:12:36,Checkpoint_Alpha,Kinetic Agitation Spike,100.0
2026-09-15 17:12:36,Checkpoint_Alpha,Kinetic Agitation Spike,56.35
2026-09-15 17:12:36,Checkpoint_Alpha,Kinetic Agitation Spike,65.01
2026-09-15 17:12:36,Checkpoint_Alpha,Kinetic Agitation Spike,74.07
2026-09-15 17:12:36,Checkpoint_Alpha,Kinetic Agitation Spike,69.27
2026-09-15 17:12:36,Checkpoint_Alpha,Kinetic Agitation Spike,87.96
2026-09-15 17:12:36,Checkpoint_Alpha,Kinetic Agitation Spike,92.61
2026-09-15 17:12:36,Checkpoint_Alpha,Kinetic Agitation Spike,62.92
2026-09-15 17:12:36,Checkpoint_Alpha,Kinetic Agitation Spike,67.3
2026-09-15 17:12:36,Checkpoint_Alpha,Kinetic Agitation Spike,91.3
2026-09-15 17:12:36,Checkpoint_Alpha,Kinetic Agitation Spike,55.43
2026-09-15 17:12:36,Checkpoint_Alpha,Kinetic Agitation Spike,46.1
2026-09-15 17:12:36,Checkpoint_Alpha,Kinetic Agitation Spike,65.58
2026-09-15 17:12:36,Checkpoint_Alpha,Kinetic Agitation Spike,97.06
2026-09-15 17:12:36,Checkpoint_Alpha,Kinetic Agitation Spike,63.89
2026-09-15 17:12:36,Checkpoint_Alpha,Kinetic Agitation Spike,100.0
2026-09-15 17:12:36,Checkpoint_Alpha,Kinetic Agitation Spike,92.16
2026-09-15 17:12:36,Checkpoint_Alpha,Kinetic Agitation Spike,57.89
2026-09-15 17:12:36,Checkpoint_Alpha,Kinetic Agitation Spike,46.3
2026-09-15 17:12:36,Checkpoint_Alpha,Kinetic Agitation Spike,97.75
2026-09-15 17:12:36,Checkpoint_Alpha,Kinetic Agitation Spike,68.04
2026-09-15 17:12:36,Checkpoint_Alpha,Kinetic Agitation Spike,89.75
2026-09-15 17:12:36,Checkpoint_Alpha,Kinetic Agitation Spike,64.62
2026-09-15 17:12:36,Checkpoint_Alpha,Kinetic Agitation Spike,100.0
2026-09-15 17:12:36,Checkpoint_Alpha,Kinetic Agitation Spike,45.82
2026-09-15 17:12:36,Checkpoint_Alpha,Kinetic Agitation Spike,52.81
2026-09-15 17:12:36,Checkpoint_Alpha,Kinetic Agitation Spike,100.0
2026-09-15 17:12:36,Checkpoint_Alpha,Kinetic Agitation Spike,69.31
2026-09-15 17:12:36,Checkpoint_Alpha,Kinetic Agitation Spike,87.54
2026-09-15 17:12:37,Checkpoint_Alpha,Kinetic Agitation Spike,55.89
2026-09-15 17:12:37,Checkpoint_Alpha,Kinetic Agitation Spike,88.17
2026-09-15 17:12:37,Checkpoint_Alpha,Kinetic Agitation Spike,80.53
2026-09-15 17:12:37,Checkpoint_Alpha,Kinetic Agitation Spike,63.1
2026-09-15 17:12:37,Checkpoint_Alpha,Kinetic Agitation Spike,67.08
2026-09-15 17:12:37,Checkpoint_Alpha,Kinetic Agitation Spike,59.61
2026-09-15 17:12:37,Checkpoint_Alpha,Kinetic Agitation Spike,68.83
2026-09-15 17:12:37,Checkpoint_Alpha,Kinetic Agitation Spike,79.76
2026-09-15 17:12:37,Checkpoint_Alpha,Kinetic Agitation Spike,50.58
2026-09-15 17:12:37,Checkpoint_Alpha,Kinetic Agitation Spike,83.08
2026-09-15 17:12:37,Checkpoint_Alpha,Kinetic Agitation Spike,100.0
2026-09-15 17:12:37,Checkpoint_Alpha,Kinetic Agitation Spike,61.11
2026-09-15 17:12:37,Checkpoint_Alpha,Kinetic Agitation Spike,73.0
2026-09-15 17:12:37,Checkpoint_Alpha,Kinetic Agitation Spike,75.83
2026-09-15 17:12:37,Checkpoint_Alpha,Kinetic Agitation Spike,71.28
2026-09-15 17:12:37,Checkpoint_Alpha,Kinetic Agitation Spike,72.79
2026-09-15 17:12:37,Checkpoint_Alpha,Kinetic Agitation Spike,52.58
2026-09-15 17:12:37,Checkpoint_Alpha,Kinetic Agitation Spike,62.86
2026-09-15 17:12:37,Checkpoint_Alpha,Kinetic Agitation Spike,63.29
2026-09-15 17:12:37,Checkpoint_Alpha,Kinetic Agitation Spike,47.95
2026-09-15 17:12:37,Checkpoint_Alpha,Kinetic Agitation Spike,58.33
2026-09-15 17:12:37,Checkpoint_Alpha,Kinetic Agitation Spike,72.82
2026-09-15 17:12:37,Checkpoint_Alpha,Kinetic Agitation Spike,59.18
2026-09-15 17:12:37,Checkpoint_Alpha,Kinetic Agitation Spike,49.04
2026-09-15 17:12:37,Checkpoint_Alpha,Kinetic Agitation Spike,67.23
2026-09-15 17:12:37,Checkpoint_Alpha,Kinetic Agitation Spike,84.58
2026-09-15 17:12:37,Checkpoint_Alpha,Kinetic Agitation Spike,60.29
2026-09-15 17:12:37,Checkpoint_Alpha,Kinetic Agitation Spike,45.21
2026-09-15 17:12:37,Checkpoint_Alpha,Kinetic Agitation Spike,49.59
2026-09-15 17:12:37,Checkpoint_Alpha,Kinetic Agitation Spike,80.47
2026-09-15 17:12:37,Checkpoint_Alpha,Kinetic Agitation Spike,64.8
2026-09-15 17:12:37,Checkpoint_Alpha,Kinetic Agitation Spike,74.6
2026-09-15 17:12:37,Checkpoint_Alpha,Kinetic Agitation Spike,65.18
2026-09-15 17:12:37,Checkpoint_Alpha,Kinetic Agitation Spike,55.35
2026-09-15 17:12:37,Checkpoint_Alpha,Kinetic Agitation Spike,63.53
2026-09-15 17:12:37,Checkpoint_Alpha,Kinetic Agitation Spike,70.64
2026-09-15 17:12:37,Checkpoint_Alpha,Kinetic Agitation Spike,65.98
2026-09-15 17:12:37,Checkpoint_Alpha,Kinetic Agitation Spike,89.6
2026-09-15 17:12:38,Checkpoint_Alpha,Kinetic Agitation Spike,65.0
2026-09-15 17:12:38,Checkpoint_Alpha,Kinetic Agitation Spike,54.34
2026-09-15 17:12:38,Checkpoint_Alpha,Kinetic Agitation Spike,51.71
2026-09-15 17:12:38,Checkpoint_Alpha,Kinetic Agitation Spike,46.87
2026-09-15 17:12:38,Checkpoint_Alpha,Kinetic Agitation Spike,83.89
2026-09-15 17:12:38,Checkpoint_Alpha,Kinetic Agitation Spike,56.62
2026-09-15 17:12:38,Checkpoint_Alpha,Kinetic Agitation Spike,70.23
2026-09-15 17:12:38,Checkpoint_Alpha,Kinetic Agitation Spike,57.4
2026-09-15 17:12:38,Checkpoint_Alpha,Kinetic Agitation Spike,69.38
2026-09-15 17:12:38,Checkpoint_Alpha,Kinetic Agitation Spike,66.4
2026-09-15 17:12:38,Checkpoint_Alpha,Kinetic Agitation Spike,100.0
2026-09-15 17:12:38,Checkpoint_Alpha,Kinetic Agitation Spike,63.52
2026-09-15 17:12:38,Checkpoint_Alpha,Kinetic Agitation Spike,68.76
2026-09-15 17:12:38,Checkpoint_Alpha,Kinetic Agitation Spike,72.75
2026-09-15 17:12:38,Checkpoint_Alpha,Kinetic Agitation Spike,52.5
2026-09-15 17:12:38,Checkpoint_Alpha,Kinetic Agitation Spike,100.0
2026-09-15 17:12:38,Checkpoint_Alpha,Kinetic Agitation Spike,63.01
2026-09-15 17:12:38,Checkpoint_Alpha,Kinetic Agitation Spike,65.63
2026-09-15 17:12:38,Checkpoint_Alpha,Kinetic Agitation Spike,45.5
2026-09-15 17:12:38,Checkpoint_Alpha,Kinetic Agitation Spike,54.76
2026-09-15 17:12:38,Checkpoint_Alpha,Kinetic Agitation Spike,47.61
2026-09-15 17:12:38,Checkpoint_Alpha,Kinetic Agitation Spike,56.6
2026-09-15 17:12:38,Checkpoint_Alpha,Kinetic Agitation Spike,100.0
2026-09-15 17:12:38,Checkpoint_Alpha,Kinetic Agitation Spike,66.52
2026-09-15 17:12:38,Checkpoint_Alpha,Kinetic Agitation Spike,55.14
2026-09-15 17:12:38,Checkpoint_Alpha,Kinetic Agitation Spike,58.67
2026-09-15 17:12:38,Checkpoint_Alpha,Kinetic Agitation Spike,55.57
2026-09-15 17:12:38,Checkpoint_Alpha,Kinetic Agitation Spike,48.89
2026-09-15 17:12:38,Checkpoint_Alpha,Kinetic Agitation Spike,91.78
2026-09-15 17:12:38,Checkpoint_Alpha,Kinetic Agitation Spike,57.88
2026-09-15 17:12:38,Checkpoint_Alpha,Kinetic Agitation Spike,61.32
2026-09-15 17:12:38,Checkpoint_Alpha,Kinetic Agitation Spike,100.0
2026-09-15 17:12:38,Checkpoint_Alpha,Kinetic Agitation Spike,55.15
2026-09-15 17:12:38,Checkpoint_Alpha,Kinetic Agitation Spike,47.21
2026-09-15 17:12:38,Checkpoint_Alpha,Kinetic Agitation Spike,72.1
2026-09-15 17:12:38,Checkpoint_Alpha,Kinetic Agitation Spike,100.0
2026-09-15 17:12:38,Checkpoint_Alpha,Kinetic Agitation Spike,78.18
2026-09-15 17:12:38,Checkpoint_Alpha,Kinetic Agitation Spike,45.2
2026-09-15 17:12:38,Checkpoint_Alpha,Kinetic Agitation Spike,48.07
2026-09-15 17:12:38,Checkpoint_Alpha,Kinetic Agitation Spike,61.89
2026-09-15 17:12:38,Checkpoint_Alpha,Kinetic Agitation Spike,95.11
2026-09-15 17:12:38,Checkpoint_Alpha,Kinetic Agitation Spike,49.57
2026-09-15 17:12:39,Checkpoint_Alpha,Kinetic Agitation Spike,67.32
2026-09-15 17:12:39,Checkpoint_Alpha,Kinetic Agitation Spike,66.37
2026-09-15 17:12:39,Checkpoint_Alpha,Kinetic Agitation Spike,49.84
2026-09-15 17:12:39,Checkpoint_Alpha,Kinetic Agitation Spike,97.77
2026-09-15 17:12:39,Checkpoint_Alpha,Kinetic Agitation Spike,91.13
2026-09-15 17:12:39,Checkpoint_Alpha,Kinetic Agitation Spike,66.09
2026-09-15 17:12:39,Checkpoint_Alpha,Kinetic Agitation Spike,66.01
2026-09-15 17:12:39,Checkpoint_Alpha,Kinetic Agitation Spike,53.69
2026-09-15 17:12:39,Checkpoint_Alpha,Kinetic Agitation Spike,100.0
2026-09-15 17:12:39,Checkpoint_Alpha,Kinetic Agitation Spike,66.47
2026-09-15 17:12:39,Checkpoint_Alpha,Kinetic Agitation Spike,53.6
2026-09-15 17:12:39,Checkpoint_Alpha,Kinetic Agitation Spike,100.0
2026-09-15 17:12:39,Checkpoint_Alpha,Kinetic Agitation Spike,58.22
2026-09-15 17:12:39,Checkpoint_Alpha,Kinetic Agitation Spike,92.96
2026-09-15 17:12:39,Checkpoint_Alpha,Kinetic Agitation Spike,58.18
2026-09-15 17:12:39,Checkpoint_Alpha,Kinetic Agitation Spike,78.75
2026-09-15 17:12:39,Checkpoint_Alpha,Kinetic Agitation Spike,51.79
2026-09-15 17:12:39,Checkpoint_Alpha,Kinetic Agitation Spike,54.88
2026-09-15 17:12:39,Checkpoint_Alpha,Kinetic Agitation Spike,100.0
2026-09-15 17:12:39,Checkpoint_Alpha,Kinetic Agitation Spike,100.0
2026-09-15 17:12:39,Checkpoint_Alpha,Kinetic Agitation Spike,52.97
2026-09-15 17:12:39,Checkpoint_Alpha,Kinetic Agitation Spike,87.45
2026-09-15 17:12:39,Checkpoint_Alpha,Kinetic Agitation Spike,47.67
2026-09-15 17:12:39,Checkpoint_Alpha,Kinetic Agitation Spike,66.49
2026-09-15 17:12:39,Checkpoint_Alpha,Kinetic Agitation Spike,96.28
2026-09-15 17:12:39,Checkpoint_Alpha,Kinetic Agitation Spike,53.44
2026-09-15 17:12:39,Checkpoint_Alpha,Kinetic Agitation Spike,57.77
2026-09-15 17:12:39,Checkpoint_Alpha,Kinetic Agitation Spike,47.15
2026-09-15 17:12:39,Checkpoint_Alpha,Kinetic Agitation Spike,60.75
2026-09-15 17:12:39,Checkpoint_Alpha,Kinetic Agitation Spike,57.82
2026-09-15 17:12:39,Checkpoint_Alpha,Kinetic Agitation Spike,100.0
2026-09-15 17:12:39,Checkpoint_Alpha,Kinetic Agitation Spike,52.62
2026-09-15 17:12:39,Checkpoint_Alpha,Kinetic Agitation Spike,75.7
2026-09-15 17:12:39,Checkpoint_Alpha,Kinetic Agitation Spike,100.0
2026-09-15 17:12:39,Checkpoint_Alpha,Kinetic Agitation Spike,66.94
2026-09-15 17:12:39,Checkpoint_Alpha,Kinetic Agitation Spike,62.82
2026-09-15 17:12:39,Checkpoint_Alpha,Kinetic Agitation Spike,56.61
2026-09-15 17:12:39,Checkpoint_Alpha,Kinetic Agitation Spike,57.36
2026-09-15 17:12:39,Checkpoint_Alpha,Kinetic Agitation Spike,100.0
2026-09-15 17:12:39,Checkpoint_Alpha,Kinetic Agitation Spike,90.94
2026-09-15 17:12:39,Checkpoint_Alpha,Kinetic Agitation Spike,100.0
2026-09-15 17:12:39,Checkpoint_Alpha,Kinetic Agitation Spike,70.71
2026-09-15 17:12:39,Checkpoint_Alpha,Kinetic Agitation Spike,58.39
2026-09-15 17:12:39,Checkpoint_Alpha,Kinetic Agitation Spike,100.0
2026-09-15 17:12:39,Checkpoint_Alpha,Kinetic Agitation Spike,100.0
2026-09-15 17:12:39,Checkpoint_Alpha,Kinetic Agitation Spike,100.0
2026-09-15 17:12:40,Checkpoint_Alpha,Kinetic Agitation Spike,61.54
2026-09-15 17:12:40,Checkpoint_Alpha,Kinetic Agitation Spike,50.37
2026-09-15 17:12:40,Checkpoint_Alpha,Kinetic Agitation Spike,95.54
2026-09-15 17:12:40,Checkpoint_Alpha,Kinetic Agitation Spike,50.86
2026-09-15 17:12:40,Checkpoint_Alpha,Kinetic Agitation Spike,79.87
2026-09-15 17:12:40,Checkpoint_Alpha,Kinetic Agitation Spike,89.51
2026-09-15 17:12:40,Checkpoint_Alpha,Kinetic Agitation Spike,45.17
2026-09-15 17:12:40,Checkpoint_Alpha,Kinetic Agitation Spike,47.76
2026-09-15 17:12:40,Checkpoint_Alpha,Kinetic Agitation Spike,100.0
2026-09-15 17:12:40,Checkpoint_Alpha,Kinetic Agitation Spike,100.0
2026-09-15 17:12:40,Checkpoint_Alpha,Kinetic Agitation Spike,55.48
2026-09-15 17:12:40,Checkpoint_Alpha,Kinetic Agitation Spike,73.91
2026-09-15 17:12:40,Checkpoint_Alpha,Kinetic Agitation Spike,66.87
2026-09-15 17:12:40,Checkpoint_Alpha,Kinetic Agitation Spike,58.57
2026-09-15 17:12:40,Checkpoint_Alpha,Kinetic Agitation Spike,59.04
2026-09-15 17:12:40,Checkpoint_Alpha,Kinetic Agitation Spike,100.0
2026-09-15 17:12:40,Checkpoint_Alpha,Kinetic Agitation Spike,87.29
2026-09-15 17:12:40,Checkpoint_Alpha,Kinetic Agitation Spike,85.04
2026-09-15 17:12:40,Checkpoint_Alpha,Kinetic Agitation Spike,65.74
2026-09-15 17:12:40,Checkpoint_Alpha,Kinetic Agitation Spike,100.0
2026-09-15 17:12:40,Checkpoint_Alpha,Kinetic Agitation Spike,88.96
2026-09-15 17:12:40,Checkpoint_Alpha,Kinetic Agitation Spike,74.61
2026-09-15 17:12:40,Checkpoint_Alpha,Kinetic Agitation Spike,77.05
2026-09-15 17:12:40,Checkpoint_Alpha,Kinetic Agitation Spike,100.0
2026-09-15 17:12:40,Checkpoint_Alpha,Kinetic Agitation Spike,87.12
2026-09-15 17:12:40,Checkpoint_Alpha,Kinetic Agitation Spike,68.61
2026-09-15 17:12:40,Checkpoint_Alpha,Kinetic Agitation Spike,100.0
2026-09-15 17:12:40,Checkpoint_Alpha,Kinetic Agitation Spike,62.25
2026-09-15 17:12:40,Checkpoint_Alpha,Kinetic Agitation Spike,79.66
2026-09-15 17:12:40,Checkpoint_Alpha,Kinetic Agitation Spike,74.45
2026-09-15 17:12:40,Checkpoint_Alpha,Kinetic Agitation Spike,52.76
2026-09-15 17:12:40,Checkpoint_Alpha,Kinetic Agitation Spike,58.39
2026-09-15 17:12:40,Checkpoint_Alpha,Kinetic Agitation Spike,100.0
2026-09-15 17:12:40,Checkpoint_Alpha,Kinetic Agitation Spike,92.26
2026-09-15 17:12:40,Checkpoint_Alpha,Kinetic Agitation Spike,57.36
2026-09-15 17:12:40,Checkpoint_Alpha,Kinetic Agitation Spike,50.88
2026-09-15 17:12:40,Checkpoint_Alpha,Kinetic Agitation Spike,64.89
2026-09-15 17:12:40,Checkpoint_Alpha,Kinetic Agitation Spike,70.54
2026-09-15 17:12:40,Checkpoint_Alpha,Kinetic Agitation Spike,100.0
2026-09-15 17:12:40,Checkpoint_Alpha,Kinetic Agitation Spike,70.08
2026-09-15 17:12:41,Checkpoint_Alpha,Kinetic Agitation Spike,67.19
2026-09-15 17:12:41,Checkpoint_Alpha,Kinetic Agitation Spike,85.52
2026-09-15 17:12:41,Checkpoint_Alpha,Kinetic Agitation Spike,90.61
2026-09-15 17:12:41,Checkpoint_Alpha,Kinetic Agitation Spike,100.0
2026-09-15 17:12:41,Checkpoint_Alpha,Kinetic Agitation Spike,56.66
2026-09-15 17:12:41,Checkpoint_Alpha,Kinetic Agitation Spike,56.1
2026-09-15 17:12:41,Checkpoint_Alpha,Kinetic Agitation Spike,74.28
2026-09-15 17:12:41,Checkpoint_Alpha,Kinetic Agitation Spike,100.0
2026-09-15 17:12:41,Checkpoint_Alpha,Kinetic Agitation Spike,67.46
2026-09-15 17:12:41,Checkpoint_Alpha,Kinetic Agitation Spike,56.58
2026-09-15 17:12:41,Checkpoint_Alpha,Kinetic Agitation Spike,100.0
2026-09-15 17:12:41,Checkpoint_Alpha,Kinetic Agitation Spike,45.81
2026-09-15 17:12:41,Checkpoint_Alpha,Kinetic Agitation Spike,66.41
2026-09-15 17:12:41,Checkpoint_Alpha,Kinetic Agitation Spike,100.0
2026-09-15 17:12:41,Checkpoint_Alpha,Kinetic Agitation Spike,67.87
2026-09-15 17:12:41,Checkpoint_Alpha,Kinetic Agitation Spike,69.57
2026-09-15 17:12:41,Checkpoint_Alpha,Kinetic Agitation Spike,49.42
2026-09-15 17:12:41,Checkpoint_Alpha,Kinetic Agitation Spike,48.25
2026-09-15 17:12:41,Checkpoint_Alpha,Kinetic Agitation Spike,68.48
2026-09-15 17:12:41,Checkpoint_Alpha,Kinetic Agitation Spike,69.23
2026-09-15 17:12:41,Checkpoint_Alpha,Kinetic Agitation Spike,48.8
2026-09-15 17:12:41,Checkpoint_Alpha,Kinetic Agitation Spike,78.64
2026-09-15 17:12:41,Checkpoint_Alpha,Kinetic Agitation Spike,63.97
2026-09-15 17:12:41,Checkpoint_Alpha,Kinetic Agitation Spike,80.24
2026-09-15 17:12:41,Checkpoint_Alpha,Kinetic Agitation Spike,58.49
2026-09-15 17:12:41,Checkpoint_Alpha,Kinetic Agitation Spike,47.91
2026-09-15 17:12:41,Checkpoint_Alpha,Kinetic Agitation Spike,66.37
2026-09-15 17:12:41,Checkpoint_Alpha,Kinetic Agitation Spike,64.2
2026-09-15 17:12:41,Checkpoint_Alpha,Kinetic Agitation Spike,94.69
2026-09-15 17:12:41,Checkpoint_Alpha,Kinetic Agitation Spike,58.47
2026-09-15 17:12:41,Checkpoint_Alpha,Kinetic Agitation Spike,89.36
2026-09-15 17:12:41,Checkpoint_Alpha,Kinetic Agitation Spike,47.07
2026-09-15 17:12:41,Checkpoint_Alpha,Kinetic Agitation Spike,57.9
2026-09-15 17:12:41,Checkpoint_Alpha,Kinetic Agitation Spike,100.0
2026-09-15 17:12:41,Checkpoint_Alpha,Kinetic Agitation Spike,45.03
2026-09-15 17:12:41,Checkpoint_Alpha,Kinetic Agitation Spike,50.66
2026-09-15 17:12:41,Checkpoint_Alpha,Kinetic Agitation Spike,55.71
2026-09-15 17:12:41,Checkpoint_Alpha,Kinetic Agitation Spike,66.19
2026-09-15 17:12:41,Checkpoint_Alpha,Kinetic Agitation Spike,75.11
2026-09-15 17:12:41,Checkpoint_Alpha,Kinetic Agitation Spike,87.03
2026-09-15 17:12:42,Checkpoint_Alpha,Kinetic Agitation Spike,68.87
2026-09-15 17:12:42,Checkpoint_Alpha,Kinetic Agitation Spike,50.04
2026-09-15 17:12:42,Checkpoint_Alpha,Kinetic Agitation Spike,64.42
2026-09-15 17:12:42,Checkpoint_Alpha,Kinetic Agitation Spike,65.04
2026-09-15 17:12:42,Checkpoint_Alpha,Kinetic Agitation Spike,73.72
2026-09-15 17:12:42,Checkpoint_Alpha,Kinetic Agitation Spike,59.13
2026-09-15 17:12:42,Checkpoint_Alpha,Kinetic Agitation Spike,84.48
2026-09-15 17:12:42,Checkpoint_Alpha,Kinetic Agitation Spike,55.55
2026-09-15 17:12:42,Checkpoint_Alpha,Kinetic Agitation Spike,66.41
2026-09-15 17:12:42,Checkpoint_Alpha,Kinetic Agitation Spike,61.7
2026-09-15 17:12:42,Checkpoint_Alpha,Kinetic Agitation Spike,71.75
2026-09-15 17:12:42,Checkpoint_Alpha,Kinetic Agitation Spike,62.21
2026-09-15 17:12:42,Checkpoint_Alpha,Kinetic Agitation Spike,81.1
2026-09-15 17:12:42,Checkpoint_Alpha,Kinetic Agitation Spike,52.09
2026-09-15 17:12:42,Checkpoint_Alpha,Kinetic Agitation Spike,49.64
2026-09-15 17:12:42,Checkpoint_Alpha,Kinetic Agitation Spike,66.3
2026-09-15 17:12:42,Checkpoint_Alpha,Kinetic Agitation Spike,87.54
2026-09-15 17:12:42,Checkpoint_Alpha,Kinetic Agitation Spike,50.86
2026-09-15 17:12:42,Checkpoint_Alpha,Kinetic Agitation Spike,48.51
2026-09-15 17:12:42,Checkpoint_Alpha,Kinetic Agitation Spike,54.56
2026-09-15 17:12:42,Checkpoint_Alpha,Kinetic Agitation Spike,90.46
2026-09-15 17:12:42,Checkpoint_Alpha,Kinetic Agitation Spike,64.33
2026-09-15 17:12:42,Checkpoint_Alpha,Kinetic Agitation Spike,49.82
2026-09-15 17:12:42,Checkpoint_Alpha,Kinetic Agitation Spike,54.86
2026-09-15 17:12:42,Checkpoint_Alpha,Kinetic Agitation Spike,56.71
2026-09-15 17:12:42,Checkpoint_Alpha,Kinetic Agitation Spike,76.45
2026-09-15 17:12:42,Checkpoint_Alpha,Kinetic Agitation Spike,57.04
2026-09-15 17:12:42,Checkpoint_Alpha,Kinetic Agitation Spike,77.53
2026-09-15 17:12:42,Checkpoint_Alpha,Kinetic Agitation Spike,48.83
2026-09-15 17:12:42,Checkpoint_Alpha,Kinetic Agitation Spike,65.78
2026-09-15 17:12:42,Checkpoint_Alpha,Kinetic Agitation Spike,51.41
2026-09-15 17:12:42,Checkpoint_Alpha,Kinetic Agitation Spike,85.23
2026-09-15 17:12:42,Checkpoint_Alpha,Kinetic Agitation Spike,54.29
2026-09-15 17:12:42,Checkpoint_Alpha,Kinetic Agitation Spike,52.89
2026-09-15 17:12:42,Checkpoint_Alpha,Kinetic Agitation Spike,83.33
2026-09-15 17:12:43,Checkpoint_Alpha,Kinetic Agitation Spike,50.28
2026-09-15 17:12:43,Checkpoint_Alpha,Kinetic Agitation Spike,98.03
2026-09-15 17:12:43,Checkpoint_Alpha,Kinetic Agitation Spike,59.52
2026-09-15 17:12:43,Checkpoint_Alpha,Kinetic Agitation Spike,54.56
2026-09-15 17:12:43,Checkpoint_Alpha,Kinetic Agitation Spike,70.14
2026-09-15 17:12:43,Checkpoint_Alpha,Kinetic Agitation Spike,72.46
2026-09-15 17:12:43,Checkpoint_Alpha,Kinetic Agitation Spike,55.77
2026-09-15 17:12:43,Checkpoint_Alpha,Kinetic Agitation Spike,73.61
2026-09-15 17:12:43,Checkpoint_Alpha,Kinetic Agitation Spike,69.49
2026-09-15 17:12:43,Checkpoint_Alpha,Kinetic Agitation Spike,72.78
2026-09-15 17:12:43,Checkpoint_Alpha,Kinetic Agitation Spike,82.76
2026-09-15 17:12:43,Checkpoint_Alpha,Kinetic Agitation Spike,63.06
2026-09-15 17:12:43,Checkpoint_Alpha,Kinetic Agitation Spike,46.84
2026-09-15 17:12:43,Checkpoint_Alpha,Kinetic Agitation Spike,100.0
2026-09-15 17:12:43,Checkpoint_Alpha,Kinetic Agitation Spike,63.39
2026-09-15 17:12:43,Checkpoint_Alpha,Kinetic Agitation Spike,66.63
2026-09-15 17:12:43,Checkpoint_Alpha,Kinetic Agitation Spike,83.9
2026-09-15 17:12:43,Checkpoint_Alpha,Kinetic Agitation Spike,54.66
2026-09-15 17:12:43,Checkpoint_Alpha,Kinetic Agitation Spike,45.05
2026-09-15 17:12:43,Checkpoint_Alpha,Kinetic Agitation Spike,49.38
2026-09-15 17:12:43,Checkpoint_Alpha,Kinetic Agitation Spike,45.34
2026-09-15 17:12:43,Checkpoint_Alpha,Kinetic Agitation Spike,56.9
2026-09-15 17:12:43,Checkpoint_Alpha,Kinetic Agitation Spike,50.53
2026-09-15 17:12:43,Checkpoint_Alpha,Kinetic Agitation Spike,47.81
2026-09-15 17:12:43,Checkpoint_Alpha,Kinetic Agitation Spike,51.67
2026-09-15 17:12:44,Checkpoint_Alpha,Kinetic Agitation Spike,55.91
2026-09-15 17:12:44,Checkpoint_Alpha,Kinetic Agitation Spike,71.41
2026-09-15 17:12:44,Checkpoint_Alpha,Kinetic Agitation Spike,73.45
2026-09-15 17:12:44,Checkpoint_Alpha,Kinetic Agitation Spike,73.38
2026-09-15 17:12:44,Checkpoint_Alpha,Kinetic Agitation Spike,50.12
2026-09-15 17:12:44,Checkpoint_Alpha,Kinetic Agitation Spike,65.56
2026-09-15 17:12:44,Checkpoint_Alpha,Kinetic Agitation Spike,47.92
2026-09-15 17:12:44,Checkpoint_Alpha,Kinetic Agitation Spike,68.97
2026-09-15 17:12:44,Checkpoint_Alpha,Kinetic Agitation Spike,71.12
2026-09-15 17:12:44,Checkpoint_Alpha,Kinetic Agitation Spike,68.64
2026-09-15 17:12:44,Checkpoint_Alpha,Kinetic Agitation Spike,52.11
2026-09-15 17:12:44,Checkpoint_Alpha,Kinetic Agitation Spike,54.48
2026-09-15 17:12:44,Checkpoint_Alpha,Kinetic Agitation Spike,47.17
2026-09-15 17:12:44,Checkpoint_Alpha,Kinetic Agitation Spike,53.36
2026-09-15 17:12:44,Checkpoint_Alpha,Kinetic Agitation Spike,51.69
2026-09-15 17:12:44,Checkpoint_Alpha,Kinetic Agitation Spike,51.02
2026-09-15 17:12:44,Checkpoint_Alpha,Kinetic Agitation Spike,100.0
2026-09-15 17:12:44,Checkpoint_Alpha,Kinetic Agitation Spike,52.14
2026-09-15 17:12:44,Checkpoint_Alpha,Kinetic Agitation Spike,46.57
2026-09-15 17:12:44,Checkpoint_Alpha,Kinetic Agitation Spike,48.89
2026-09-15 17:12:44,Checkpoint_Alpha,Kinetic Agitation Spike,76.96
2026-09-15 17:12:44,Checkpoint_Alpha,Kinetic Agitation Spike,62.59
2026-09-15 17:12:44,Checkpoint_Alpha,Kinetic Agitation Spike,64.67
2026-09-15 17:12:44,Checkpoint_Alpha,Kinetic Agitation Spike,48.99
2026-09-15 17:12:44,Checkpoint_Alpha,Kinetic Agitation Spike,93.25
2026-09-15 17:12:44,Checkpoint_Alpha,Kinetic Agitation Spike,49.97
2026-09-15 17:12:44,Checkpoint_Alpha,Kinetic Agitation Spike,79.2
2026-09-15 17:12:44,Checkpoint_Alpha,Kinetic Agitation Spike,75.73
2026-09-15 17:12:44,Checkpoint_Alpha,Kinetic Agitation Spike,53.25
2026-09-15 17:12:44,Checkpoint_Alpha,Kinetic Agitation Spike,46.77
2026-09-15 17:12:44,Checkpoint_Alpha,Kinetic Agitation Spike,63.78
2026-09-15 17:12:44,Checkpoint_Alpha,Kinetic Agitation Spike,45.79
2026-09-15 17:12:44,Checkpoint_Alpha,Kinetic Agitation Spike,83.46
2026-09-15 17:12:44,Checkpoint_Alpha,Kinetic Agitation Spike,55.88
2026-09-15 17:12:44,Checkpoint_Alpha,Kinetic Agitation Spike,66.68
2026-09-15 17:12:44,Checkpoint_Alpha,Kinetic Agitation Spike,48.24
2026-09-15 17:12:44,Checkpoint_Alpha,Kinetic Agitation Spike,51.07
2026-09-15 17:12:44,Checkpoint_Alpha,Kinetic Agitation Spike,54.57
2026-09-15 17:12:45,Checkpoint_Alpha,Kinetic Agitation Spike,64.44
2026-09-15 17:12:45,Checkpoint_Alpha,Kinetic Agitation Spike,61.63
2026-09-15 17:12:45,Checkpoint_Alpha,Kinetic Agitation Spike,71.94
2026-09-15 17:12:45,Checkpoint_Alpha,Kinetic Agitation Spike,100.0
2026-09-15 17:12:45,Checkpoint_Alpha,Kinetic Agitation Spike,45.35
2026-09-15 17:12:45,Checkpoint_Alpha,Kinetic Agitation Spike,65.43
2026-09-15 17:12:45,Checkpoint_Alpha,Kinetic Agitation Spike,64.14
2026-09-15 17:12:45,Checkpoint_Alpha,Kinetic Agitation Spike,62.09
2026-09-15 17:12:45,Checkpoint_Alpha,Kinetic Agitation Spike,60.06
2026-09-15 17:12:45,Checkpoint_Alpha,Kinetic Agitation Spike,53.52
2026-09-15 17:12:45,Checkpoint_Alpha,Kinetic Agitation Spike,51.03
2026-09-15 17:12:45,Checkpoint_Alpha,Kinetic Agitation Spike,71.74
2026-09-15 17:12:45,Checkpoint_Alpha,Kinetic Agitation Spike,76.23
2026-09-15 17:12:45,Checkpoint_Alpha,Kinetic Agitation Spike,47.48
2026-09-15 17:12:45,Checkpoint_Alpha,Kinetic Agitation Spike,63.64
2026-09-15 17:12:45,Checkpoint_Alpha,Kinetic Agitation Spike,45.75
2026-09-15 17:12:45,Checkpoint_Alpha,Kinetic Agitation Spike,78.43
2026-09-15 17:12:45,Checkpoint_Alpha,Kinetic Agitation Spike,59.07
2026-09-15 17:12:45,Checkpoint_Alpha,Kinetic Agitation Spike,53.96
2026-09-15 17:12:45,Checkpoint_Alpha,Kinetic Agitation Spike,94.65
2026-09-15 17:12:45,Checkpoint_Alpha,Kinetic Agitation Spike,89.33
2026-09-15 17:12:45,Checkpoint_Alpha,Kinetic Agitation Spike,66.13
2026-09-15 17:12:45,Checkpoint_Alpha,Kinetic Agitation Spike,62.77
2026-09-15 17:12:45,Checkpoint_Alpha,Kinetic Agitation Spike,46.72
2026-09-15 17:12:45,Checkpoint_Alpha,Kinetic Agitation Spike,59.13
2026-09-15 17:12:45,Checkpoint_Alpha,Kinetic Agitation Spike,77.53
2026-09-15 17:12:45,Checkpoint_Alpha,Kinetic Agitation Spike,72.87
2026-09-15 17:12:45,Checkpoint_Alpha,Kinetic Agitation Spike,71.74
2026-09-15 17:12:45,Checkpoint_Alpha,Kinetic Agitation Spike,53.78
2026-09-15 17:12:45,Checkpoint_Alpha,Kinetic Agitation Spike,57.59
2026-09-15 17:12:45,Checkpoint_Alpha,Kinetic Agitation Spike,55.39
2026-09-15 17:12:45,Checkpoint_Alpha,Kinetic Agitation Spike,46.58
2026-09-15 17:12:45,Checkpoint_Alpha,Kinetic Agitation Spike,65.87
2026-09-15 17:12:45,Checkpoint_Alpha,Kinetic Agitation Spike,81.97
2026-09-15 17:12:45,Checkpoint_Alpha,Kinetic Agitation Spike,50.14
2026-09-15 17:12:45,Checkpoint_Alpha,Kinetic Agitation Spike,45.65
2026-09-15 17:12:45,Checkpoint_Alpha,Kinetic Agitation Spike,53.24
2026-09-15 17:12:45,Checkpoint_Alpha,Kinetic Agitation Spike,63.15
2026-09-15 17:12:45,Checkpoint_Alpha,Kinetic Agitation Spike,51.76
2026-09-15 17:12:45,Checkpoint_Alpha,Kinetic Agitation Spike,66.37
2026-09-15 17:12:45,Checkpoint_Alpha,Kinetic Agitation Spike,45.64
2026-09-15 17:12:45,Checkpoint_Alpha,Kinetic Agitation Spike,53.94
2026-09-15 17:12:45,Checkpoint_Alpha,Kinetic Agitation Spike,82.27
2026-09-15 17:12:45,Checkpoint_Alpha,Kinetic Agitation Spike,61.87
2026-09-15 17:12:45,Checkpoint_Alpha,Kinetic Agitation Spike,100.0
2026-09-15 17:12:46,Checkpoint_Alpha,Kinetic Agitation Spike,50.94
2026-09-15 17:12:46,Checkpoint_Alpha,Kinetic Agitation Spike,61.34
2026-09-15 17:12:46,Checkpoint_Alpha,Kinetic Agitation Spike,74.85
2026-09-15 17:12:46,Checkpoint_Alpha,Kinetic Agitation Spike,61.4
2026-09-15 17:12:46,Checkpoint_Alpha,Kinetic Agitation Spike,66.9
2026-09-15 17:12:46,Checkpoint_Alpha,Kinetic Agitation Spike,81.88
2026-09-15 17:12:46,Checkpoint_Alpha,Kinetic Agitation Spike,51.09
2026-09-15 17:12:46,Checkpoint_Alpha,Kinetic Agitation Spike,77.94
2026-09-15 17:12:46,Checkpoint_Alpha,Kinetic Agitation Spike,100.0
2026-09-15 17:12:46,Checkpoint_Alpha,Kinetic Agitation Spike,46.41
2026-09-15 17:12:46,Checkpoint_Alpha,Kinetic Agitation Spike,92.28
2026-09-15 17:12:46,Checkpoint_Alpha,Kinetic Agitation Spike,95.67
2026-09-15 17:12:46,Checkpoint_Alpha,Kinetic Agitation Spike,68.62
2026-09-15 17:12:46,Checkpoint_Alpha,Kinetic Agitation Spike,68.34
2026-09-15 17:12:46,Checkpoint_Alpha,Kinetic Agitation Spike,50.93
2026-09-15 17:12:46,Checkpoint_Alpha,Kinetic Agitation Spike,52.04
2026-09-15 17:12:46,Checkpoint_Alpha,Kinetic Agitation Spike,77.67
2026-09-15 17:12:46,Checkpoint_Alpha,Kinetic Agitation Spike,66.59
2026-09-15 17:12:46,Checkpoint_Alpha,Kinetic Agitation Spike,76.53
2026-09-15 17:12:46,Checkpoint_Alpha,Kinetic Agitation Spike,68.01
2026-09-15 17:12:46,Checkpoint_Alpha,Kinetic Agitation Spike,49.99
2026-09-15 17:12:46,Checkpoint_Alpha,Kinetic Agitation Spike,56.72
2026-09-15 17:12:46,Checkpoint_Alpha,Kinetic Agitation Spike,50.01
2026-09-15 17:12:46,Checkpoint_Alpha,Kinetic Agitation Spike,59.01
2026-09-15 17:12:46,Checkpoint_Alpha,Kinetic Agitation Spike,100.0
2026-09-15 17:12:46,Checkpoint_Alpha,Kinetic Agitation Spike,74.59
2026-09-15 17:12:46,Checkpoint_Alpha,Kinetic Agitation Spike,61.45
2026-09-15 17:12:46,Checkpoint_Alpha,Kinetic Agitation Spike,79.86
2026-09-15 17:12:46,Checkpoint_Alpha,Kinetic Agitation Spike,49.82
2026-09-15 17:12:46,Checkpoint_Alpha,Kinetic Agitation Spike,57.85
2026-09-15 17:12:46,Checkpoint_Alpha,Kinetic Agitation Spike,84.25
2026-09-15 17:12:46,Checkpoint_Alpha,Kinetic Agitation Spike,48.06
2026-09-15 17:12:46,Checkpoint_Alpha,Kinetic Agitation Spike,49.56
2026-09-15 17:12:46,Checkpoint_Alpha,Kinetic Agitation Spike,49.78
2026-09-15 17:12:46,Checkpoint_Alpha,Kinetic Agitation Spike,51.52
2026-09-15 17:12:46,Checkpoint_Alpha,Kinetic Agitation Spike,100.0
2026-09-15 17:12:46,Checkpoint_Alpha,Kinetic Agitation Spike,70.44
2026-09-15 17:12:46,Checkpoint_Alpha,Kinetic Agitation Spike,51.93
2026-09-15 17:12:46,Checkpoint_Alpha,Kinetic Agitation Spike,51.91
2026-09-15 17:12:46,Checkpoint_Alpha,Kinetic Agitation Spike,54.31
2026-09-15 17:12:46,Checkpoint_Alpha,Kinetic Agitation Spike,100.0
2026-09-15 17:12:46,Checkpoint_Alpha,Kinetic Agitation Spike,49.29
2026-09-15 17:12:46,Checkpoint_Alpha,Kinetic Agitation Spike,68.2
2026-09-15 17:12:46,Checkpoint_Alpha,Kinetic Agitation Spike,75.02
2026-09-15 17:12:47,Checkpoint_Alpha,Kinetic Agitation Spike,59.86
2026-09-15 17:12:47,Checkpoint_Alpha,Kinetic Agitation Spike,79.67
2026-09-15 17:12:47,Checkpoint_Alpha,Kinetic Agitation Spike,99.93
2026-09-15 17:12:47,Checkpoint_Alpha,Kinetic Agitation Spike,50.84
2026-09-15 17:12:47,Checkpoint_Alpha,Kinetic Agitation Spike,46.53
2026-09-15 17:12:47,Checkpoint_Alpha,Kinetic Agitation Spike,52.52
2026-09-15 17:12:47,Checkpoint_Alpha,Kinetic Agitation Spike,91.79
2026-09-15 17:12:47,Checkpoint_Alpha,Kinetic Agitation Spike,66.06
2026-09-15 17:12:47,Checkpoint_Alpha,Kinetic Agitation Spike,80.79
2026-09-15 17:12:47,Checkpoint_Alpha,Kinetic Agitation Spike,80.37
2026-09-15 17:12:47,Checkpoint_Alpha,Kinetic Agitation Spike,66.52
2026-09-15 17:12:47,Checkpoint_Alpha,Kinetic Agitation Spike,74.35
2026-09-15 17:12:47,Checkpoint_Alpha,Kinetic Agitation Spike,93.56
2026-09-15 17:12:47,Checkpoint_Alpha,Kinetic Agitation Spike,52.22
2026-09-15 17:12:47,Checkpoint_Alpha,Kinetic Agitation Spike,56.96
2026-09-15 17:12:47,Checkpoint_Alpha,Kinetic Agitation Spike,45.05
2026-09-15 17:12:47,Checkpoint_Alpha,Kinetic Agitation Spike,52.14
2026-09-15 17:12:47,Checkpoint_Alpha,Kinetic Agitation Spike,54.21
2026-09-15 17:12:47,Checkpoint_Alpha,Kinetic Agitation Spike,49.25
2026-09-15 17:12:47,Checkpoint_Alpha,Kinetic Agitation Spike,71.1
2026-09-15 17:12:47,Checkpoint_Alpha,Kinetic Agitation Spike,48.94
2026-09-15 17:12:47,Checkpoint_Alpha,Kinetic Agitation Spike,52.48
2026-09-15 17:12:47,Checkpoint_Alpha,Kinetic Agitation Spike,55.46
2026-09-15 17:12:47,Checkpoint_Alpha,Kinetic Agitation Spike,48.69
2026-09-15 17:12:47,Checkpoint_Alpha,Kinetic Agitation Spike,100.0
2026-09-15 17:12:47,Checkpoint_Alpha,Kinetic Agitation Spike,65.4
2026-09-15 17:12:47,Checkpoint_Alpha,Kinetic Agitation Spike,48.18
2026-09-15 17:12:47,Checkpoint_Alpha,Kinetic Agitation Spike,100.0
2026-09-15 17:12:47,Checkpoint_Alpha,Kinetic Agitation Spike,87.82
2026-09-15 17:12:47,Checkpoint_Alpha,Kinetic Agitation Spike,87.07
2026-09-15 17:12:47,Checkpoint_Alpha,Kinetic Agitation Spike,45.87
2026-09-15 17:12:47,Checkpoint_Alpha,Kinetic Agitation Spike,49.51
2026-09-15 17:12:47,Checkpoint_Alpha,Kinetic Agitation Spike,61.99
2026-09-15 17:12:47,Checkpoint_Alpha,Kinetic Agitation Spike,66.05
2026-09-15 17:12:47,Checkpoint_Alpha,Kinetic Agitation Spike,75.53
2026-09-15 17:12:48,Checkpoint_Alpha,Kinetic Agitation Spike,66.93
2026-09-15 17:12:48,Checkpoint_Alpha,Kinetic Agitation Spike,48.23
2026-09-15 17:12:48,Checkpoint_Alpha,Kinetic Agitation Spike,67.8
2026-09-15 17:12:48,Checkpoint_Alpha,Kinetic Agitation Spike,62.15
2026-09-15 17:12:48,Checkpoint_Alpha,Kinetic Agitation Spike,59.26
2026-09-15 17:12:48,Checkpoint_Alpha,Kinetic Agitation Spike,67.76
2026-09-15 17:12:48,Checkpoint_Alpha,Kinetic Agitation Spike,100.0
2026-09-15 17:12:48,Checkpoint_Alpha,Kinetic Agitation Spike,53.17
2026-09-15 17:12:48,Checkpoint_Alpha,Kinetic Agitation Spike,97.65
2026-09-15 17:12:48,Checkpoint_Alpha,Kinetic Agitation Spike,68.27
2026-09-15 17:12:48,Checkpoint_Alpha,Kinetic Agitation Spike,72.68
2026-09-15 17:12:48,Checkpoint_Alpha,Kinetic Agitation Spike,56.37
2026-09-15 17:12:48,Checkpoint_Alpha,Kinetic Agitation Spike,100.0
2026-09-15 17:12:48,Checkpoint_Alpha,Kinetic Agitation Spike,46.59
2026-09-15 17:12:48,Checkpoint_Alpha,Kinetic Agitation Spike,100.0
2026-09-15 17:12:48,Checkpoint_Alpha,Kinetic Agitation Spike,61.33
2026-09-15 17:12:48,Checkpoint_Alpha,Kinetic Agitation Spike,56.82
2026-09-15 17:12:48,Checkpoint_Alpha,Kinetic Agitation Spike,46.64
2026-09-15 17:12:48,Checkpoint_Alpha,Kinetic Agitation Spike,82.24
2026-09-15 17:12:48,Checkpoint_Alpha,Kinetic Agitation Spike,95.69
2026-09-15 17:12:48,Checkpoint_Alpha,Kinetic Agitation Spike,73.11
2026-09-15 17:12:48,Checkpoint_Alpha,Kinetic Agitation Spike,72.63
2026-09-15 17:12:48,Checkpoint_Alpha,Kinetic Agitation Spike,63.73
2026-09-15 17:12:48,Checkpoint_Alpha,Kinetic Agitation Spike,57.29
2026-09-15 17:12:48,Checkpoint_Alpha,Kinetic Agitation Spike,95.91
2026-09-15 17:12:48,Checkpoint_Alpha,Kinetic Agitation Spike,48.72
2026-09-15 17:12:48,Checkpoint_Alpha,Kinetic Agitation Spike,71.48
2026-09-15 17:12:48,Checkpoint_Alpha,Kinetic Agitation Spike,100.0
2026-09-15 17:12:48,Checkpoint_Alpha,Kinetic Agitation Spike,88.15
2026-09-15 17:12:48,Checkpoint_Alpha,Kinetic Agitation Spike,67.35
2026-09-15 17:12:48,Checkpoint_Alpha,Kinetic Agitation Spike,76.58
2026-09-15 17:12:48,Checkpoint_Alpha,Kinetic Agitation Spike,60.15
2026-09-15 17:12:48,Checkpoint_Alpha,Kinetic Agitation Spike,100.0
2026-09-15 17:12:48,Checkpoint_Alpha,Kinetic Agitation Spike,98.36
2026-09-15 17:12:48,Checkpoint_Alpha,Kinetic Agitation Spike,49.7
2026-09-15 17:12:48,Checkpoint_Alpha,Kinetic Agitation Spike,62.3
2026-09-15 17:12:48,Checkpoint_Alpha,Kinetic Agitation Spike,62.68
2026-09-15 17:12:48,Checkpoint_Alpha,Kinetic Agitation Spike,83.96
2026-09-15 17:12:48,Checkpoint_Alpha,Kinetic Agitation Spike,53.26
2026-09-15 17:12:48,Checkpoint_Alpha,Kinetic Agitation Spike,93.2
2026-09-15 17:12:48,Checkpoint_Alpha,Kinetic Agitation Spike,49.79
2026-09-15 17:12:49,Checkpoint_Alpha,Kinetic Agitation Spike,46.69
2026-09-15 17:12:49,Checkpoint_Alpha,Kinetic Agitation Spike,50.31
2026-09-15 17:12:49,Checkpoint_Alpha,Kinetic Agitation Spike,100.0
2026-09-15 17:12:49,Checkpoint_Alpha,Kinetic Agitation Spike,47.54
2026-09-15 17:12:49,Checkpoint_Alpha,Kinetic Agitation Spike,58.55
2026-09-15 17:12:49,Checkpoint_Alpha,Kinetic Agitation Spike,76.34
2026-09-15 17:12:49,Checkpoint_Alpha,Kinetic Agitation Spike,50.63
2026-09-15 17:12:49,Checkpoint_Alpha,Kinetic Agitation Spike,61.24
2026-09-15 17:12:49,Checkpoint_Alpha,Kinetic Agitation Spike,89.66
2026-09-15 17:12:49,Checkpoint_Alpha,Kinetic Agitation Spike,80.36
2026-09-15 17:12:49,Checkpoint_Alpha,Kinetic Agitation Spike,56.75
2026-09-15 17:12:49,Checkpoint_Alpha,Kinetic Agitation Spike,61.56
2026-09-15 17:12:49,Checkpoint_Alpha,Kinetic Agitation Spike,68.08
2026-09-15 17:12:49,Checkpoint_Alpha,Kinetic Agitation Spike,60.68
2026-09-15 17:12:49,Checkpoint_Alpha,Kinetic Agitation Spike,52.18
2026-09-15 17:12:49,Checkpoint_Alpha,Kinetic Agitation Spike,58.88
2026-09-15 17:12:49,Checkpoint_Alpha,Kinetic Agitation Spike,67.17
2026-09-15 17:12:49,Checkpoint_Alpha,Kinetic Agitation Spike,100.0
2026-09-15 17:12:49,Checkpoint_Alpha,Kinetic Agitation Spike,74.33
2026-09-15 17:12:50,Checkpoint_Alpha,Kinetic Agitation Spike,58.21
2026-09-15 17:12:50,Checkpoint_Alpha,Kinetic Agitation Spike,60.35
2026-09-15 17:12:50,Checkpoint_Alpha,Kinetic Agitation Spike,90.79
2026-09-15 17:12:50,Checkpoint_Alpha,Kinetic Agitation Spike,100.0
2026-09-15 17:12:50,Checkpoint_Alpha,Kinetic Agitation Spike,71.03
2026-09-15 17:12:50,Checkpoint_Alpha,Kinetic Agitation Spike,59.72
2026-09-15 17:12:50,Checkpoint_Alpha,Kinetic Agitation Spike,100.0
2026-09-15 17:12:50,Checkpoint_Alpha,Kinetic Agitation Spike,70.03
2026-09-15 17:12:50,Checkpoint_Alpha,Kinetic Agitation Spike,74.35
2026-09-15 17:12:50,Checkpoint_Alpha,Kinetic Agitation Spike,90.46
2026-09-15 17:12:50,Checkpoint_Alpha,Kinetic Agitation Spike,99.28
2026-09-15 17:12:50,Checkpoint_Alpha,Kinetic Agitation Spike,69.9
2026-09-15 17:12:50,Checkpoint_Alpha,Kinetic Agitation Spike,83.95
2026-09-15 17:12:50,Checkpoint_Alpha,Kinetic Agitation Spike,57.07
2026-09-15 17:12:50,Checkpoint_Alpha,Kinetic Agitation Spike,45.1
2026-09-15 17:12:50,Checkpoint_Alpha,Kinetic Agitation Spike,46.87
2026-09-15 17:12:51,Checkpoint_Alpha,Kinetic Agitation Spike,58.84
2026-09-15 17:12:51,Checkpoint_Alpha,Kinetic Agitation Spike,47.71
2026-09-15 17:12:51,Checkpoint_Alpha,Kinetic Agitation Spike,95.62
2026-09-15 17:12:51,Checkpoint_Alpha,Kinetic Agitation Spike,45.45
2026-09-15 17:12:51,Checkpoint_Alpha,Kinetic Agitation Spike,65.6
2026-09-15 17:12:51,Checkpoint_Alpha,Kinetic Agitation Spike,51.19
2026-09-15 17:12:51,Checkpoint_Alpha,Kinetic Agitation Spike,68.97
2026-09-15 17:12:51,Checkpoint_Alpha,Kinetic Agitation Spike,53.06
2026-09-15 17:12:51,Checkpoint_Alpha,Kinetic Agitation Spike,49.02
2026-09-15 17:12:51,Checkpoint_Alpha,Kinetic Agitation Spike,66.97
2026-09-15 17:12:51,Checkpoint_Alpha,Kinetic Agitation Spike,70.44
2026-09-15 17:12:51,Checkpoint_Alpha,Kinetic Agitation Spike,83.96
2026-09-15 17:12:51,Checkpoint_Alpha,Kinetic Agitation Spike,100.0
2026-09-15 17:12:51,Checkpoint_Alpha,Kinetic Agitation Spike,78.38
2026-09-15 17:12:52,Checkpoint_Alpha,Kinetic Agitation Spike,45.16
2026-09-15 17:12:52,Checkpoint_Alpha,Kinetic Agitation Spike,85.41
2026-09-15 17:12:52,Checkpoint_Alpha,Kinetic Agitation Spike,63.34
2026-09-15 17:12:52,Checkpoint_Alpha,Kinetic Agitation Spike,58.85
2026-09-15 17:12:52,Checkpoint_Alpha,Kinetic Agitation Spike,50.91
2026-09-15 17:12:52,Checkpoint_Alpha,Kinetic Agitation Spike,48.69
2026-09-15 17:12:52,Checkpoint_Alpha,Kinetic Agitation Spike,48.65
2026-09-15 17:12:52,Checkpoint_Alpha,Kinetic Agitation Spike,46.48
2026-09-15 17:12:52,Checkpoint_Alpha,Kinetic Agitation Spike,50.33
2026-09-15 17:12:52,Checkpoint_Alpha,Kinetic Agitation Spike,50.39
2026-09-15 17:12:52,Checkpoint_Alpha,Kinetic Agitation Spike,47.71
2026-09-15 17:12:52,Checkpoint_Alpha,Kinetic Agitation Spike,46.65
2026-09-15 17:12:52,Checkpoint_Alpha,Kinetic Agitation Spike,50.3
2026-09-15 17:12:52,Checkpoint_Alpha,Kinetic Agitation Spike,71.68
2026-09-15 17:12:52,Checkpoint_Alpha,Kinetic Agitation Spike,92.99
2026-09-15 17:12:53,Checkpoint_Alpha,Kinetic Agitation Spike,75.15
2026-09-15 17:12:53,Checkpoint_Alpha,Kinetic Agitation Spike,52.62
2026-09-15 17:12:53,Checkpoint_Alpha,Kinetic Agitation Spike,59.41
2026-09-15 17:12:53,Checkpoint_Alpha,Kinetic Agitation Spike,48.98
2026-09-15 17:12:53,Checkpoint_Alpha,Kinetic Agitation Spike,62.21
2026-09-15 17:12:53,Checkpoint_Alpha,Kinetic Agitation Spike,84.62
2026-09-15 17:12:53,Checkpoint_Alpha,Kinetic Agitation Spike,86.64
2026-09-15 17:12:53,Checkpoint_Alpha,Kinetic Agitation Spike,100.0
2026-09-15 17:12:53,Checkpoint_Alpha,Kinetic Agitation Spike,84.55
2026-09-15 17:12:53,Checkpoint_Alpha,Kinetic Agitation Spike,66.3
2026-09-15 17:12:53,Checkpoint_Alpha,Kinetic Agitation Spike,65.46
2026-09-15 17:12:53,Checkpoint_Alpha,Kinetic Agitation Spike,61.59
2026-09-15 17:12:53,Checkpoint_Alpha,Kinetic Agitation Spike,50.63
2026-09-15 17:12:53,Checkpoint_Alpha,Kinetic Agitation Spike,70.08
2026-09-15 17:12:53,Checkpoint_Alpha,Kinetic Agitation Spike,100.0
2026-09-15 17:12:53,Checkpoint_Alpha,Kinetic Agitation Spike,89.24
2026-09-15 17:12:53,Checkpoint_Alpha,Kinetic Agitation Spike,88.66
2026-09-15 17:12:53,Checkpoint_Alpha,Kinetic Agitation Spike,46.57
2026-09-15 17:12:53,Checkpoint_Alpha,Kinetic Agitation Spike,72.7
2026-09-15 17:12:53,Checkpoint_Alpha,Kinetic Agitation Spike,100.0
2026-09-15 17:12:53,Checkpoint_Alpha,Kinetic Agitation Spike,46.76
2026-09-15 17:12:53,Checkpoint_Alpha,Kinetic Agitation Spike,46.56
2026-09-15 17:12:53,Checkpoint_Alpha,Kinetic Agitation Spike,70.95
2026-09-15 17:12:53,Checkpoint_Alpha,Kinetic Agitation Spike,94.36
2026-09-15 17:12:53,Checkpoint_Alpha,Kinetic Agitation Spike,52.67
2026-09-15 17:12:53,Checkpoint_Alpha,Kinetic Agitation Spike,59.4
2026-09-15 17:12:53,Checkpoint_Alpha,Kinetic Agitation Spike,50.38
2026-09-15 17:12:53,Checkpoint_Alpha,Kinetic Agitation Spike,74.41
2026-09-15 17:12:53,Checkpoint_Alpha,Kinetic Agitation Spike,55.15
2026-09-15 17:12:53,Checkpoint_Alpha,Kinetic Agitation Spike,81.09
2026-09-15 17:12:53,Checkpoint_Alpha,Kinetic Agitation Spike,77.42
2026-09-15 17:12:53,Checkpoint_Alpha,Kinetic Agitation Spike,55.16
2026-09-15 17:12:54,Checkpoint_Alpha,Kinetic Agitation Spike,72.35
2026-09-15 17:12:54,Checkpoint_Alpha,Kinetic Agitation Spike,60.6
2026-09-15 17:12:54,Checkpoint_Alpha,Kinetic Agitation Spike,81.96
2026-09-15 17:12:54,Checkpoint_Alpha,Kinetic Agitation Spike,53.49
2026-09-15 17:12:54,Checkpoint_Alpha,Kinetic Agitation Spike,50.95
2026-09-15 17:12:54,Checkpoint_Alpha,Kinetic Agitation Spike,64.23
2026-09-15 17:12:54,Checkpoint_Alpha,Kinetic Agitation Spike,56.26
2026-09-15 17:12:54,Checkpoint_Alpha,Kinetic Agitation Spike,51.63
2026-09-15 17:12:54,Checkpoint_Alpha,Kinetic Agitation Spike,89.15
2026-09-15 17:12:54,Checkpoint_Alpha,Kinetic Agitation Spike,79.83
2026-09-15 17:12:54,Checkpoint_Alpha,Kinetic Agitation Spike,75.58
2026-09-15 17:12:54,Checkpoint_Alpha,Kinetic Agitation Spike,46.91
2026-09-15 17:12:54,Checkpoint_Alpha,Kinetic Agitation Spike,50.91
2026-09-15 17:12:54,Checkpoint_Alpha,Kinetic Agitation Spike,49.98
2026-09-15 17:12:54,Checkpoint_Alpha,Kinetic Agitation Spike,53.54
2026-09-15 17:12:54,Checkpoint_Alpha,Kinetic Agitation Spike,68.77
2026-09-15 17:12:54,Checkpoint_Alpha,Kinetic Agitation Spike,50.27
2026-09-15 17:12:54,Checkpoint_Alpha,Kinetic Agitation Spike,64.07
2026-09-15 17:12:54,Checkpoint_Alpha,Kinetic Agitation Spike,79.16
2026-09-15 17:12:54,Checkpoint_Alpha,Kinetic Agitation Spike,69.18
2026-09-15 17:12:54,Checkpoint_Alpha,Kinetic Agitation Spike,67.98
2026-09-15 17:12:54,Checkpoint_Alpha,Kinetic Agitation Spike,59.21
2026-09-15 17:12:54,Checkpoint_Alpha,Kinetic Agitation Spike,46.67
2026-09-15 17:12:54,Checkpoint_Alpha,Kinetic Agitation Spike,49.12
2026-09-15 17:12:54,Checkpoint_Alpha,Kinetic Agitation Spike,62.26
2026-09-15 17:12:54,Checkpoint_Alpha,Kinetic Agitation Spike,53.31
2026-09-15 17:12:54,Checkpoint_Alpha,Kinetic Agitation Spike,64.52
2026-09-15 17:12:55,Checkpoint_Alpha,Kinetic Agitation Spike,74.49
2026-09-15 17:12:55,Checkpoint_Alpha,Kinetic Agitation Spike,70.82
2026-09-15 17:12:55,Checkpoint_Alpha,Kinetic Agitation Spike,74.87
2026-09-15 17:12:55,Checkpoint_Alpha,Kinetic Agitation Spike,50.43
2026-09-15 17:12:55,Checkpoint_Alpha,Kinetic Agitation Spike,49.43
2026-09-15 17:12:55,Checkpoint_Alpha,Kinetic Agitation Spike,74.4
2026-09-15 17:12:55,Checkpoint_Alpha,Kinetic Agitation Spike,56.2
2026-09-15 17:12:55,Checkpoint_Alpha,Kinetic Agitation Spike,49.11
2026-09-15 17:12:55,Checkpoint_Alpha,Kinetic Agitation Spike,45.59
2026-09-15 17:12:55,Checkpoint_Alpha,Kinetic Agitation Spike,82.15
2026-09-15 17:12:55,Checkpoint_Alpha,Kinetic Agitation Spike,48.13
2026-09-15 17:12:55,Checkpoint_Alpha,Kinetic Agitation Spike,100.0
2026-09-15 17:12:55,Checkpoint_Alpha,Kinetic Agitation Spike,68.29
2026-09-15 17:12:55,Checkpoint_Alpha,Kinetic Agitation Spike,46.88
2026-09-15 17:12:55,Checkpoint_Alpha,Kinetic Agitation Spike,60.47
2026-09-15 17:12:55,Checkpoint_Alpha,Kinetic Agitation Spike,64.78
2026-09-15 17:12:55,Checkpoint_Alpha,Kinetic Agitation Spike,74.16
2026-09-15 17:12:55,Checkpoint_Alpha,Kinetic Agitation Spike,53.51
2026-09-15 17:12:55,Checkpoint_Alpha,Kinetic Agitation Spike,57.36
2026-09-15 17:12:55,Checkpoint_Alpha,Kinetic Agitation Spike,57.47
2026-09-15 17:12:55,Checkpoint_Alpha,Kinetic Agitation Spike,49.38
2026-09-15 17:12:55,Checkpoint_Alpha,Kinetic Agitation Spike,54.47
2026-09-15 17:12:55,Checkpoint_Alpha,Kinetic Agitation Spike,49.28
2026-09-15 17:12:55,Checkpoint_Alpha,Kinetic Agitation Spike,51.62
2026-09-15 17:12:55,Checkpoint_Alpha,Kinetic Agitation Spike,57.32
2026-09-15 17:12:55,Checkpoint_Alpha,Kinetic Agitation Spike,54.86
2026-09-15 17:12:55,Checkpoint_Alpha,Kinetic Agitation Spike,47.08
2026-09-15 17:12:55,Checkpoint_Alpha,Kinetic Agitation Spike,50.02
2026-09-15 17:12:55,Checkpoint_Alpha,Kinetic Agitation Spike,55.02
2026-09-15 17:12:56,Checkpoint_Alpha,Kinetic Agitation Spike,82.05
2026-09-15 17:12:56,Checkpoint_Alpha,Kinetic Agitation Spike,68.59
2026-09-15 17:12:56,Checkpoint_Alpha,Kinetic Agitation Spike,53.21
2026-09-15 17:12:56,Checkpoint_Alpha,Kinetic Agitation Spike,87.73
2026-09-15 17:12:56,Checkpoint_Alpha,Kinetic Agitation Spike,49.79
2026-09-15 17:12:56,Checkpoint_Alpha,Kinetic Agitation Spike,49.38
2026-09-15 17:12:56,Checkpoint_Alpha,Kinetic Agitation Spike,47.64
2026-09-15 17:12:56,Checkpoint_Alpha,Kinetic Agitation Spike,45.31
2026-09-15 17:12:56,Checkpoint_Alpha,Kinetic Agitation Spike,58.91
2026-09-15 17:12:56,Checkpoint_Alpha,Kinetic Agitation Spike,52.36
2026-09-15 17:12:56,Checkpoint_Alpha,Kinetic Agitation Spike,100.0
2026-09-15 17:12:56,Checkpoint_Alpha,Kinetic Agitation Spike,63.33
2026-09-15 17:12:56,Checkpoint_Alpha,Kinetic Agitation Spike,94.72
2026-09-15 17:12:56,Checkpoint_Alpha,Kinetic Agitation Spike,53.1
2026-09-15 17:12:56,Checkpoint_Alpha,Kinetic Agitation Spike,51.01
2026-09-15 17:12:56,Checkpoint_Alpha,Kinetic Agitation Spike,99.01
2026-09-15 17:12:56,Checkpoint_Alpha,Kinetic Agitation Spike,90.68
2026-09-15 17:12:56,Checkpoint_Alpha,Kinetic Agitation Spike,57.94
2026-09-15 17:12:56,Checkpoint_Alpha,Kinetic Agitation Spike,48.73
2026-09-15 17:12:56,Checkpoint_Alpha,Kinetic Agitation Spike,100.0
2026-09-15 17:12:56,Checkpoint_Alpha,Kinetic Agitation Spike,53.86
2026-09-15 17:12:56,Checkpoint_Alpha,Kinetic Agitation Spike,51.63
2026-09-15 17:12:56,Checkpoint_Alpha,Kinetic Agitation Spike,56.42
2026-09-15 17:12:56,Checkpoint_Alpha,Kinetic Agitation Spike,73.1
2026-09-15 17:12:57,Checkpoint_Alpha,Kinetic Agitation Spike,46.34
2026-09-15 17:12:57,Checkpoint_Alpha,Kinetic Agitation Spike,97.32
2026-09-15 17:12:57,Checkpoint_Alpha,Kinetic Agitation Spike,50.62
2026-09-15 17:12:57,Checkpoint_Alpha,Kinetic Agitation Spike,73.56
2026-09-15 17:12:57,Checkpoint_Alpha,Kinetic Agitation Spike,100.0
2026-09-15 17:12:57,Checkpoint_Alpha,Kinetic Agitation Spike,57.48
2026-09-15 17:12:57,Checkpoint_Alpha,Kinetic Agitation Spike,50.23
2026-09-15 17:12:57,Checkpoint_Alpha,Kinetic Agitation Spike,72.58
2026-09-15 17:12:57,Checkpoint_Alpha,Kinetic Agitation Spike,53.65
2026-09-15 17:12:57,Checkpoint_Alpha,Kinetic Agitation Spike,88.61
2026-09-15 17:12:57,Checkpoint_Alpha,Kinetic Agitation Spike,57.09
2026-09-15 17:12:57,Checkpoint_Alpha,Kinetic Agitation Spike,59.81
2026-09-15 17:12:57,Checkpoint_Alpha,Kinetic Agitation Spike,71.7
2026-09-15 17:12:57,Checkpoint_Alpha,Kinetic Agitation Spike,74.01
2026-09-15 17:12:57,Checkpoint_Alpha,Kinetic Agitation Spike,73.12
2026-09-15 17:12:58,Checkpoint_Alpha,Kinetic Agitation Spike,48.77
2026-09-15 17:12:58,Checkpoint_Alpha,Kinetic Agitation Spike,72.19
2026-09-15 17:12:58,Checkpoint_Alpha,Kinetic Agitation Spike,47.38
2026-09-15 17:12:58,Checkpoint_Alpha,Kinetic Agitation Spike,52.1
2026-09-15 17:12:58,Checkpoint_Alpha,Kinetic Agitation Spike,49.31
2026-09-15 17:12:58,Checkpoint_Alpha,Kinetic Agitation Spike,91.93
2026-09-15 17:12:58,Checkpoint_Alpha,Kinetic Agitation Spike,47.0
2026-09-15 17:12:58,Checkpoint_Alpha,Kinetic Agitation Spike,76.55
2026-09-15 17:12:58,Checkpoint_Alpha,Kinetic Agitation Spike,54.57
2026-09-15 17:12:58,Checkpoint_Alpha,Kinetic Agitation Spike,59.44
2026-09-15 17:12:58,Checkpoint_Alpha,Kinetic Agitation Spike,45.87
2026-09-15 17:12:58,Checkpoint_Alpha,Kinetic Agitation Spike,88.46
2026-09-15 17:12:58,Checkpoint_Alpha,Kinetic Agitation Spike,55.59
2026-09-15 17:12:58,Checkpoint_Alpha,Kinetic Agitation Spike,83.86
2026-09-15 17:12:58,Checkpoint_Alpha,Kinetic Agitation Spike,59.48
2026-09-15 17:12:58,Checkpoint_Alpha,Kinetic Agitation Spike,49.86
2026-09-15 17:12:58,Checkpoint_Alpha,Kinetic Agitation Spike,76.23
2026-09-15 17:12:58,Checkpoint_Alpha,Kinetic Agitation Spike,68.39
2026-09-15 17:12:58,Checkpoint_Alpha,Kinetic Agitation Spike,55.97
2026-09-15 17:12:58,Checkpoint_Alpha,Kinetic Agitation Spike,54.57
2026-09-15 17:12:58,Checkpoint_Alpha,Kinetic Agitation Spike,51.1
2026-09-15 17:12:58,Checkpoint_Alpha,Kinetic Agitation Spike,80.27
2026-09-15 17:12:58,Checkpoint_Alpha,Kinetic Agitation Spike,57.24
2026-09-15 17:12:58,Checkpoint_Alpha,Kinetic Agitation Spike,69.58
2026-09-15 17:12:58,Checkpoint_Alpha,Kinetic Agitation Spike,100.0
2026-09-15 17:12:58,Checkpoint_Alpha,Kinetic Agitation Spike,94.96
2026-09-15 17:12:58,Checkpoint_Alpha,Kinetic Agitation Spike,90.27
2026-09-15 17:12:58,Checkpoint_Alpha,Kinetic Agitation Spike,60.6
2026-09-15 17:12:58,Checkpoint_Alpha,Kinetic Agitation Spike,84.22
2026-09-15 17:12:58,Checkpoint_Alpha,Kinetic Agitation Spike,54.81
2026-09-15 17:12:58,Checkpoint_Alpha,Kinetic Agitation Spike,100.0
2026-09-15 17:12:58,Checkpoint_Alpha,Kinetic Agitation Spike,69.23
2026-09-15 17:12:58,Checkpoint_Alpha,Kinetic Agitation Spike,66.01
2026-09-15 17:12:58,Checkpoint_Alpha,Kinetic Agitation Spike,67.15
2026-09-15 17:12:58,Checkpoint_Alpha,Kinetic Agitation Spike,75.93
2026-09-15 17:12:58,Checkpoint_Alpha,Kinetic Agitation Spike,86.02
2026-09-15 17:12:58,Checkpoint_Alpha,Kinetic Agitation Spike,52.71
2026-09-15 17:12:58,Checkpoint_Alpha,Kinetic Agitation Spike,74.25
2026-09-15 17:12:59,Checkpoint_Alpha,Kinetic Agitation Spike,61.1
2026-09-15 17:12:59,Checkpoint_Alpha,Kinetic Agitation Spike,77.14
2026-09-15 17:12:59,Checkpoint_Alpha,Kinetic Agitation Spike,85.9
2026-09-15 17:12:59,Checkpoint_Alpha,Kinetic Agitation Spike,91.21
2026-09-15 17:12:59,Checkpoint_Alpha,Kinetic Agitation Spike,54.13
2026-09-15 17:12:59,Checkpoint_Alpha,Kinetic Agitation Spike,54.76
2026-09-15 17:12:59,Checkpoint_Alpha,Kinetic Agitation Spike,90.87
2026-09-15 17:12:59,Checkpoint_Alpha,Kinetic Agitation Spike,80.72
2026-09-15 17:12:59,Checkpoint_Alpha,Kinetic Agitation Spike,92.23
2026-09-15 17:12:59,Checkpoint_Alpha,Kinetic Agitation Spike,91.51
2026-09-15 17:12:59,Checkpoint_Alpha,Kinetic Agitation Spike,100.0
2026-09-15 17:12:59,Checkpoint_Alpha,Kinetic Agitation Spike,93.99
2026-09-15 17:12:59,Checkpoint_Alpha,Kinetic Agitation Spike,64.89
2026-09-15 17:12:59,Checkpoint_Alpha,Kinetic Agitation Spike,78.05
2026-09-15 17:12:59,Checkpoint_Alpha,Kinetic Agitation Spike,99.31
2026-09-15 17:12:59,Checkpoint_Alpha,Kinetic Agitation Spike,57.12
2026-09-15 17:12:59,Checkpoint_Alpha,Kinetic Agitation Spike,88.88
2026-09-15 17:12:59,Checkpoint_Alpha,Kinetic Agitation Spike,83.57
2026-09-15 17:12:59,Checkpoint_Alpha,Kinetic Agitation Spike,50.91
2026-09-15 17:12:59,Checkpoint_Alpha,Kinetic Agitation Spike,63.43
2026-09-15 17:12:59,Checkpoint_Alpha,Kinetic Agitation Spike,93.96
2026-09-15 17:12:59,Checkpoint_Alpha,Kinetic Agitation Spike,75.09
2026-09-15 17:12:59,Checkpoint_Alpha,Kinetic Agitation Spike,100.0
2026-09-15 17:12:59,Checkpoint_Alpha,Kinetic Agitation Spike,79.04
2026-09-15 17:12:59,Checkpoint_Alpha,Kinetic Agitation Spike,100.0
2026-09-15 17:12:59,Checkpoint_Alpha,Kinetic Agitation Spike,52.44
2026-09-15 17:12:59,Checkpoint_Alpha,Kinetic Agitation Spike,60.79
2026-09-15 17:12:59,Checkpoint_Alpha,Kinetic Agitation Spike,92.18
2026-09-15 17:12:59,Checkpoint_Alpha,Kinetic Agitation Spike,67.01
2026-09-15 17:12:59,Checkpoint_Alpha,Kinetic Agitation Spike,60.69
2026-09-15 17:12:59,Checkpoint_Alpha,Kinetic Agitation Spike,100.0
2026-09-15 17:12:59,Checkpoint_Alpha,Kinetic Agitation Spike,74.82
2026-09-15 17:12:59,Checkpoint_Alpha,Kinetic Agitation Spike,74.7
2026-09-15 17:12:59,Checkpoint_Alpha,Kinetic Agitation Spike,57.33
2026-09-15 17:12:59,Checkpoint_Alpha,Kinetic Agitation Spike,49.5
2026-09-15 17:12:59,Checkpoint_Alpha,Kinetic Agitation Spike,86.29
2026-09-15 17:12:59,Checkpoint_Alpha,Kinetic Agitation Spike,55.75
2026-09-15 17:12:59,Checkpoint_Alpha,Kinetic Agitation Spike,77.38
2026-09-15 17:12:59,Checkpoint_Alpha,Kinetic Agitation Spike,46.83
2026-09-15 17:12:59,Checkpoint_Alpha,Kinetic Agitation Spike,100.0
2026-09-15 17:12:59,Checkpoint_Alpha,Kinetic Agitation Spike,59.73
2026-09-15 17:12:59,Checkpoint_Alpha,Kinetic Agitation Spike,51.07
2026-09-15 17:13:00,Checkpoint_Alpha,Kinetic Agitation Spike,46.24
2026-09-15 17:13:00,Checkpoint_Alpha,Kinetic Agitation Spike,100.0
2026-09-15 17:13:00,Checkpoint_Alpha,Kinetic Agitation Spike,52.07
2026-09-15 17:13:00,Checkpoint_Alpha,Kinetic Agitation Spike,48.72
2026-09-15 17:13:00,Checkpoint_Alpha,Kinetic Agitation Spike,61.93
2026-09-15 17:13:00,Checkpoint_Alpha,Kinetic Agitation Spike,100.0
2026-09-15 17:13:00,Checkpoint_Alpha,Kinetic Agitation Spike,88.44
2026-09-15 17:13:00,Checkpoint_Alpha,Kinetic Agitation Spike,77.6
2026-09-15 17:13:00,Checkpoint_Alpha,Kinetic Agitation Spike,59.7
2026-09-15 17:13:00,Checkpoint_Alpha,Kinetic Agitation Spike,45.61
2026-09-15 17:13:00,Checkpoint_Alpha,Kinetic Agitation Spike,67.44
2026-09-15 17:13:00,Checkpoint_Alpha,Kinetic Agitation Spike,62.23
2026-09-15 17:13:00,Checkpoint_Alpha,Kinetic Agitation Spike,71.02
2026-09-15 17:13:00,Checkpoint_Alpha,Kinetic Agitation Spike,59.62
2026-09-15 17:13:00,Checkpoint_Alpha,Kinetic Agitation Spike,54.52
2026-09-15 17:13:00,Checkpoint_Alpha,Kinetic Agitation Spike,78.28
2026-09-15 17:13:00,Checkpoint_Alpha,Kinetic Agitation Spike,49.8
2026-09-15 17:13:00,Checkpoint_Alpha,Kinetic Agitation Spike,73.55
2026-09-15 17:13:00,Checkpoint_Alpha,Kinetic Agitation Spike,49.31
2026-09-15 17:13:00,Checkpoint_Alpha,Kinetic Agitation Spike,60.28
2026-09-15 17:13:00,Checkpoint_Alpha,Kinetic Agitation Spike,55.2
2026-09-15 17:13:00,Checkpoint_Alpha,Kinetic Agitation Spike,70.45
2026-09-15 17:13:00,Checkpoint_Alpha,Kinetic Agitation Spike,49.22
2026-09-15 17:13:00,Checkpoint_Alpha,Kinetic Agitation Spike,64.14
2026-09-15 17:13:00,Checkpoint_Alpha,Kinetic Agitation Spike,89.65
2026-09-15 17:13:00,Checkpoint_Alpha,Kinetic Agitation Spike,64.91
2026-09-15 17:13:00,Checkpoint_Alpha,Kinetic Agitation Spike,54.84
2026-09-15 17:13:00,Checkpoint_Alpha,Kinetic Agitation Spike,72.93
2026-09-15 17:13:00,Checkpoint_Alpha,Kinetic Agitation Spike,51.22
2026-09-15 17:13:00,Checkpoint_Alpha,Kinetic Agitation Spike,46.62
2026-09-15 17:13:00,Checkpoint_Alpha,Kinetic Agitation Spike,53.08
2026-09-15 17:13:01,Checkpoint_Alpha,Kinetic Agitation Spike,68.66
2026-09-15 17:13:01,Checkpoint_Alpha,Kinetic Agitation Spike,54.7
2026-09-15 17:13:01,Checkpoint_Alpha,Kinetic Agitation Spike,83.58
2026-09-15 17:13:01,Checkpoint_Alpha,Kinetic Agitation Spike,61.33
2026-09-15 17:13:01,Checkpoint_Alpha,Kinetic Agitation Spike,53.89
2026-09-15 17:13:01,Checkpoint_Alpha,Kinetic Agitation Spike,100.0
2026-09-15 17:13:01,Checkpoint_Alpha,Kinetic Agitation Spike,63.48
2026-09-15 17:13:01,Checkpoint_Alpha,Kinetic Agitation Spike,76.39
2026-09-15 17:13:01,Checkpoint_Alpha,Kinetic Agitation Spike,64.3
2026-09-15 17:13:01,Checkpoint_Alpha,Kinetic Agitation Spike,46.56
2026-09-15 17:13:01,Checkpoint_Alpha,Kinetic Agitation Spike,60.91
2026-09-15 17:13:01,Checkpoint_Alpha,Kinetic Agitation Spike,65.71
2026-09-15 17:13:01,Checkpoint_Alpha,Kinetic Agitation Spike,45.4
2026-09-15 17:13:01,Checkpoint_Alpha,Kinetic Agitation Spike,100.0
2026-09-15 17:13:01,Checkpoint_Alpha,Kinetic Agitation Spike,65.96
2026-09-15 17:13:01,Checkpoint_Alpha,Kinetic Agitation Spike,63.92
2026-09-15 17:13:01,Checkpoint_Alpha,Kinetic Agitation Spike,80.06
2026-09-15 17:13:01,Checkpoint_Alpha,Kinetic Agitation Spike,49.34
2026-09-15 17:13:01,Checkpoint_Alpha,Kinetic Agitation Spike,91.63
2026-09-15 17:13:01,Checkpoint_Alpha,Kinetic Agitation Spike,97.0
2026-09-15 17:13:01,Checkpoint_Alpha,Kinetic Agitation Spike,59.7
2026-09-15 17:13:01,Checkpoint_Alpha,Kinetic Agitation Spike,65.33
2026-09-15 17:13:01,Checkpoint_Alpha,Kinetic Agitation Spike,64.68
2026-09-15 17:13:01,Checkpoint_Alpha,Kinetic Agitation Spike,68.67
2026-09-15 17:13:01,Checkpoint_Alpha,Kinetic Agitation Spike,66.97
2026-09-15 17:13:01,Checkpoint_Alpha,Kinetic Agitation Spike,55.17
2026-09-15 17:13:01,Checkpoint_Alpha,Kinetic Agitation Spike,58.39
2026-09-15 17:13:01,Checkpoint_Alpha,Kinetic Agitation Spike,77.62
2026-09-15 17:13:01,Checkpoint_Alpha,Kinetic Agitation Spike,72.34
2026-09-15 17:13:01,Checkpoint_Alpha,Kinetic Agitation Spike,51.09
2026-09-15 17:13:01,Checkpoint_Alpha,Kinetic Agitation Spike,63.01
2026-09-15 17:13:01,Checkpoint_Alpha,Kinetic Agitation Spike,93.21
2026-09-15 17:13:01,Checkpoint_Alpha,Kinetic Agitation Spike,58.07
2026-09-15 17:13:01,Checkpoint_Alpha,Kinetic Agitation Spike,77.81
2026-09-15 17:13:02,Checkpoint_Alpha,Kinetic Agitation Spike,100.0
2026-09-15 17:13:02,Checkpoint_Alpha,Kinetic Agitation Spike,97.27
2026-09-15 17:13:02,Checkpoint_Alpha,Kinetic Agitation Spike,69.44
2026-09-15 17:13:02,Checkpoint_Alpha,Kinetic Agitation Spike,100.0
2026-09-15 17:13:02,Checkpoint_Alpha,Kinetic Agitation Spike,61.86
2026-09-15 17:13:02,Checkpoint_Alpha,Kinetic Agitation Spike,100.0
2026-09-15 17:13:02,Checkpoint_Alpha,Kinetic Agitation Spike,92.44
2026-09-15 17:13:02,Checkpoint_Alpha,Kinetic Agitation Spike,53.51
2026-09-15 17:13:02,Checkpoint_Alpha,Kinetic Agitation Spike,62.89
2026-09-15 17:13:02,Checkpoint_Alpha,Kinetic Agitation Spike,86.73
2026-09-15 17:13:02,Checkpoint_Alpha,Kinetic Agitation Spike,81.4
2026-09-15 17:13:02,Checkpoint_Alpha,Kinetic Agitation Spike,83.7
2026-09-15 17:13:02,Checkpoint_Alpha,Kinetic Agitation Spike,78.7
2026-09-15 17:13:02,Checkpoint_Alpha,Kinetic Agitation Spike,100.0
2026-09-15 17:13:02,Checkpoint_Alpha,Kinetic Agitation Spike,89.12
2026-09-15 17:13:02,Checkpoint_Alpha,Kinetic Agitation Spike,95.47
2026-09-15 17:13:02,Checkpoint_Alpha,Kinetic Agitation Spike,54.36
2026-09-15 17:13:02,Checkpoint_Alpha,Kinetic Agitation Spike,45.96
2026-09-15 17:13:02,Checkpoint_Alpha,Kinetic Agitation Spike,83.56
2026-09-15 17:13:02,Checkpoint_Alpha,Kinetic Agitation Spike,100.0
2026-09-15 17:13:02,Checkpoint_Alpha,Kinetic Agitation Spike,100.0
2026-09-15 17:13:02,Checkpoint_Alpha,Kinetic Agitation Spike,49.96
2026-09-15 17:13:02,Checkpoint_Alpha,Kinetic Agitation Spike,48.17
2026-09-15 17:13:02,Checkpoint_Alpha,Kinetic Agitation Spike,52.17
2026-09-15 17:13:02,Checkpoint_Alpha,Kinetic Agitation Spike,74.14
2026-09-15 17:13:02,Checkpoint_Alpha,Kinetic Agitation Spike,100.0
2026-09-15 17:13:02,Checkpoint_Alpha,Kinetic Agitation Spike,100.0
2026-09-15 17:13:02,Checkpoint_Alpha,Kinetic Agitation Spike,59.33
2026-09-15 17:13:02,Checkpoint_Alpha,Kinetic Agitation Spike,46.86
2026-09-15 17:13:02,Checkpoint_Alpha,Kinetic Agitation Spike,100.0
2026-09-15 17:13:02,Checkpoint_Alpha,Kinetic Agitation Spike,100.0
2026-09-15 17:13:02,Checkpoint_Alpha,Kinetic Agitation Spike,100.0
2026-09-15 17:13:02,Checkpoint_Alpha,Kinetic Agitation Spike,70.77
2026-09-15 17:13:02,Checkpoint_Alpha,Kinetic Agitation Spike,100.0
2026-09-15 17:13:02,Checkpoint_Alpha,Kinetic Agitation Spike,98.19
2026-09-15 17:13:02,Checkpoint_Alpha,Kinetic Agitation Spike,59.92
2026-09-15 17:13:02,Checkpoint_Alpha,Kinetic Agitation Spike,96.01
2026-09-15 17:13:02,Checkpoint_Alpha,Kinetic Agitation Spike,48.21
2026-09-15 17:13:02,Checkpoint_Alpha,Kinetic Agitation Spike,76.31
2026-09-15 17:13:02,Checkpoint_Alpha,Kinetic Agitation Spike,96.54
2026-09-15 17:13:03,Checkpoint_Alpha,Kinetic Agitation Spike,50.71
2026-09-15 17:13:03,Checkpoint_Alpha,Kinetic Agitation Spike,45.85
2026-09-15 17:13:03,Checkpoint_Alpha,Kinetic Agitation Spike,99.73
2026-09-15 17:13:03,Checkpoint_Alpha,Kinetic Agitation Spike,96.05
2026-09-15 17:13:03,Checkpoint_Alpha,Kinetic Agitation Spike,79.75
2026-09-15 17:13:03,Checkpoint_Alpha,Kinetic Agitation Spike,98.63
2026-09-15 17:13:03,Checkpoint_Alpha,Kinetic Agitation Spike,92.13
2026-09-15 17:13:03,Checkpoint_Alpha,Kinetic Agitation Spike,49.59
2026-09-15 17:13:03,Checkpoint_Alpha,Kinetic Agitation Spike,55.24
2026-09-15 17:13:03,Checkpoint_Alpha,Kinetic Agitation Spike,46.73
2026-09-15 17:13:03,Checkpoint_Alpha,Kinetic Agitation Spike,50.24
2026-09-15 17:13:03,Checkpoint_Alpha,Kinetic Agitation Spike,95.87
2026-09-15 17:13:03,Checkpoint_Alpha,Kinetic Agitation Spike,65.18
2026-09-15 17:13:03,Checkpoint_Alpha,Kinetic Agitation Spike,100.0
2026-09-15 17:13:03,Checkpoint_Alpha,Kinetic Agitation Spike,100.0
2026-09-15 17:13:03,Checkpoint_Alpha,Kinetic Agitation Spike,47.16
2026-09-15 17:13:03,Checkpoint_Alpha,Kinetic Agitation Spike,96.82
2026-09-15 17:13:03,Checkpoint_Alpha,Kinetic Agitation Spike,100.0
2026-09-15 17:13:03,Checkpoint_Alpha,Kinetic Agitation Spike,70.11
2026-09-15 17:13:03,Checkpoint_Alpha,Kinetic Agitation Spike,74.47
2026-09-15 17:13:03,Checkpoint_Alpha,Kinetic Agitation Spike,100.0
2026-09-15 17:13:03,Checkpoint_Alpha,Kinetic Agitation Spike,100.0
2026-09-15 17:13:03,Checkpoint_Alpha,Kinetic Agitation Spike,46.23
2026-09-15 17:13:03,Checkpoint_Alpha,Kinetic Agitation Spike,52.29
2026-09-15 17:13:03,Checkpoint_Alpha,Kinetic Agitation Spike,100.0
2026-09-15 17:13:03,Checkpoint_Alpha,Kinetic Agitation Spike,56.7
2026-09-15 17:13:03,Checkpoint_Alpha,Kinetic Agitation Spike,73.36
2026-09-15 17:13:03,Checkpoint_Alpha,Kinetic Agitation Spike,63.35
2026-09-15 17:13:03,Checkpoint_Alpha,Kinetic Agitation Spike,50.52
2026-09-15 17:13:03,Checkpoint_Alpha,Kinetic Agitation Spike,100.0
2026-09-15 17:13:03,Checkpoint_Alpha,Kinetic Agitation Spike,74.23
2026-09-15 17:13:04,Checkpoint_Alpha,Kinetic Agitation Spike,48.82
2026-09-15 17:13:04,Checkpoint_Alpha,Kinetic Agitation Spike,46.49
2026-09-15 17:13:04,Checkpoint_Alpha,Kinetic Agitation Spike,98.3
2026-09-15 17:13:04,Checkpoint_Alpha,Kinetic Agitation Spike,100.0
2026-09-15 17:13:04,Checkpoint_Alpha,Kinetic Agitation Spike,100.0
2026-09-15 17:13:04,Checkpoint_Alpha,Kinetic Agitation Spike,100.0
2026-09-15 17:13:04,Checkpoint_Alpha,Kinetic Agitation Spike,100.0
2026-09-15 17:13:04,Checkpoint_Alpha,Kinetic Agitation Spike,100.0
2026-09-15 17:13:04,Checkpoint_Alpha,Kinetic Agitation Spike,54.58
2026-09-15 17:13:04,Checkpoint_Alpha,Kinetic Agitation Spike,100.0
2026-09-15 17:13:04,Checkpoint_Alpha,Kinetic Agitation Spike,60.16
2026-09-15 17:13:04,Checkpoint_Alpha,Kinetic Agitation Spike,54.52
2026-09-15 17:13:04,Checkpoint_Alpha,Kinetic Agitation Spike,66.73
2026-09-15 17:13:04,Checkpoint_Alpha,Kinetic Agitation Spike,100.0
2026-09-15 17:13:04,Checkpoint_Alpha,Kinetic Agitation Spike,61.43
2026-09-15 17:13:04,Checkpoint_Alpha,Kinetic Agitation Spike,70.48
2026-09-15 17:13:04,Checkpoint_Alpha,Kinetic Agitation Spike,70.14
2026-09-15 17:13:04,Checkpoint_Alpha,Kinetic Agitation Spike,100.0
2026-09-15 17:13:04,Checkpoint_Alpha,Kinetic Agitation Spike,68.98
2026-09-15 17:13:04,Checkpoint_Alpha,Kinetic Agitation Spike,99.39
2026-09-15 17:13:04,Checkpoint_Alpha,Kinetic Agitation Spike,70.96
2026-09-15 17:13:04,Checkpoint_Alpha,Kinetic Agitation Spike,100.0
2026-09-15 17:13:04,Checkpoint_Alpha,Kinetic Agitation Spike,76.15
2026-09-15 17:13:04,Checkpoint_Alpha,Kinetic Agitation Spike,100.0
2026-09-15 17:13:04,Checkpoint_Alpha,Kinetic Agitation Spike,96.56
2026-09-15 17:13:04,Checkpoint_Alpha,Kinetic Agitation Spike,62.37
2026-09-15 17:13:04,Checkpoint_Alpha,Kinetic Agitation Spike,100.0
2026-09-15 17:13:04,Checkpoint_Alpha,Kinetic Agitation Spike,63.79
2026-09-15 17:13:04,Checkpoint_Alpha,Kinetic Agitation Spike,72.27
2026-09-15 17:13:04,Checkpoint_Alpha,Kinetic Agitation Spike,100.0
2026-09-15 17:13:04,Checkpoint_Alpha,Kinetic Agitation Spike,99.76
2026-09-15 17:13:04,Checkpoint_Alpha,Kinetic Agitation Spike,74.32
2026-09-15 17:13:04,Checkpoint_Alpha,Kinetic Agitation Spike,77.91
2026-09-15 17:13:04,Checkpoint_Alpha,Kinetic Agitation Spike,100.0
2026-09-15 17:13:04,Checkpoint_Alpha,Kinetic Agitation Spike,100.0
2026-09-15 17:13:04,Checkpoint_Alpha,Kinetic Agitation Spike,99.2
2026-09-15 17:13:04,Checkpoint_Alpha,Kinetic Agitation Spike,58.41
2026-09-15 17:13:04,Checkpoint_Alpha,Kinetic Agitation Spike,52.83
2026-09-15 17:13:04,Checkpoint_Alpha,Kinetic Agitation Spike,67.46
2026-09-15 17:13:04,Checkpoint_Alpha,Kinetic Agitation Spike,98.04
2026-09-15 17:13:04,Checkpoint_Alpha,Kinetic Agitation Spike,93.89
2026-09-15 17:13:04,Checkpoint_Alpha,Kinetic Agitation Spike,60.77
2026-09-15 17:13:04,Checkpoint_Alpha,Kinetic Agitation Spike,57.16
2026-09-15 17:13:04,Checkpoint_Alpha,Kinetic Agitation Spike,100.0
2026-09-15 17:13:04,Checkpoint_Alpha,Kinetic Agitation Spike,57.68
2026-09-15 17:13:04,Checkpoint_Alpha,Kinetic Agitation Spike,50.84
2026-09-15 17:13:04,Checkpoint_Alpha,Kinetic Agitation Spike,100.0
2026-09-15 17:13:04,Checkpoint_Alpha,Kinetic Agitation Spike,66.16
2026-09-15 17:13:05,Checkpoint_Alpha,Kinetic Agitation Spike,60.58
2026-09-15 17:13:05,Checkpoint_Alpha,Kinetic Agitation Spike,48.96
2026-09-15 17:13:05,Checkpoint_Alpha,Kinetic Agitation Spike,50.1
2026-09-15 17:13:05,Checkpoint_Alpha,Kinetic Agitation Spike,78.21
2026-09-15 17:13:05,Checkpoint_Alpha,Kinetic Agitation Spike,60.13
2026-09-15 17:13:05,Checkpoint_Alpha,Kinetic Agitation Spike,80.89
2026-09-15 17:13:05,Checkpoint_Alpha,Kinetic Agitation Spike,96.3
2026-09-15 17:13:05,Checkpoint_Alpha,Kinetic Agitation Spike,64.88
2026-09-15 17:13:05,Checkpoint_Alpha,Kinetic Agitation Spike,65.4
2026-09-15 17:13:05,Checkpoint_Alpha,Kinetic Agitation Spike,69.19
2026-09-15 17:13:05,Checkpoint_Alpha,Kinetic Agitation Spike,52.39
2026-09-15 17:13:05,Checkpoint_Alpha,Kinetic Agitation Spike,54.0
2026-09-15 17:13:05,Checkpoint_Alpha,Kinetic Agitation Spike,55.76
2026-09-15 17:13:05,Checkpoint_Alpha,Kinetic Agitation Spike,70.46
2026-09-15 17:13:05,Checkpoint_Alpha,Kinetic Agitation Spike,69.31
2026-09-15 17:13:05,Checkpoint_Alpha,Kinetic Agitation Spike,55.23
2026-09-15 17:13:05,Checkpoint_Alpha,Kinetic Agitation Spike,62.18
2026-09-15 17:13:05,Checkpoint_Alpha,Kinetic Agitation Spike,53.26
2026-09-15 17:13:05,Checkpoint_Alpha,Kinetic Agitation Spike,72.58
2026-09-15 17:13:05,Checkpoint_Alpha,Kinetic Agitation Spike,57.63
2026-09-15 17:13:05,Checkpoint_Alpha,Kinetic Agitation Spike,58.35
2026-09-15 17:13:05,Checkpoint_Alpha,Kinetic Agitation Spike,90.5
2026-09-15 17:13:05,Checkpoint_Alpha,Kinetic Agitation Spike,63.07
2026-09-15 17:13:05,Checkpoint_Alpha,Kinetic Agitation Spike,47.26
2026-09-15 17:13:05,Checkpoint_Alpha,Kinetic Agitation Spike,61.01
2026-09-15 17:13:05,Checkpoint_Alpha,Kinetic Agitation Spike,62.74
2026-09-15 17:13:05,Checkpoint_Alpha,Kinetic Agitation Spike,47.8
2026-09-15 17:13:05,Checkpoint_Alpha,Kinetic Agitation Spike,66.95
2026-09-15 17:13:05,Checkpoint_Alpha,Kinetic Agitation Spike,62.39
2026-09-15 17:13:05,Checkpoint_Alpha,Kinetic Agitation Spike,48.09
2026-09-15 17:13:05,Checkpoint_Alpha,Kinetic Agitation Spike,64.06
2026-09-15 17:13:05,Checkpoint_Alpha,Kinetic Agitation Spike,61.09
2026-09-15 17:13:05,Checkpoint_Alpha,Kinetic Agitation Spike,92.15
2026-09-15 17:13:05,Checkpoint_Alpha,Kinetic Agitation Spike,61.31
2026-09-15 17:13:05,Checkpoint_Alpha,Kinetic Agitation Spike,80.56
2026-09-15 17:13:05,Checkpoint_Alpha,Kinetic Agitation Spike,100.0
2026-09-15 17:13:05,Checkpoint_Alpha,Kinetic Agitation Spike,45.0
2026-09-15 17:13:05,Checkpoint_Alpha,Kinetic Agitation Spike,85.45
2026-09-15 17:13:05,Checkpoint_Alpha,Kinetic Agitation Spike,68.2
2026-09-15 17:13:05,Checkpoint_Alpha,Kinetic Agitation Spike,70.83
2026-09-15 17:13:05,Checkpoint_Alpha,Kinetic Agitation Spike,50.0
2026-09-15 17:13:05,Checkpoint_Alpha,Kinetic Agitation Spike,61.11
2026-09-15 17:13:06,Checkpoint_Alpha,Kinetic Agitation Spike,45.86
2026-09-15 17:13:06,Checkpoint_Alpha,Kinetic Agitation Spike,58.85
2026-09-15 17:13:06,Checkpoint_Alpha,Kinetic Agitation Spike,74.94
2026-09-15 17:13:06,Checkpoint_Alpha,Kinetic Agitation Spike,53.32
2026-09-15 17:13:06,Checkpoint_Alpha,Kinetic Agitation Spike,55.03
2026-09-15 17:13:06,Checkpoint_Alpha,Kinetic Agitation Spike,51.5
2026-09-15 17:13:06,Checkpoint_Alpha,Kinetic Agitation Spike,100.0
2026-09-15 17:13:06,Checkpoint_Alpha,Kinetic Agitation Spike,46.02
2026-09-15 17:13:06,Checkpoint_Alpha,Kinetic Agitation Spike,93.03
2026-09-15 17:13:06,Checkpoint_Alpha,Kinetic Agitation Spike,56.08
2026-09-15 17:13:06,Checkpoint_Alpha,Kinetic Agitation Spike,66.99
2026-09-15 17:13:06,Checkpoint_Alpha,Kinetic Agitation Spike,100.0
2026-09-15 17:13:06,Checkpoint_Alpha,Kinetic Agitation Spike,49.46
2026-09-15 17:13:06,Checkpoint_Alpha,Kinetic Agitation Spike,77.11
2026-09-15 17:13:06,Checkpoint_Alpha,Kinetic Agitation Spike,100.0
2026-09-15 17:13:06,Checkpoint_Alpha,Kinetic Agitation Spike,60.22
2026-09-15 17:13:06,Checkpoint_Alpha,Kinetic Agitation Spike,100.0
2026-09-15 17:13:06,Checkpoint_Alpha,Kinetic Agitation Spike,65.58
2026-09-15 17:13:06,Checkpoint_Alpha,Kinetic Agitation Spike,100.0
2026-09-15 17:13:06,Checkpoint_Alpha,Kinetic Agitation Spike,70.09
2026-09-15 17:13:06,Checkpoint_Alpha,Kinetic Agitation Spike,57.57
2026-09-15 17:13:06,Checkpoint_Alpha,Kinetic Agitation Spike,53.24
2026-09-15 17:13:06,Checkpoint_Alpha,Kinetic Agitation Spike,72.24
2026-09-15 17:13:06,Checkpoint_Alpha,Kinetic Agitation Spike,59.94
2026-09-15 17:13:06,Checkpoint_Alpha,Kinetic Agitation Spike,100.0
2026-09-15 17:13:06,Checkpoint_Alpha,Kinetic Agitation Spike,53.07
2026-09-15 17:13:06,Checkpoint_Alpha,Kinetic Agitation Spike,75.95
2026-09-15 17:13:06,Checkpoint_Alpha,Kinetic Agitation Spike,45.0
2026-09-15 17:13:06,Checkpoint_Alpha,Kinetic Agitation Spike,54.8
2026-09-15 17:13:06,Checkpoint_Alpha,Kinetic Agitation Spike,61.02
2026-09-15 17:13:06,Checkpoint_Alpha,Kinetic Agitation Spike,79.42
2026-09-15 17:13:06,Checkpoint_Alpha,Kinetic Agitation Spike,87.28
2026-09-15 17:13:06,Checkpoint_Alpha,Kinetic Agitation Spike,66.46
2026-09-15 17:13:06,Checkpoint_Alpha,Kinetic Agitation Spike,64.86
2026-09-15 17:13:06,Checkpoint_Alpha,Kinetic Agitation Spike,55.75
2026-09-15 17:13:06,Checkpoint_Alpha,Kinetic Agitation Spike,78.38
2026-09-15 17:13:06,Checkpoint_Alpha,Kinetic Agitation Spike,70.74
2026-09-15 17:13:06,Checkpoint_Alpha,Kinetic Agitation Spike,85.29
2026-09-15 17:13:06,Checkpoint_Alpha,Kinetic Agitation Spike,53.7
2026-09-15 17:13:06,Checkpoint_Alpha,Kinetic Agitation Spike,70.19
2026-09-15 17:13:07,Checkpoint_Alpha,Kinetic Agitation Spike,65.27
2026-09-15 17:13:07,Checkpoint_Alpha,Kinetic Agitation Spike,60.34
2026-09-15 17:13:07,Checkpoint_Alpha,Kinetic Agitation Spike,79.2
2026-09-15 17:13:07,Checkpoint_Alpha,Kinetic Agitation Spike,57.65
2026-09-15 17:13:07,Checkpoint_Alpha,Kinetic Agitation Spike,64.7
2026-09-15 17:13:07,Checkpoint_Alpha,Kinetic Agitation Spike,80.21
2026-09-15 17:13:07,Checkpoint_Alpha,Kinetic Agitation Spike,69.05
2026-09-15 17:13:07,Checkpoint_Alpha,Kinetic Agitation Spike,84.49
2026-09-15 17:13:07,Checkpoint_Alpha,Kinetic Agitation Spike,57.5
2026-09-15 17:13:07,Checkpoint_Alpha,Kinetic Agitation Spike,90.4
2026-09-15 17:13:07,Checkpoint_Alpha,Kinetic Agitation Spike,84.52
2026-09-15 17:13:07,Checkpoint_Alpha,Kinetic Agitation Spike,66.59
2026-09-15 17:13:07,Checkpoint_Alpha,Kinetic Agitation Spike,93.66
2026-09-15 17:13:07,Checkpoint_Alpha,Kinetic Agitation Spike,70.46
2026-09-15 17:13:07,Checkpoint_Alpha,Kinetic Agitation Spike,50.05
2026-09-15 17:13:07,Checkpoint_Alpha,Kinetic Agitation Spike,60.33
2026-09-15 17:13:07,Checkpoint_Alpha,Kinetic Agitation Spike,76.74
2026-09-15 17:13:07,Checkpoint_Alpha,Kinetic Agitation Spike,81.87
2026-09-15 17:13:07,Checkpoint_Alpha,Kinetic Agitation Spike,85.5
2026-09-15 17:13:07,Checkpoint_Alpha,Kinetic Agitation Spike,72.62
2026-09-15 17:13:07,Checkpoint_Alpha,Kinetic Agitation Spike,78.09
2026-09-15 17:13:07,Checkpoint_Alpha,Kinetic Agitation Spike,91.45
2026-09-15 17:13:07,Checkpoint_Alpha,Kinetic Agitation Spike,84.16
2026-09-15 17:13:07,Checkpoint_Alpha,Kinetic Agitation Spike,69.22
2026-09-15 17:13:07,Checkpoint_Alpha,Kinetic Agitation Spike,84.56
2026-09-15 17:13:07,Checkpoint_Alpha,Kinetic Agitation Spike,45.49
2026-09-15 17:13:07,Checkpoint_Alpha,Kinetic Agitation Spike,100.0
2026-09-15 17:13:07,Checkpoint_Alpha,Kinetic Agitation Spike,52.73
2026-09-15 17:13:07,Checkpoint_Alpha,Kinetic Agitation Spike,53.71
2026-09-15 17:13:07,Checkpoint_Alpha,Kinetic Agitation Spike,65.06
2026-09-15 17:13:07,Checkpoint_Alpha,Kinetic Agitation Spike,48.39
2026-09-15 17:13:07,Checkpoint_Alpha,Kinetic Agitation Spike,100.0
2026-09-15 17:13:07,Checkpoint_Alpha,Kinetic Agitation Spike,46.48
2026-09-15 17:13:07,Checkpoint_Alpha,Kinetic Agitation Spike,81.15
2026-09-15 17:13:07,Checkpoint_Alpha,Kinetic Agitation Spike,50.13
2026-09-15 17:13:07,Checkpoint_Alpha,Kinetic Agitation Spike,51.8
2026-09-15 17:13:07,Checkpoint_Alpha,Kinetic Agitation Spike,69.33
2026-09-15 17:13:07,Checkpoint_Alpha,Kinetic Agitation Spike,63.87
2026-09-15 17:13:07,Checkpoint_Alpha,Kinetic Agitation Spike,90.15
2026-09-15 17:13:07,Checkpoint_Alpha,Kinetic Agitation Spike,50.14
2026-09-15 17:13:07,Checkpoint_Alpha,Kinetic Agitation Spike,48.58
2026-09-15 17:13:07,Checkpoint_Alpha,Kinetic Agitation Spike,48.45
2026-09-15 17:13:07,Checkpoint_Alpha,Kinetic Agitation Spike,100.0
2026-09-15 17:13:07,Checkpoint_Alpha,Kinetic Agitation Spike,46.3
2026-09-15 17:13:07,Checkpoint_Alpha,Kinetic Agitation Spike,100.0
2026-09-15 17:13:07,Checkpoint_Alpha,Kinetic Agitation Spike,46.26
2026-09-15 17:13:07,Checkpoint_Alpha,Kinetic Agitation Spike,54.42
2026-09-15 17:13:07,Checkpoint_Alpha,Kinetic Agitation Spike,73.42
2026-09-15 17:13:08,Checkpoint_Alpha,Kinetic Agitation Spike,58.15
2026-09-15 17:13:08,Checkpoint_Alpha,Kinetic Agitation Spike,67.65
2026-09-15 17:13:08,Checkpoint_Alpha,Kinetic Agitation Spike,87.59
2026-09-15 17:13:08,Checkpoint_Alpha,Kinetic Agitation Spike,65.85
2026-09-15 17:13:08,Checkpoint_Alpha,Kinetic Agitation Spike,51.85
2026-09-15 17:13:08,Checkpoint_Alpha,Kinetic Agitation Spike,66.79
2026-09-15 17:13:08,Checkpoint_Alpha,Kinetic Agitation Spike,65.16
2026-09-15 17:13:08,Checkpoint_Alpha,Kinetic Agitation Spike,98.12
2026-09-15 17:13:08,Checkpoint_Alpha,Kinetic Agitation Spike,85.88
2026-09-15 17:13:08,Checkpoint_Alpha,Kinetic Agitation Spike,55.96
2026-09-15 17:13:08,Checkpoint_Alpha,Kinetic Agitation Spike,66.16
2026-09-15 17:13:08,Checkpoint_Alpha,Kinetic Agitation Spike,58.71
2026-09-15 17:13:08,Checkpoint_Alpha,Kinetic Agitation Spike,71.22
2026-09-15 17:13:08,Checkpoint_Alpha,Kinetic Agitation Spike,100.0
2026-09-15 17:13:08,Checkpoint_Alpha,Kinetic Agitation Spike,90.28
2026-09-15 17:13:08,Checkpoint_Alpha,Kinetic Agitation Spike,100.0
2026-09-15 17:13:08,Checkpoint_Alpha,Kinetic Agitation Spike,70.92
2026-09-15 17:13:08,Checkpoint_Alpha,Kinetic Agitation Spike,73.17
2026-09-15 17:13:08,Checkpoint_Alpha,Kinetic Agitation Spike,71.33
2026-09-15 17:13:08,Checkpoint_Alpha,Kinetic Agitation Spike,57.3
2026-09-15 17:13:08,Checkpoint_Alpha,Kinetic Agitation Spike,100.0
2026-09-15 17:13:08,Checkpoint_Alpha,Kinetic Agitation Spike,75.31
2026-09-15 17:13:08,Checkpoint_Alpha,Kinetic Agitation Spike,68.15
2026-09-15 17:13:08,Checkpoint_Alpha,Kinetic Agitation Spike,78.62
2026-09-15 17:13:08,Checkpoint_Alpha,Kinetic Agitation Spike,61.93
2026-09-15 17:13:08,Checkpoint_Alpha,Kinetic Agitation Spike,92.66
2026-09-15 17:13:08,Checkpoint_Alpha,Kinetic Agitation Spike,86.75
2026-09-15 17:13:08,Checkpoint_Alpha,Kinetic Agitation Spike,49.47
2026-09-15 17:13:08,Checkpoint_Alpha,Kinetic Agitation Spike,67.63
2026-09-15 17:13:08,Checkpoint_Alpha,Kinetic Agitation Spike,47.12
2026-09-15 17:13:08,Checkpoint_Alpha,Kinetic Agitation Spike,48.77
2026-09-15 17:13:08,Checkpoint_Alpha,Kinetic Agitation Spike,72.47
2026-09-15 17:13:08,Checkpoint_Alpha,Kinetic Agitation Spike,58.11
2026-09-15 17:13:08,Checkpoint_Alpha,Kinetic Agitation Spike,47.45
2026-09-15 17:13:08,Checkpoint_Alpha,Kinetic Agitation Spike,90.69
2026-09-15 17:13:08,Checkpoint_Alpha,Kinetic Agitation Spike,48.44
2026-09-15 17:13:08,Checkpoint_Alpha,Kinetic Agitation Spike,47.66
2026-09-15 17:13:08,Checkpoint_Alpha,Kinetic Agitation Spike,49.71
2026-09-15 17:13:08,Checkpoint_Alpha,Kinetic Agitation Spike,68.49
2026-09-15 17:13:09,Checkpoint_Alpha,Kinetic Agitation Spike,63.02
2026-09-15 17:13:09,Checkpoint_Alpha,Kinetic Agitation Spike,45.91
2026-09-15 17:13:09,Checkpoint_Alpha,Kinetic Agitation Spike,100.0
2026-09-15 17:13:09,Checkpoint_Alpha,Kinetic Agitation Spike,69.29
2026-09-15 17:13:09,Checkpoint_Alpha,Kinetic Agitation Spike,100.0
2026-09-15 17:13:09,Checkpoint_Alpha,Kinetic Agitation Spike,54.16
2026-09-15 17:13:09,Checkpoint_Alpha,Kinetic Agitation Spike,62.79
2026-09-15 17:13:09,Checkpoint_Alpha,Kinetic Agitation Spike,55.42
2026-09-15 17:13:09,Checkpoint_Alpha,Kinetic Agitation Spike,89.17
2026-09-15 17:13:09,Checkpoint_Alpha,Kinetic Agitation Spike,87.59
2026-09-15 17:13:09,Checkpoint_Alpha,Kinetic Agitation Spike,52.4
2026-09-15 17:13:09,Checkpoint_Alpha,Kinetic Agitation Spike,64.56
2026-09-15 17:13:09,Checkpoint_Alpha,Kinetic Agitation Spike,54.27
2026-09-15 17:13:09,Checkpoint_Alpha,Kinetic Agitation Spike,51.55
2026-09-15 17:13:09,Checkpoint_Alpha,Kinetic Agitation Spike,47.67
2026-09-15 17:13:09,Checkpoint_Alpha,Kinetic Agitation Spike,70.05
2026-09-15 17:13:09,Checkpoint_Alpha,Kinetic Agitation Spike,62.09
2026-09-15 17:13:09,Checkpoint_Alpha,Kinetic Agitation Spike,71.99
2026-09-15 17:13:09,Checkpoint_Alpha,Kinetic Agitation Spike,54.13
2026-09-15 17:13:09,Checkpoint_Alpha,Kinetic Agitation Spike,100.0
2026-09-15 17:13:09,Checkpoint_Alpha,Kinetic Agitation Spike,51.61
2026-09-15 17:13:09,Checkpoint_Alpha,Kinetic Agitation Spike,78.36
2026-09-15 17:13:09,Checkpoint_Alpha,Kinetic Agitation Spike,100.0
2026-09-15 17:13:09,Checkpoint_Alpha,Kinetic Agitation Spike,50.52
2026-09-15 17:13:09,Checkpoint_Alpha,Kinetic Agitation Spike,87.87
2026-09-15 17:13:09,Checkpoint_Alpha,Kinetic Agitation Spike,46.14
2026-09-15 17:13:09,Checkpoint_Alpha,Kinetic Agitation Spike,49.89
2026-09-15 17:13:09,Checkpoint_Alpha,Kinetic Agitation Spike,48.33
2026-09-15 17:13:09,Checkpoint_Alpha,Kinetic Agitation Spike,52.43
2026-09-15 17:13:09,Checkpoint_Alpha,Kinetic Agitation Spike,75.4
2026-09-15 17:13:09,Checkpoint_Alpha,Kinetic Agitation Spike,47.06
2026-09-15 17:13:09,Checkpoint_Alpha,Kinetic Agitation Spike,51.64
2026-09-15 17:13:09,Checkpoint_Alpha,Kinetic Agitation Spike,51.39
2026-09-15 17:13:09,Checkpoint_Alpha,Kinetic Agitation Spike,70.79
2026-09-15 17:13:09,Checkpoint_Alpha,Kinetic Agitation Spike,48.75
2026-09-15 17:13:09,Checkpoint_Alpha,Kinetic Agitation Spike,60.99
2026-09-15 17:13:09,Checkpoint_Alpha,Kinetic Agitation Spike,77.26
2026-09-15 17:13:09,Checkpoint_Alpha,Kinetic Agitation Spike,58.11
2026-09-15 17:13:09,Checkpoint_Alpha,Kinetic Agitation Spike,100.0
2026-09-15 17:13:09,Checkpoint_Alpha,Kinetic Agitation Spike,96.27
2026-09-15 17:13:09,Checkpoint_Alpha,Kinetic Agitation Spike,56.75
2026-09-15 17:13:09,Checkpoint_Alpha,Kinetic Agitation Spike,47.07
2026-09-15 17:13:09,Checkpoint_Alpha,Kinetic Agitation Spike,56.14
2026-09-15 17:13:09,Checkpoint_Alpha,Kinetic Agitation Spike,69.28
2026-09-15 17:13:09,Checkpoint_Alpha,Kinetic Agitation Spike,76.11
2026-09-15 17:13:09,Checkpoint_Alpha,Kinetic Agitation Spike,51.92
2026-09-15 17:13:09,Checkpoint_Alpha,Kinetic Agitation Spike,84.41
2026-09-15 17:13:09,Checkpoint_Alpha,Kinetic Agitation Spike,84.51
2026-09-15 17:13:09,Checkpoint_Alpha,Kinetic Agitation Spike,72.15
2026-09-15 17:13:09,Checkpoint_Alpha,Kinetic Agitation Spike,58.53
2026-09-15 17:13:09,Checkpoint_Alpha,Kinetic Agitation Spike,48.19
2026-09-15 17:13:09,Checkpoint_Alpha,Kinetic Agitation Spike,100.0
2026-09-15 17:13:09,Checkpoint_Alpha,Kinetic Agitation Spike,50.23
2026-09-15 17:13:10,Checkpoint_Alpha,Kinetic Agitation Spike,57.23
2026-09-15 17:13:10,Checkpoint_Alpha,Kinetic Agitation Spike,79.52
2026-09-15 17:13:10,Checkpoint_Alpha,Kinetic Agitation Spike,76.98
2026-09-15 17:13:10,Checkpoint_Alpha,Kinetic Agitation Spike,47.28
2026-09-15 17:13:10,Checkpoint_Alpha,Kinetic Agitation Spike,66.09
2026-09-15 17:13:10,Checkpoint_Alpha,Kinetic Agitation Spike,100.0
2026-09-15 17:13:10,Checkpoint_Alpha,Kinetic Agitation Spike,57.46
2026-09-15 17:13:10,Checkpoint_Alpha,Kinetic Agitation Spike,78.71
2026-09-15 17:13:10,Checkpoint_Alpha,Kinetic Agitation Spike,60.67
2026-09-15 17:13:10,Checkpoint_Alpha,Kinetic Agitation Spike,70.45
2026-09-15 17:13:10,Checkpoint_Alpha,Kinetic Agitation Spike,88.61
2026-09-15 17:13:10,Checkpoint_Alpha,Kinetic Agitation Spike,98.2
2026-09-15 17:13:10,Checkpoint_Alpha,Kinetic Agitation Spike,58.72
2026-09-15 17:13:10,Checkpoint_Alpha,Kinetic Agitation Spike,64.06
2026-09-15 17:13:10,Checkpoint_Alpha,Kinetic Agitation Spike,80.61
2026-09-15 17:13:10,Checkpoint_Alpha,Kinetic Agitation Spike,89.92
2026-09-15 17:13:10,Checkpoint_Alpha,Kinetic Agitation Spike,53.69
2026-09-15 17:13:10,Checkpoint_Alpha,Kinetic Agitation Spike,54.76
2026-09-15 17:13:10,Checkpoint_Alpha,Kinetic Agitation Spike,47.93
2026-09-15 17:13:10,Checkpoint_Alpha,Kinetic Agitation Spike,72.58
2026-09-15 17:13:10,Checkpoint_Alpha,Kinetic Agitation Spike,52.67
2026-09-15 17:13:10,Checkpoint_Alpha,Kinetic Agitation Spike,84.31
2026-09-15 17:13:10,Checkpoint_Alpha,Kinetic Agitation Spike,69.01
2026-09-15 17:13:10,Checkpoint_Alpha,Kinetic Agitation Spike,69.62
2026-09-15 17:13:10,Checkpoint_Alpha,Kinetic Agitation Spike,67.26
2026-09-15 17:13:10,Checkpoint_Alpha,Kinetic Agitation Spike,61.93
2026-09-15 17:13:10,Checkpoint_Alpha,Kinetic Agitation Spike,78.42
2026-09-15 17:13:10,Checkpoint_Alpha,Kinetic Agitation Spike,45.01
2026-09-15 17:13:10,Checkpoint_Alpha,Kinetic Agitation Spike,57.55
2026-09-15 17:13:10,Checkpoint_Alpha,Kinetic Agitation Spike,63.98
2026-09-15 17:13:10,Checkpoint_Alpha,Kinetic Agitation Spike,48.0
2026-09-15 17:13:10,Checkpoint_Alpha,Kinetic Agitation Spike,62.2
2026-09-15 17:13:10,Checkpoint_Alpha,Kinetic Agitation Spike,100.0
2026-09-15 17:13:10,Checkpoint_Alpha,Kinetic Agitation Spike,86.74
2026-09-15 17:13:10,Checkpoint_Alpha,Kinetic Agitation Spike,55.3
2026-09-15 17:13:10,Checkpoint_Alpha,Kinetic Agitation Spike,100.0
2026-09-15 17:13:10,Checkpoint_Alpha,Kinetic Agitation Spike,96.18
2026-09-15 17:13:10,Checkpoint_Alpha,Kinetic Agitation Spike,60.76
2026-09-15 17:13:10,Checkpoint_Alpha,Kinetic Agitation Spike,62.81
2026-09-15 17:13:10,Checkpoint_Alpha,Kinetic Agitation Spike,84.08
2026-09-15 17:13:10,Checkpoint_Alpha,Kinetic Agitation Spike,47.8
2026-09-15 17:13:10,Checkpoint_Alpha,Kinetic Agitation Spike,82.18
2026-09-15 17:13:10,Checkpoint_Alpha,Kinetic Agitation Spike,59.26
2026-09-15 17:13:10,Checkpoint_Alpha,Kinetic Agitation Spike,51.99
2026-09-15 17:15:30,Checkpoint_Alpha,Escalation Detected,80.82
2026-09-15 17:15:31,Checkpoint_Alpha,Escalation Detected,95.39
2026-09-15 17:15:31,Checkpoint_Alpha,Escalation Detected,72.03
2026-09-15 17:15:31,Checkpoint_Alpha,Escalation Detected,62.32
2026-09-15 17:15:33,Checkpoint_Alpha,Escalation Detected,66.23
2026-09-15 17:15:33,Checkpoint_Alpha,Escalation Detected,79.2
2026-09-15 17:15:34,Checkpoint_Alpha,Escalation Detected,92.41
2026-09-15 17:15:34,Checkpoint_Alpha,Escalation Detected,97.93
2026-09-15 17:15:34,Checkpoint_Alpha,Escalation Detected,89.3
2026-09-15 17:15:35,Checkpoint_Alpha,Escalation Detected,63.26
2026-09-15 17:15:35,Checkpoint_Alpha,Escalation Detected,62.59
2026-09-15 17:15:36,Checkpoint_Alpha,Escalation Detected,61.44
2026-09-15 17:15:37,Checkpoint_Alpha,Escalation Detected,63.24
2026-09-15 17:15:37,Checkpoint_Alpha,Escalation Detected,63.24
2026-09-15 17:15:38,Checkpoint_Alpha,Escalation Detected,64.06
2026-09-15 17:15:39,Checkpoint_Alpha,Escalation Detected,96.6
2026-09-15 17:15:41,Checkpoint_Alpha,Escalation Detected,61.25
2026-09-15 17:15:43,Checkpoint_Alpha,Escalation Detected,63.76
2026-09-15 17:15:43,Checkpoint_Alpha,Escalation Detected,61.54
2026-09-15 17:15:46,Checkpoint_Alpha,Escalation Detected,60.74
2026-09-15 17:15:46,Checkpoint_Alpha,Escalation Detected,69.92
2026-09-15 17:15:46,Checkpoint_Alpha,Escalation Detected,64.43
2026-09-15 17:15:47,Checkpoint_Alpha,Escalation Detected,62.35
2026-09-15 17:15:47,Checkpoint_Alpha,Escalation Detected,63.37
2026-09-15 17:15:47,Checkpoint_Alpha,Escalation Detected,62.61
2026-09-15 17:15:47,Checkpoint_Alpha,Escalation Detected,82.0
2026-09-15 17:15:47,Checkpoint_Alpha,Escalation Detected,61.17
2026-09-15 17:15:48,Checkpoint_Alpha,Escalation Detected,62.67
2026-09-15 17:15:48,Checkpoint_Alpha,Escalation Detected,70.21
2026-09-15 17:15:50,Checkpoint_Alpha,Escalation Detected,69.62
2026-09-15 17:15:50,Checkpoint_Alpha,Escalation Detected,100.0
2026-09-15 17:15:50,Checkpoint_Alpha,Escalation Detected,63.63
2026-09-15 17:15:52,Checkpoint_Alpha,Escalation Detected,61.88
2026-09-15 17:15:55,Checkpoint_Alpha,Escalation Detected,64.0
2026-09-15 17:15:56,Checkpoint_Alpha,Escalation Detected,63.32
2026-09-15 17:15:56,Checkpoint_Alpha,Escalation Detected,83.41
2026-09-15 17:15:57,Checkpoint_Alpha,Escalation Detected,64.74
2026-09-15 17:15:57,Checkpoint_Alpha,Escalation Detected,100.0
2026-09-15 17:15:58,Checkpoint_Alpha,Escalation Detected,72.37
2026-09-15 17:15:58,Checkpoint_Alpha,Escalation Detected,78.37
2026-09-15 17:15:58,Checkpoint_Alpha,Escalation Detected,74.21
2026-09-15 17:15:58,Checkpoint_Alpha,Escalation Detected,85.75
2026-09-15 17:16:00,Checkpoint_Alpha,Escalation Detected,84.72
2026-09-15 17:16:00,Checkpoint_Alpha,Escalation Detected,69.66
2026-09-15 17:16:00,Checkpoint_Alpha,Escalation Detected,87.03
2026-09-15 17:16:00,Checkpoint_Alpha,Escalation Detected,62.28
2026-09-15 17:16:00,Checkpoint_Alpha,Escalation Detected,87.78
2026-09-15 17:16:01,Checkpoint_Alpha,Escalation Detected,78.41
2026-09-15 17:16:02,Checkpoint_Alpha,Escalation Detected,70.2
2026-09-15 17:16:02,Checkpoint_Alpha,Escalation Detected,71.95
2026-09-15 17:16:03,Checkpoint_Alpha,Escalation Detected,69.61
2026-09-15 17:16:07,Checkpoint_Alpha,Escalation Detected,65.24
2026-09-15 17:16:14,Checkpoint_Alpha,Escalation Detected,75.54
2026-09-15 17:16:15,Checkpoint_Alpha,Escalation Detected,96.89
2026-09-15 17:16:15,Checkpoint_Alpha,Escalation Detected,85.56
2026-09-15 17:16:15,Checkpoint_Alpha,Escalation Detected,69.84
2026-09-15 17:16:16,Checkpoint_Alpha,Escalation Detected,66.37
2026-09-15 17:16:16,Checkpoint_Alpha,Escalation Detected,77.72
2026-09-15 17:16:16,Checkpoint_Alpha,Escalation Detected,93.84
2026-09-15 17:16:19,Checkpoint_Alpha,Escalation Detected,65.46
2026-09-15 17:16:21,Checkpoint_Alpha,Escalation Detected,64.28
2026-09-15 17:16:21,Checkpoint_Alpha,Escalation Detected,94.02
2026-09-15 17:16:21,Checkpoint_Alpha,Escalation Detected,72.29
2026-09-15 17:16:21,Checkpoint_Alpha,Escalation Detected,100.0
2026-09-15 17:25:56,Checkpoint_Alpha,Escalation Detected,68.55
2026-09-15 17:25:56,Checkpoint_Alpha,Escalation Detected,74.04
2026-09-15 17:25:57,Checkpoint_Alpha,Escalation Detected,100.0
2026-09-15 17:25:57,Checkpoint_Alpha,Escalation Detected,100.0
2026-09-15 17:25:58,Checkpoint_Alpha,Escalation Detected,100.0
2026-09-15 17:25:58,Checkpoint_Alpha,Escalation Detected,62.87
2026-09-15 17:25:58,Checkpoint_Alpha,Escalation Detected,100.0
2026-09-15 17:25:58,Checkpoint_Alpha,Escalation Detected,60.09
2026-09-15 17:25:59,Checkpoint_Alpha,Escalation Detected,89.22
2026-09-15 17:25:59,Checkpoint_Alpha,Escalation Detected,79.34
2026-09-15 17:26:02,Checkpoint_Alpha,Escalation Detected,96.91
2026-09-15 17:26:03,Checkpoint_Alpha,Escalation Detected,81.43
2026-09-15 17:26:04,Checkpoint_Alpha,Escalation Detected,64.42
2026-09-15 17:26:04,Checkpoint_Alpha,Escalation Detected,95.32
2026-09-15 17:26:04,Checkpoint_Alpha,Escalation Detected,69.46
2026-09-15 17:26:06,Checkpoint_Alpha,Escalation Detected,66.07
2026-09-15 17:26:11,Checkpoint_Alpha,Escalation Detected,71.13
2026-09-15 17:26:11,Checkpoint_Alpha,Escalation Detected,86.09
2026-09-15 17:26:11,Checkpoint_Alpha,Escalation Detected,68.57
2026-09-15 17:26:11,Checkpoint_Alpha,Escalation Detected,75.2
2026-09-15 17:26:11,Checkpoint_Alpha,Escalation Detected,77.21
2026-09-15 17:26:13,Checkpoint_Alpha,Escalation Detected,61.1
2026-09-15 17:26:13,Checkpoint_Alpha,Escalation Detected,89.08
2026-09-15 17:26:14,Checkpoint_Alpha,Escalation Detected,85.79
2026-09-15 17:26:14,Checkpoint_Alpha,Escalation Detected,65.07
2026-09-15 17:26:15,Checkpoint_Alpha,Escalation Detected,66.04
2026-09-15 17:26:17,Checkpoint_Alpha,Escalation Detected,71.94
2026-09-15 17:26:17,Checkpoint_Alpha,Escalation Detected,64.12
2026-09-15 17:26:18,Checkpoint_Alpha,Escalation Detected,67.46
2026-09-15 17:26:19,Checkpoint_Alpha,Escalation Detected,75.55
2026-09-15 17:26:19,Checkpoint_Alpha,Escalation Detected,61.82
2026-09-15 17:26:19,Checkpoint_Alpha,Escalation Detected,88.35
2026-09-15 17:26:20,Checkpoint_Alpha,Escalation Detected,90.79
2026-09-15 17:26:20,Checkpoint_Alpha,Escalation Detected,62.19
2026-09-15 17:26:21,Checkpoint_Alpha,Escalation Detected,68.12
2026-09-15 17:26:26,Checkpoint_Alpha,Escalation Detected,72.98
2026-09-15 17:26:26,Checkpoint_Alpha,Escalation Detected,75.06
2026-09-15 17:26:27,Checkpoint_Alpha,Escalation Detected,66.58
2026-09-15 17:26:27,Checkpoint_Alpha,Escalation Detected,76.02
2026-09-15 17:26:27,Checkpoint_Alpha,Escalation Detected,77.94
2026-09-15 17:26:28,Checkpoint_Alpha,Escalation Detected,67.8
2026-09-15 17:26:28,Checkpoint_Alpha,Escalation Detected,74.86
2026-09-15 17:26:28,Checkpoint_Alpha,Escalation Detected,75.98
2026-09-15 17:26:28,Checkpoint_Alpha,Escalation Detected,67.34
2026-09-15 17:26:28,Checkpoint_Alpha,Escalation Detected,75.6
2026-09-15 17:26:29,Checkpoint_Alpha,Escalation Detected,77.68
2026-09-15 17:26:29,Checkpoint_Alpha,Escalation Detected,61.81
2026-09-15 17:26:29,Checkpoint_Alpha,Escalation Detected,73.32
2026-09-15 17:26:29,Checkpoint_Alpha,Escalation Detected,85.86
2026-09-15 17:26:30,Checkpoint_Alpha,Escalation Detected,80.97
2026-09-15 17:26:30,Checkpoint_Alpha,Escalation Detected,65.63
2026-09-15 17:26:30,Checkpoint_Alpha,Escalation Detected,70.78
2026-09-15 17:26:30,Checkpoint_Alpha,Escalation Detected,73.85
2026-09-15 17:26:31,Checkpoint_Alpha,Escalation Detected,87.89
2026-09-15 17:26:35,Checkpoint_Alpha,Escalation Detected,79.56
2026-09-15 17:26:35,Checkpoint_Alpha,Escalation Detected,77.77
2026-09-15 17:26:35,Checkpoint_Alpha,Escalation Detected,83.01
2026-09-16 15:56:36,Checkpoint_Alpha,Escalation Detected,84.49
2026-09-16 15:56:37,Checkpoint_Alpha,Escalation Detected,87.4
2026-09-16 15:56:37,Checkpoint_Alpha,Escalation Detected,88.13
2026-09-16 15:56:37,Checkpoint_Alpha,Escalation Detected,87.77
2026-09-16 15:56:37,Checkpoint_Alpha,Escalation Detected,87.48
2026-09-16 15:56:37,Checkpoint_Alpha,Escalation Detected,85.67
2026-09-16 15:56:38,Checkpoint_Alpha,Escalation Detected,80.94
2026-09-16 15:56:38,Checkpoint_Alpha,Escalation Detected,76.46
2026-09-16 15:56:38,Checkpoint_Alpha,Escalation Detected,65.95
2026-09-16 15:56:38,Checkpoint_Alpha,Escalation Detected,85.08
2026-09-16 15:56:38,Checkpoint_Alpha,Escalation Detected,60.02
2026-09-16 15:56:38,Checkpoint_Alpha,Escalation Detected,60.69
2026-09-16 15:56:39,Checkpoint_Alpha,Escalation Detected,64.43
2026-09-16 15:56:39,Checkpoint_Alpha,Escalation Detected,66.37
2026-09-16 15:56:40,Checkpoint_Alpha,Escalation Detected,65.07
2026-09-16 15:56:41,Checkpoint_Alpha,Escalation Detected,79.24
2026-09-16 15:56:41,Checkpoint_Alpha,Escalation Detected,64.25
2026-09-16 15:56:41,Checkpoint_Alpha,Escalation Detected,63.73
2026-09-16 15:56:42,Checkpoint_Alpha,Escalation Detected,73.46
2026-09-16 15:56:42,Checkpoint_Alpha,Escalation Detected,82.23
2026-09-16 15:56:43,Checkpoint_Alpha,Escalation Detected,69.26
2026-09-16 15:56:51,Checkpoint_Alpha,Escalation Detected,64.11
2026-09-16 15:56:51,Checkpoint_Alpha,Escalation Detected,64.92
2026-09-16 15:56:52,Checkpoint_Alpha,Escalation Detected,70.5
2026-09-16 15:56:52,Checkpoint_Alpha,Escalation Detected,75.26
2026-09-16 15:56:52,Checkpoint_Alpha,Escalation Detected,83.85
2026-09-16 15:56:52,Checkpoint_Alpha,Escalation Detected,84.36
2026-09-16 15:56:52,Checkpoint_Alpha,Escalation Detected,69.4
2026-09-16 15:56:53,Checkpoint_Alpha,Escalation Detected,86.92
2026-09-16 15:56:53,Checkpoint_Alpha,Escalation Detected,87.88
2026-09-16 15:56:53,Checkpoint_Alpha,Escalation Detected,62.06
2026-09-16 15:56:54,Checkpoint_Alpha,Escalation Detected,63.48
2026-09-16 15:56:54,Checkpoint_Alpha,Escalation Detected,61.2
2026-09-16 15:56:54,Checkpoint_Alpha,Escalation Detected,67.22
2026-09-16 15:56:54,Checkpoint_Alpha,Escalation Detected,60.13
2026-09-16 15:56:54,Checkpoint_Alpha,Escalation Detected,65.41
2026-09-16 15:56:55,Checkpoint_Alpha,Escalation Detected,63.74
2026-09-16 15:56:55,Checkpoint_Alpha,Escalation Detected,69.69
2026-09-16 15:56:55,Checkpoint_Alpha,Escalation Detected,68.97
2026-09-16 15:56:55,Checkpoint_Alpha,Escalation Detected,70.0
2026-09-16 15:56:57,Checkpoint_Alpha,Escalation Detected,66.19
2026-09-16 15:56:57,Checkpoint_Alpha,Escalation Detected,71.44
2026-09-16 15:57:05,Checkpoint_Alpha,Escalation Detected,75.03
2026-09-16 15:57:06,Checkpoint_Alpha,Escalation Detected,62.1
2026-09-16 15:57:08,Checkpoint_Alpha,Escalation Detected,76.52
2026-09-16 15:57:08,Checkpoint_Alpha,Escalation Detected,80.31
2026-09-16 15:57:08,Checkpoint_Alpha,Escalation Detected,69.79
2026-09-16 15:57:09,Checkpoint_Alpha,Escalation Detected,77.32
2026-09-16 15:57:11,Checkpoint_Alpha,Escalation Detected,69.01
2026-09-16 15:57:11,Checkpoint_Alpha,Escalation Detected,60.2
2026-09-16 15:57:15,Checkpoint_Alpha,Escalation Detected,63.47
2026-09-16 15:57:16,Checkpoint_Alpha,Escalation Detected,67.98
2026-09-16 15:57:16,Checkpoint_Alpha,Escalation Detected,75.74
2026-09-16 15:57:16,Checkpoint_Alpha,Escalation Detected,84.93
2026-09-16 15:57:16,Checkpoint_Alpha,Escalation Detected,90.28
2026-09-16 15:57:17,Checkpoint_Alpha,Escalation Detected,80.29
2026-09-16 15:57:17,Checkpoint_Alpha,Escalation Detected,89.15
2026-09-16 15:57:17,Checkpoint_Alpha,Escalation Detected,90.75
2026-09-16 15:57:17,Checkpoint_Alpha,Escalation Detected,96.8
2026-09-16 15:57:17,Checkpoint_Alpha,Escalation Detected,92.28
2026-09-16 15:57:18,Checkpoint_Alpha,Escalation Detected,81.58
2026-09-16 15:57:18,Checkpoint_Alpha,Escalation Detected,92.44
2026-09-16 15:57:18,Checkpoint_Alpha,Escalation Detected,93.08
2026-09-16 15:57:18,Checkpoint_Alpha,Escalation Detected,91.73
2026-09-16 15:57:18,Checkpoint_Alpha,Escalation Detected,92.64
2026-09-16 15:57:19,Checkpoint_Alpha,Escalation Detected,96.02
2026-09-16 15:57:19,Checkpoint_Alpha,Escalation Detected,95.84
2026-09-16 15:57:19,Checkpoint_Alpha,Escalation Detected,71.55
2026-09-16 15:57:19,Checkpoint_Alpha,Escalation Detected,98.05
2026-09-16 15:57:20,Checkpoint_Alpha,Escalation Detected,96.03
2026-09-16 15:57:20,Checkpoint_Alpha,Escalation Detected,92.07
2026-09-16 15:57:20,Checkpoint_Alpha,Escalation Detected,93.83
2026-09-16 15:57:20,Checkpoint_Alpha,Escalation Detected,72.24
2026-09-16 15:57:21,Checkpoint_Alpha,Escalation Detected,76.64
2026-09-16 15:57:21,Checkpoint_Alpha,Escalation Detected,66.98
2026-09-16 15:57:22,Checkpoint_Alpha,Escalation Detected,94.57
2026-09-16 15:57:22,Checkpoint_Alpha,Escalation Detected,100.0
2026-09-16 15:57:22,Checkpoint_Alpha,Escalation Detected,96.87
2026-09-16 15:57:22,Checkpoint_Alpha,Escalation Detected,97.28
2026-09-16 15:57:22,Checkpoint_Alpha,Escalation Detected,69.4
2026-09-16 15:57:23,Checkpoint_Alpha,Escalation Detected,69.4
2026-09-16 15:57:24,Checkpoint_Alpha,Escalation Detected,68.23
2026-09-16 15:57:24,Checkpoint_Alpha,Escalation Detected,90.62
2026-09-16 15:57:24,Checkpoint_Alpha,Escalation Detected,85.61
2026-09-16 15:57:24,Checkpoint_Alpha,Escalation Detected,82.23
2026-09-16 15:57:24,Checkpoint_Alpha,Escalation Detected,99.58
2026-09-16 15:57:24,Checkpoint_Alpha,Escalation Detected,89.23
2026-09-16 15:57:25,Checkpoint_Alpha,Escalation Detected,72.64
2026-09-16 15:57:26,Checkpoint_Alpha,Escalation Detected,76.35
2026-09-16 15:57:27,Checkpoint_Alpha,Escalation Detected,83.1
2026-09-16 15:57:27,Checkpoint_Alpha,Escalation Detected,85.42
2026-09-16 15:57:29,Checkpoint_Alpha,Escalation Detected,61.12
2026-09-16 15:57:29,Checkpoint_Alpha,Escalation Detected,62.74
2026-09-16 15:57:29,Checkpoint_Alpha,Escalation Detected,62.35
2026-09-16 15:57:29,Checkpoint_Alpha,Escalation Detected,69.78
2026-09-16 15:57:29,Checkpoint_Alpha,Escalation Detected,64.5
2026-09-16 15:57:30,Checkpoint_Alpha,Escalation Detected,70.59
2026-09-16 15:57:32,Checkpoint_Alpha,Escalation Detected,64.0
2026-09-16 15:57:32,Checkpoint_Alpha,Escalation Detected,63.36
2026-09-16 15:57:40,Checkpoint_Alpha,Escalation Detected,61.54
2026-09-16 15:57:42,Checkpoint_Alpha,Escalation Detected,68.12
2026-09-16 15:57:44,Checkpoint_Alpha,Escalation Detected,64.43
2026-09-16 15:57:48,Checkpoint_Alpha,Escalation Detected,61.52
2026-09-16 15:57:49,Checkpoint_Alpha,Escalation Detected,60.72
2026-09-16 15:57:49,Checkpoint_Alpha,Escalation Detected,66.18
2026-09-16 15:57:51,Checkpoint_Alpha,Escalation Detected,60.64
2026-09-16 15:57:52,Checkpoint_Alpha,Escalation Detected,78.41
2026-09-16 15:57:52,Checkpoint_Alpha,Escalation Detected,65.32
2026-09-16 15:57:58,Checkpoint_Alpha,Escalation Detected,84.28
2026-09-16 15:57:58,Checkpoint_Alpha,Escalation Detected,62.09
2026-09-16 15:57:59,Checkpoint_Alpha,Escalation Detected,61.94
2026-09-16 15:58:00,Checkpoint_Alpha,Escalation Detected,73.05
2026-09-16 15:58:00,Checkpoint_Alpha,Escalation Detected,99.42
2026-09-16 15:58:01,Checkpoint_Alpha,Escalation Detected,83.8
2026-09-16 15:58:01,Checkpoint_Alpha,Escalation Detected,82.67
2026-09-16 15:58:01,Checkpoint_Alpha,Escalation Detected,78.48
2026-09-16 15:58:01,Checkpoint_Alpha,Escalation Detected,69.64
2026-09-16 15:58:01,Checkpoint_Alpha,Escalation Detected,79.29
2026-09-16 15:58:01,Checkpoint_Alpha,Escalation Detected,81.49
2026-09-16 15:58:02,Checkpoint_Alpha,Escalation Detected,77.3
2026-09-16 15:58:02,Checkpoint_Alpha,Escalation Detected,69.43
2026-09-16 15:58:02,Checkpoint_Alpha,Escalation Detected,72.82
2026-09-16 15:58:03,Checkpoint_Alpha,Escalation Detected,64.0
2026-09-16 15:58:05,Checkpoint_Alpha,Escalation Detected,63.74
2026-09-16 15:58:05,Checkpoint_Alpha,Escalation Detected,61.08
2026-09-16 15:58:05,Checkpoint_Alpha,Escalation Detected,62.97
2026-09-16 15:58:06,Checkpoint_Alpha,Escalation Detected,76.0
2026-09-16 15:58:06,Checkpoint_Alpha,Escalation Detected,60.57
2026-09-16 15:58:07,Checkpoint_Alpha,Escalation Detected,60.31
2026-09-16 15:58:07,Checkpoint_Alpha,Escalation Detected,60.09
2026-09-16 15:58:07,Checkpoint_Alpha,Escalation Detected,61.76
2026-09-16 15:58:08,Checkpoint_Alpha,Escalation Detected,72.68
2026-09-16 15:58:08,Checkpoint_Alpha,Escalation Detected,60.54
2026-09-16 15:58:11,Checkpoint_Alpha,Escalation Detected,67.9
2026-09-16 15:58:12,Checkpoint_Alpha,Escalation Detected,60.96
2026-09-16 15:58:14,Checkpoint_Alpha,Escalation Detected,67.4
2026-09-16 15:58:17,Checkpoint_Alpha,Escalation Detected,65.59
2026-09-16 15:58:17,Checkpoint_Alpha,Escalation Detected,72.7
2026-09-16 15:58:18,Checkpoint_Alpha,Escalation Detected,62.12
2026-09-16 15:58:20,Checkpoint_Alpha,Escalation Detected,62.37
2026-09-16 15:58:20,Checkpoint_Alpha,Escalation Detected,60.05
2026-09-16 15:58:21,Checkpoint_Alpha,Escalation Detected,63.26
2026-09-16 15:58:23,Checkpoint_Alpha,Escalation Detected,64.74
2026-09-16 15:58:23,Checkpoint_Alpha,Escalation Detected,60.47
2026-09-16 15:58:23,Checkpoint_Alpha,Escalation Detected,64.43
2026-09-16 15:58:30,Checkpoint_Alpha,Escalation Detected,77.21
2026-09-16 15:58:31,Checkpoint_Alpha,Escalation Detected,63.29
2026-09-16 15:58:35,Checkpoint_Alpha,Escalation Detected,64.72
2026-09-16 15:58:37,Checkpoint_Alpha,Escalation Detected,63.08
2026-09-16 15:58:38,Checkpoint_Alpha,Escalation Detected,76.43
2026-09-16 15:58:38,Checkpoint_Alpha,Escalation Detected,86.21
2026-09-16 15:58:38,Checkpoint_Alpha,Escalation Detected,60.63
2026-09-16 15:58:38,Checkpoint_Alpha,Escalation Detected,64.24
2026-09-16 15:58:39,Checkpoint_Alpha,Escalation Detected,73.48
2026-09-16 15:58:39,Checkpoint_Alpha,Escalation Detected,60.86
2026-09-16 15:58:39,Checkpoint_Alpha,Escalation Detected,62.81
2026-09-16 15:58:39,Checkpoint_Alpha,Escalation Detected,76.0
2026-09-16 15:58:40,Checkpoint_Alpha,Escalation Detected,69.5
2026-09-16 15:58:41,Checkpoint_Alpha,Escalation Detected,63.85
2026-09-16 15:58:41,Checkpoint_Alpha,Escalation Detected,64.49
2026-09-16 15:58:41,Checkpoint_Alpha,Escalation Detected,75.24
2026-09-16 15:58:41,Checkpoint_Alpha,Escalation Detected,75.75
2026-09-16 15:58:41,Checkpoint_Alpha,Escalation Detected,71.21
2026-09-16 15:58:42,Checkpoint_Alpha,Escalation Detected,70.25
2026-09-16 15:58:42,Checkpoint_Alpha,Escalation Detected,70.59
2026-09-16 15:58:42,Checkpoint_Alpha,Escalation Detected,68.65
2026-09-16 15:58:42,Checkpoint_Alpha,Escalation Detected,82.25
2026-09-16 15:58:44,Checkpoint_Alpha,Escalation Detected,70.37
2026-09-16 15:58:44,Checkpoint_Alpha,Escalation Detected,82.3
2026-09-16 15:58:44,Checkpoint_Alpha,Escalation Detected,76.43
2026-09-16 15:58:45,Checkpoint_Alpha,Escalation Detected,82.37
2026-09-16 15:58:45,Checkpoint_Alpha,Escalation Detected,70.26
2026-09-16 15:58:47,Checkpoint_Alpha,Escalation Detected,74.58
2026-09-16 15:58:47,Checkpoint_Alpha,Escalation Detected,68.58
2026-09-16 15:58:47,Checkpoint_Alpha,Escalation Detected,63.41
2026-09-16 15:58:48,Checkpoint_Alpha,Escalation Detected,77.32
2026-09-16 15:58:48,Checkpoint_Alpha,Escalation Detected,76.06
2026-09-16 15:58:49,Checkpoint_Alpha,Escalation Detected,72.37
2026-09-16 15:58:49,Checkpoint_Alpha,Escalation Detected,60.98
2026-09-16 15:58:49,Checkpoint_Alpha,Escalation Detected,72.37
2026-09-16 15:58:49,Checkpoint_Alpha,Escalation Detected,80.58
2026-09-16 15:58:50,Checkpoint_Alpha,Escalation Detected,74.96
2026-09-16 15:58:50,Checkpoint_Alpha,Escalation Detected,71.4
2026-09-16 15:58:50,Checkpoint_Alpha,Escalation Detected,76.37
2026-09-16 15:58:51,Checkpoint_Alpha,Escalation Detected,70.37
2026-09-16 15:58:51,Checkpoint_Alpha,Escalation Detected,66.71
2026-09-16 15:58:51,Checkpoint_Alpha,Escalation Detected,77.36
2026-09-16 15:58:52,Checkpoint_Alpha,Escalation Detected,83.32
2026-09-16 15:58:52,Checkpoint_Alpha,Escalation Detected,76.37
2026-09-16 16:00:58,Checkpoint_Alpha,Escalation Detected,67.14
2026-09-16 16:00:58,Checkpoint_Alpha,Escalation Detected,60.41
2026-09-16 16:00:58,Checkpoint_Alpha,Escalation Detected,74.27
2026-09-16 16:00:58,Checkpoint_Alpha,Escalation Detected,64.69
2026-09-16 16:00:58,Checkpoint_Alpha,Escalation Detected,75.98
2026-09-16 16:00:58,Checkpoint_Alpha,Escalation Detected,64.01
2026-09-16 16:00:58,Checkpoint_Alpha,Escalation Detected,95.6
2026-09-16 16:00:59,Checkpoint_Alpha,Escalation Detected,61.14
2026-09-16 16:00:59,Checkpoint_Alpha,Escalation Detected,81.56
2026-09-16 16:00:59,Checkpoint_Alpha,Escalation Detected,69.76
2026-09-16 16:00:59,Checkpoint_Alpha,Escalation Detected,66.57
2026-09-16 16:00:59,Checkpoint_Alpha,Escalation Detected,62.4
2026-09-16 16:00:59,Checkpoint_Alpha,Escalation Detected,63.89
2026-09-16 16:00:59,Checkpoint_Alpha,Escalation Detected,93.53
2026-09-16 16:00:59,Checkpoint_Alpha,Escalation Detected,60.72
2026-09-16 16:00:59,Checkpoint_Alpha,Escalation Detected,64.85
2026-09-16 16:00:59,Checkpoint_Alpha,Escalation Detected,79.43
2026-09-16 16:00:59,Checkpoint_Alpha,Escalation Detected,70.9
2026-09-16 16:00:59,Checkpoint_Alpha,Escalation Detected,67.46
2026-09-16 16:01:00,Checkpoint_Alpha,Escalation Detected,100.0
2026-09-16 16:01:00,Checkpoint_Alpha,Escalation Detected,62.06
2026-09-16 16:01:00,Checkpoint_Alpha,Escalation Detected,70.3
2026-09-16 16:01:00,Checkpoint_Alpha,Escalation Detected,87.99
2026-09-16 16:01:01,Checkpoint_Alpha,Escalation Detected,61.58
2026-09-16 16:01:01,Checkpoint_Alpha,Escalation Detected,95.88
2026-09-16 16:01:01,Checkpoint_Alpha,Escalation Detected,100.0
2026-09-16 16:01:01,Checkpoint_Alpha,Escalation Detected,85.23
2026-09-16 16:01:01,Checkpoint_Alpha,Escalation Detected,66.95
2026-09-16 16:01:01,Checkpoint_Alpha,Escalation Detected,61.79
2026-09-16 16:01:01,Checkpoint_Alpha,Escalation Detected,91.34
2026-09-16 16:01:01,Checkpoint_Alpha,Escalation Detected,77.96
2026-09-16 16:01:02,Checkpoint_Alpha,Escalation Detected,96.91
2026-09-16 16:01:02,Checkpoint_Alpha,Escalation Detected,62.31
2026-09-16 16:01:02,Checkpoint_Alpha,Escalation Detected,88.89
2026-09-16 16:01:02,Checkpoint_Alpha,Escalation Detected,99.28
2026-09-16 16:01:02,Checkpoint_Alpha,Escalation Detected,62.05
2026-09-16 16:01:02,Checkpoint_Alpha,Escalation Detected,76.2
2026-09-16 16:01:02,Checkpoint_Alpha,Escalation Detected,64.13
2026-09-16 16:01:02,Checkpoint_Alpha,Escalation Detected,64.41
2026-09-16 16:01:02,Checkpoint_Alpha,Escalation Detected,95.94
2026-09-16 16:01:02,Checkpoint_Alpha,Escalation Detected,78.67
2026-09-16 16:01:03,Checkpoint_Alpha,Escalation Detected,72.18
2026-09-16 16:01:03,Checkpoint_Alpha,Escalation Detected,80.9
2026-09-16 16:01:03,Checkpoint_Alpha,Escalation Detected,95.82
2026-09-16 16:01:03,Checkpoint_Alpha,Escalation Detected,64.85
2026-09-16 16:01:03,Checkpoint_Alpha,Escalation Detected,98.7
2026-09-16 16:01:03,Checkpoint_Alpha,Escalation Detected,88.95
2026-09-16 16:01:03,Checkpoint_Alpha,Escalation Detected,93.22
2026-09-16 16:01:03,Checkpoint_Alpha,Escalation Detected,85.21
2026-09-16 16:01:03,Checkpoint_Alpha,Escalation Detected,62.4
2026-09-16 16:01:03,Checkpoint_Alpha,Escalation Detected,78.67
2026-09-16 16:01:03,Checkpoint_Alpha,Escalation Detected,61.41
2026-09-16 16:01:03,Checkpoint_Alpha,Escalation Detected,68.88
2026-09-16 16:01:03,Checkpoint_Alpha,Escalation Detected,79.71
2026-09-16 16:01:03,Checkpoint_Alpha,Escalation Detected,78.67
2026-09-16 16:01:03,Checkpoint_Alpha,Escalation Detected,77.17
2026-09-16 16:01:03,Checkpoint_Alpha,Escalation Detected,98.45
2026-09-16 16:01:03,Checkpoint_Alpha,Escalation Detected,68.8
2026-09-16 16:01:04,Checkpoint_Alpha,Escalation Detected,74.25
2026-09-16 16:01:04,Checkpoint_Alpha,Escalation Detected,68.48
2026-09-16 16:01:04,Checkpoint_Alpha,Escalation Detected,60.46
2026-09-16 16:01:04,Checkpoint_Alpha,Escalation Detected,98.05
2026-09-16 16:01:04,Checkpoint_Alpha,Escalation Detected,61.83
2026-09-16 16:01:04,Checkpoint_Alpha,Escalation Detected,73.37
2026-09-16 16:01:04,Checkpoint_Alpha,Escalation Detected,68.28
2026-09-16 16:01:04,Checkpoint_Alpha,Escalation Detected,60.51
2026-09-16 16:01:04,Checkpoint_Alpha,Escalation Detected,81.37
2026-09-16 16:01:05,Checkpoint_Alpha,Escalation Detected,64.72
2026-09-16 16:01:05,Checkpoint_Alpha,Escalation Detected,71.32
2026-09-16 16:01:05,Checkpoint_Alpha,Escalation Detected,76.14
2026-09-16 16:01:06,Checkpoint_Alpha,Escalation Detected,63.41
2026-09-16 16:01:06,Checkpoint_Alpha,Escalation Detected,94.71
2026-09-16 16:01:06,Checkpoint_Alpha,Escalation Detected,75.14
2026-09-16 16:01:06,Checkpoint_Alpha,Escalation Detected,67.49
2026-09-16 16:01:06,Checkpoint_Alpha,Escalation Detected,97.1
2026-09-16 16:01:06,Checkpoint_Alpha,Escalation Detected,81.57
2026-09-16 16:01:07,Checkpoint_Alpha,Escalation Detected,74.61
2026-09-16 16:01:07,Checkpoint_Alpha,Escalation Detected,62.63
2026-09-16 16:01:07,Checkpoint_Alpha,Escalation Detected,84.51
2026-09-16 16:01:07,Checkpoint_Alpha,Escalation Detected,69.04
2026-09-16 16:01:07,Checkpoint_Alpha,Escalation Detected,91.7
2026-09-16 16:01:07,Checkpoint_Alpha,Escalation Detected,100.0
2026-09-16 16:01:08,Checkpoint_Alpha,Escalation Detected,70.98
2026-09-16 16:01:08,Checkpoint_Alpha,Escalation Detected,61.71
2026-09-16 16:01:08,Checkpoint_Alpha,Escalation Detected,88.11
2026-09-16 16:01:08,Checkpoint_Alpha,Escalation Detected,80.21
2026-09-16 16:01:08,Checkpoint_Alpha,Escalation Detected,80.52
2026-09-16 16:01:08,Checkpoint_Alpha,Escalation Detected,86.08
2026-09-16 16:01:08,Checkpoint_Alpha,Escalation Detected,75.36
2026-09-16 16:01:08,Checkpoint_Alpha,Escalation Detected,61.88
2026-09-16 16:01:08,Checkpoint_Alpha,Escalation Detected,75.73
2026-09-16 16:01:09,Checkpoint_Alpha,Escalation Detected,67.9
2026-09-16 16:01:09,Checkpoint_Alpha,Escalation Detected,89.08
2026-09-16 16:01:09,Checkpoint_Alpha,Escalation Detected,95.84
2026-09-16 16:01:10,Checkpoint_Alpha,Escalation Detected,99.51
2026-09-16 16:01:10,Checkpoint_Alpha,Escalation Detected,95.52
2026-09-16 16:01:11,Checkpoint_Alpha,Escalation Detected,92.67
2026-09-16 16:01:11,Checkpoint_Alpha,Escalation Detected,81.52
2026-09-16 16:01:11,Checkpoint_Alpha,Escalation Detected,99.96
2026-09-16 16:01:11,Checkpoint_Alpha,Escalation Detected,86.41
2026-09-16 16:01:11,Checkpoint_Alpha,Escalation Detected,86.28
2026-09-16 16:01:11,Checkpoint_Alpha,Escalation Detected,90.83
2026-09-16 16:01:11,Checkpoint_Alpha,Escalation Detected,94.75
2026-09-16 16:01:11,Checkpoint_Alpha,Escalation Detected,80.99
2026-09-16 16:01:11,Checkpoint_Alpha,Escalation Detected,75.37
2026-09-16 16:01:11,Checkpoint_Alpha,Escalation Detected,95.93
2026-09-16 16:01:11,Checkpoint_Alpha,Escalation Detected,88.75
2026-09-16 16:01:11,Checkpoint_Alpha,Escalation Detected,64.5
2026-09-16 16:01:12,Checkpoint_Alpha,Escalation Detected,63.64
2026-09-16 16:01:12,Checkpoint_Alpha,Escalation Detected,72.44
2026-09-16 16:01:12,Checkpoint_Alpha,Escalation Detected,62.92
2026-09-16 16:01:13,Checkpoint_Alpha,Escalation Detected,61.54
2026-09-16 16:01:13,Checkpoint_Alpha,Escalation Detected,66.13
2026-09-16 16:01:13,Checkpoint_Alpha,Escalation Detected,69.69
2026-09-16 16:01:14,Checkpoint_Alpha,Escalation Detected,60.99
2026-09-16 16:01:14,Checkpoint_Alpha,Escalation Detected,74.3
2026-09-16 16:01:15,Checkpoint_Alpha,Escalation Detected,91.21
2026-09-16 16:01:15,Checkpoint_Alpha,Escalation Detected,73.74
2026-09-16 16:01:15,Checkpoint_Alpha,Escalation Detected,66.77
2026-09-16 16:01:15,Checkpoint_Alpha,Escalation Detected,91.8
2026-09-16 16:01:15,Checkpoint_Alpha,Escalation Detected,76.12
2026-09-16 16:01:15,Checkpoint_Alpha,Escalation Detected,67.71
2026-09-16 16:01:15,Checkpoint_Alpha,Escalation Detected,74.7
2026-09-16 16:01:15,Checkpoint_Alpha,Escalation Detected,88.92
2026-09-16 16:01:15,Checkpoint_Alpha,Escalation Detected,64.25
2026-09-16 16:01:15,Checkpoint_Alpha,Escalation Detected,100.0
2026-09-16 16:01:15,Checkpoint_Alpha,Escalation Detected,89.5
2026-09-16 16:01:15,Checkpoint_Alpha,Escalation Detected,82.17
2026-09-16 16:01:16,Checkpoint_Alpha,Escalation Detected,91.4
2026-09-16 16:01:16,Checkpoint_Alpha,Escalation Detected,66.01
2026-09-16 16:01:16,Checkpoint_Alpha,Escalation Detected,74.2
2026-09-16 16:01:16,Checkpoint_Alpha,Escalation Detected,97.44
2026-09-16 16:01:16,Checkpoint_Alpha,Escalation Detected,63.27
2026-09-16 16:01:16,Checkpoint_Alpha,Escalation Detected,78.41
2026-09-16 16:01:17,Checkpoint_Alpha,Escalation Detected,78.2
2026-09-16 16:01:17,Checkpoint_Alpha,Escalation Detected,81.33
2026-09-16 16:01:17,Checkpoint_Alpha,Escalation Detected,67.3
2026-09-16 16:01:17,Checkpoint_Alpha,Escalation Detected,74.74
2026-09-16 16:01:17,Checkpoint_Alpha,Escalation Detected,61.91
2026-09-16 16:01:17,Checkpoint_Alpha,Escalation Detected,85.78
2026-09-16 16:01:17,Checkpoint_Alpha,Escalation Detected,62.54
2026-09-16 16:01:17,Checkpoint_Alpha,Escalation Detected,63.88
2026-09-16 16:01:18,Checkpoint_Alpha,Escalation Detected,65.64
2026-09-16 16:01:18,Checkpoint_Alpha,Escalation Detected,66.72
2026-09-16 16:01:18,Checkpoint_Alpha,Escalation Detected,85.92
2026-09-16 16:01:18,Checkpoint_Alpha,Escalation Detected,92.15
2026-09-16 16:01:18,Checkpoint_Alpha,Escalation Detected,66.82
2026-09-16 16:01:19,Checkpoint_Alpha,Escalation Detected,63.05
2026-09-16 16:01:19,Checkpoint_Alpha,Escalation Detected,79.04
2026-09-16 16:01:19,Checkpoint_Alpha,Escalation Detected,72.18
2026-09-16 16:01:19,Checkpoint_Alpha,Escalation Detected,68.28
2026-09-16 16:01:19,Checkpoint_Alpha,Escalation Detected,86.65
2026-09-16 16:01:20,Checkpoint_Alpha,Escalation Detected,91.72
2026-09-16 16:01:20,Checkpoint_Alpha,Escalation Detected,75.98
2026-09-16 16:01:21,Checkpoint_Alpha,Escalation Detected,86.82
2026-09-16 16:01:21,Checkpoint_Alpha,Escalation Detected,63.74
2026-09-16 16:01:22,Checkpoint_Alpha,Escalation Detected,65.21
2026-09-16 16:01:22,Checkpoint_Alpha,Escalation Detected,92.31
2026-09-16 16:01:22,Checkpoint_Alpha,Escalation Detected,60.92
2026-09-16 16:01:22,Checkpoint_Alpha,Escalation Detected,89.44
2026-09-16 16:01:22,Checkpoint_Alpha,Escalation Detected,69.73
2026-09-16 16:01:22,Checkpoint_Alpha,Escalation Detected,92.28
2026-09-16 16:01:23,Checkpoint_Alpha,Escalation Detected,65.01
2026-09-16 16:01:23,Checkpoint_Alpha,Escalation Detected,67.94
2026-09-16 16:01:23,Checkpoint_Alpha,Escalation Detected,82.43
2026-09-16 16:01:23,Checkpoint_Alpha,Escalation Detected,99.62
2026-09-16 16:01:23,Checkpoint_Alpha,Escalation Detected,87.57
2026-09-16 16:01:23,Checkpoint_Alpha,Escalation Detected,100.0
2026-09-16 16:01:23,Checkpoint_Alpha,Escalation Detected,79.6
2026-09-16 16:01:23,Checkpoint_Alpha,Escalation Detected,73.68
2026-09-16 16:01:23,Checkpoint_Alpha,Escalation Detected,98.42
2026-09-16 16:01:23,Checkpoint_Alpha,Escalation Detected,97.05
2026-09-16 16:01:23,Checkpoint_Alpha,Escalation Detected,100.0
2026-09-16 16:01:23,Checkpoint_Alpha,Escalation Detected,62.98
2026-09-16 16:01:23,Checkpoint_Alpha,Escalation Detected,90.05
2026-09-16 16:01:23,Checkpoint_Alpha,Escalation Detected,95.6
2026-09-16 16:01:23,Checkpoint_Alpha,Escalation Detected,99.5
2026-09-16 16:01:23,Checkpoint_Alpha,Escalation Detected,100.0
2026-09-16 16:01:23,Checkpoint_Alpha,Escalation Detected,67.85
2026-09-16 16:01:23,Checkpoint_Alpha,Escalation Detected,71.19
2026-09-16 16:01:23,Checkpoint_Alpha,Escalation Detected,66.98
2026-09-16 16:01:24,Checkpoint_Alpha,Escalation Detected,60.93
2026-09-16 16:01:24,Checkpoint_Alpha,Escalation Detected,63.58
2026-09-16 16:01:24,Checkpoint_Alpha,Escalation Detected,94.49
2026-09-16 16:01:24,Checkpoint_Alpha,Escalation Detected,87.8
2026-09-16 16:01:24,Checkpoint_Alpha,Escalation Detected,93.12
2026-09-16 16:01:25,Checkpoint_Alpha,Escalation Detected,97.09
2026-09-16 16:01:25,Checkpoint_Alpha,Escalation Detected,63.41
2026-09-16 16:01:25,Checkpoint_Alpha,Escalation Detected,87.63
2026-09-16 16:01:25,Checkpoint_Alpha,Escalation Detected,95.85
2026-09-16 16:01:25,Checkpoint_Alpha,Escalation Detected,89.69
2026-09-16 16:01:25,Checkpoint_Alpha,Escalation Detected,62.57
2026-09-16 16:01:25,Checkpoint_Alpha,Escalation Detected,89.04
2026-09-16 16:01:25,Checkpoint_Alpha,Escalation Detected,61.18
2026-09-16 16:01:25,Checkpoint_Alpha,Escalation Detected,95.02
2026-09-16 16:01:25,Checkpoint_Alpha,Escalation Detected,67.87
2026-09-16 16:01:25,Checkpoint_Alpha,Escalation Detected,71.56
2026-09-16 16:01:26,Checkpoint_Alpha,Escalation Detected,92.56
2026-09-16 16:01:26,Checkpoint_Alpha,Escalation Detected,79.94
2026-09-16 16:01:26,Checkpoint_Alpha,Escalation Detected,86.0
2026-09-16 16:01:26,Checkpoint_Alpha,Escalation Detected,60.22
2026-09-16 16:01:26,Checkpoint_Alpha,Escalation Detected,97.17
2026-09-16 16:01:26,Checkpoint_Alpha,Escalation Detected,66.01
2026-09-16 16:01:26,Checkpoint_Alpha,Escalation Detected,99.02
2026-09-16 16:01:26,Checkpoint_Alpha,Escalation Detected,63.8
2026-09-16 16:01:26,Checkpoint_Alpha,Escalation Detected,80.27
2026-09-16 16:01:27,Checkpoint_Alpha,Escalation Detected,64.95
2026-09-16 16:01:27,Checkpoint_Alpha,Escalation Detected,63.15
2026-09-16 16:01:27,Checkpoint_Alpha,Escalation Detected,87.16
2026-09-16 16:01:27,Checkpoint_Alpha,Escalation Detected,83.87
2026-09-16 16:01:27,Checkpoint_Alpha,Escalation Detected,95.67
2026-09-16 16:01:27,Checkpoint_Alpha,Escalation Detected,66.98
2026-09-16 16:01:27,Checkpoint_Alpha,Escalation Detected,60.22
2026-09-16 16:01:27,Checkpoint_Alpha,Escalation Detected,80.05
2026-09-16 16:01:27,Checkpoint_Alpha,Escalation Detected,70.54
2026-09-16 16:01:27,Checkpoint_Alpha,Escalation Detected,67.99
2026-09-16 16:01:28,Checkpoint_Alpha,Escalation Detected,85.92
2026-09-16 16:01:28,Checkpoint_Alpha,Escalation Detected,62.02
2026-09-16 16:01:28,Checkpoint_Alpha,Escalation Detected,73.69
2026-09-16 16:01:28,Checkpoint_Alpha,Escalation Detected,70.7
2026-09-16 16:01:28,Checkpoint_Alpha,Escalation Detected,62.68
2026-09-16 16:01:28,Checkpoint_Alpha,Escalation Detected,84.95
2026-09-16 16:01:28,Checkpoint_Alpha,Escalation Detected,98.42
2026-09-16 16:01:28,Checkpoint_Alpha,Escalation Detected,75.36
2026-09-16 16:01:29,Checkpoint_Alpha,Escalation Detected,88.25
2026-09-16 16:01:29,Checkpoint_Alpha,Escalation Detected,67.68
2026-09-16 16:01:29,Checkpoint_Alpha,Escalation Detected,68.16
2026-09-16 16:01:29,Checkpoint_Alpha,Escalation Detected,61.67
2026-09-16 16:01:29,Checkpoint_Alpha,Escalation Detected,92.23
2026-09-16 16:01:29,Checkpoint_Alpha,Escalation Detected,65.81
2026-09-16 16:01:29,Checkpoint_Alpha,Escalation Detected,63.38
2026-09-16 16:01:29,Checkpoint_Alpha,Escalation Detected,100.0
2026-09-16 16:01:29,Checkpoint_Alpha,Escalation Detected,69.29
2026-09-16 16:01:29,Checkpoint_Alpha,Escalation Detected,64.66
2026-09-16 16:01:30,Checkpoint_Alpha,Escalation Detected,96.6
2026-09-16 16:01:30,Checkpoint_Alpha,Escalation Detected,69.82
2026-09-16 16:01:30,Checkpoint_Alpha,Escalation Detected,70.0
2026-09-16 16:01:30,Checkpoint_Alpha,Escalation Detected,72.48
2026-09-16 16:01:30,Checkpoint_Alpha,Escalation Detected,64.01
2026-09-16 16:01:30,Checkpoint_Alpha,Escalation Detected,99.44
2026-09-16 16:01:30,Checkpoint_Alpha,Escalation Detected,99.0
2026-09-16 16:01:30,Checkpoint_Alpha,Escalation Detected,61.17
2026-09-16 16:01:30,Checkpoint_Alpha,Escalation Detected,62.38
2026-09-16 16:01:30,Checkpoint_Alpha,Escalation Detected,70.4
2026-09-16 16:01:30,Checkpoint_Alpha,Escalation Detected,72.4
2026-09-16 16:01:30,Checkpoint_Alpha,Escalation Detected,74.83
2026-09-16 16:01:30,Checkpoint_Alpha,Escalation Detected,64.59
2026-09-16 16:01:31,Checkpoint_Alpha,Escalation Detected,70.64
2026-09-16 16:01:31,Checkpoint_Alpha,Escalation Detected,65.96
2026-09-16 16:01:31,Checkpoint_Alpha,Escalation Detected,62.0
2026-09-16 16:01:31,Checkpoint_Alpha,Escalation Detected,79.62
2026-09-16 16:01:31,Checkpoint_Alpha,Escalation Detected,75.0
2026-09-16 16:01:31,Checkpoint_Alpha,Escalation Detected,68.33
2026-09-16 16:01:31,Checkpoint_Alpha,Escalation Detected,100.0
2026-09-16 16:01:31,Checkpoint_Alpha,Escalation Detected,91.59
2026-09-16 16:01:31,Checkpoint_Alpha,Escalation Detected,96.78
2026-09-16 16:01:31,Checkpoint_Alpha,Escalation Detected,75.22
2026-09-16 16:01:31,Checkpoint_Alpha,Escalation Detected,60.75
2026-09-16 16:01:31,Checkpoint_Alpha,Escalation Detected,86.54
2026-09-16 16:01:31,Checkpoint_Alpha,Escalation Detected,86.56
2026-09-16 16:01:32,Checkpoint_Alpha,Escalation Detected,92.42
2026-09-16 16:01:32,Checkpoint_Alpha,Escalation Detected,63.92
2026-09-16 16:01:32,Checkpoint_Alpha,Escalation Detected,64.68
2026-09-16 16:01:32,Checkpoint_Alpha,Escalation Detected,99.93
2026-09-16 16:01:32,Checkpoint_Alpha,Escalation Detected,70.31
2026-09-16 16:01:32,Checkpoint_Alpha,Escalation Detected,65.35
2026-09-16 16:01:32,Checkpoint_Alpha,Escalation Detected,73.35
2026-09-16 16:01:32,Checkpoint_Alpha,Escalation Detected,100.0
2026-09-16 16:01:32,Checkpoint_Alpha,Escalation Detected,85.37
2026-09-16 16:01:32,Checkpoint_Alpha,Escalation Detected,78.4
2026-09-16 16:01:32,Checkpoint_Alpha,Escalation Detected,86.62
2026-09-16 16:01:32,Checkpoint_Alpha,Escalation Detected,64.59
2026-09-16 16:01:32,Checkpoint_Alpha,Escalation Detected,65.67
2026-09-16 16:01:32,Checkpoint_Alpha,Escalation Detected,72.24
2026-09-16 16:01:32,Checkpoint_Alpha,Escalation Detected,77.9
2026-09-16 16:01:32,Checkpoint_Alpha,Escalation Detected,70.26
2026-09-16 16:01:32,Checkpoint_Alpha,Escalation Detected,80.68
2026-09-16 16:01:32,Checkpoint_Alpha,Escalation Detected,98.84
2026-09-16 16:01:33,Checkpoint_Alpha,Escalation Detected,94.82
2026-09-16 16:01:33,Checkpoint_Alpha,Escalation Detected,100.0
2026-09-16 16:01:33,Checkpoint_Alpha,Escalation Detected,70.71
2026-09-16 16:01:33,Checkpoint_Alpha,Escalation Detected,95.61
2026-09-16 16:01:33,Checkpoint_Alpha,Escalation Detected,99.61
2026-09-16 16:01:33,Checkpoint_Alpha,Escalation Detected,63.5
2026-09-16 16:01:33,Checkpoint_Alpha,Escalation Detected,75.67
2026-09-16 16:01:33,Checkpoint_Alpha,Escalation Detected,72.54
2026-09-16 16:01:33,Checkpoint_Alpha,Escalation Detected,100.0
2026-09-16 16:01:33,Checkpoint_Alpha,Escalation Detected,99.77
2026-09-16 16:01:33,Checkpoint_Alpha,Escalation Detected,60.67
2026-09-16 16:01:33,Checkpoint_Alpha,Escalation Detected,69.9
2026-09-16 16:01:33,Checkpoint_Alpha,Escalation Detected,89.37
2026-09-16 16:01:33,Checkpoint_Alpha,Escalation Detected,71.36
2026-09-16 16:01:33,Checkpoint_Alpha,Escalation Detected,62.59
2026-09-16 16:01:33,Checkpoint_Alpha,Escalation Detected,93.75
2026-09-16 16:01:33,Checkpoint_Alpha,Escalation Detected,76.07
2026-09-16 16:01:33,Checkpoint_Alpha,Escalation Detected,92.4
2026-09-16 16:01:33,Checkpoint_Alpha,Escalation Detected,100.0
2026-09-16 16:01:33,Checkpoint_Alpha,Escalation Detected,75.18
2026-09-16 16:01:33,Checkpoint_Alpha,Escalation Detected,68.13
2026-09-16 16:01:33,Checkpoint_Alpha,Escalation Detected,75.87
2026-09-16 16:01:33,Checkpoint_Alpha,Escalation Detected,64.0
2026-09-16 16:01:33,Checkpoint_Alpha,Escalation Detected,75.55
2026-09-16 16:01:34,Checkpoint_Alpha,Escalation Detected,74.14
2026-09-16 16:01:34,Checkpoint_Alpha,Escalation Detected,70.25
2026-09-16 16:01:34,Checkpoint_Alpha,Escalation Detected,70.94
2026-09-16 16:01:34,Checkpoint_Alpha,Escalation Detected,94.38
2026-09-16 16:01:34,Checkpoint_Alpha,Escalation Detected,61.03
2026-09-16 16:01:34,Checkpoint_Alpha,Escalation Detected,93.77
2026-09-16 16:01:34,Checkpoint_Alpha,Escalation Detected,85.85
2026-09-16 16:01:34,Checkpoint_Alpha,Escalation Detected,63.67
2026-09-16 16:01:34,Checkpoint_Alpha,Escalation Detected,63.74
2026-09-16 16:01:35,Checkpoint_Alpha,Escalation Detected,67.82
2026-09-16 16:01:35,Checkpoint_Alpha,Escalation Detected,71.04
2026-09-16 16:01:35,Checkpoint_Alpha,Escalation Detected,66.05
2026-09-16 16:01:35,Checkpoint_Alpha,Escalation Detected,61.84
2026-09-16 16:01:35,Checkpoint_Alpha,Escalation Detected,66.78
2026-09-16 16:01:35,Checkpoint_Alpha,Escalation Detected,64.35
2026-09-16 16:01:36,Checkpoint_Alpha,Escalation Detected,74.36
2026-09-16 16:01:36,Checkpoint_Alpha,Escalation Detected,64.03
2026-09-16 16:01:36,Checkpoint_Alpha,Escalation Detected,61.44
2026-09-16 16:01:36,Checkpoint_Alpha,Escalation Detected,100.0
2026-09-16 16:01:36,Checkpoint_Alpha,Escalation Detected,96.41
2026-09-16 16:01:36,Checkpoint_Alpha,Escalation Detected,100.0
2026-09-16 16:01:36,Checkpoint_Alpha,Escalation Detected,94.51
2026-09-16 16:01:36,Checkpoint_Alpha,Escalation Detected,63.96
2026-09-16 16:01:36,Checkpoint_Alpha,Escalation Detected,100.0
2026-09-16 16:01:36,Checkpoint_Alpha,Escalation Detected,86.35
2026-09-16 16:01:37,Checkpoint_Alpha,Escalation Detected,96.95
2026-09-16 16:01:37,Checkpoint_Alpha,Escalation Detected,91.87
2026-09-16 16:01:37,Checkpoint_Alpha,Escalation Detected,84.81
2026-09-16 16:01:37,Checkpoint_Alpha,Escalation Detected,69.38
2026-09-16 16:01:37,Checkpoint_Alpha,Escalation Detected,67.17
2026-09-16 16:01:37,Checkpoint_Alpha,Escalation Detected,76.96
2026-09-16 16:01:37,Checkpoint_Alpha,Escalation Detected,63.08
2026-09-16 16:01:37,Checkpoint_Alpha,Escalation Detected,61.62
2026-09-16 16:01:37,Checkpoint_Alpha,Escalation Detected,71.91
2026-09-16 16:01:37,Checkpoint_Alpha,Escalation Detected,87.67
2026-09-16 16:01:37,Checkpoint_Alpha,Escalation Detected,61.49
2026-09-16 16:01:37,Checkpoint_Alpha,Escalation Detected,63.63
2026-09-16 16:01:38,Checkpoint_Alpha,Escalation Detected,77.38
2026-09-16 16:01:38,Checkpoint_Alpha,Escalation Detected,91.5
2026-09-16 16:01:38,Checkpoint_Alpha,Escalation Detected,60.99
2026-09-16 16:01:38,Checkpoint_Alpha,Escalation Detected,76.0
2026-09-16 16:01:38,Checkpoint_Alpha,Escalation Detected,65.73
2026-09-16 16:01:38,Checkpoint_Alpha,Escalation Detected,76.04
2026-09-16 16:01:38,Checkpoint_Alpha,Escalation Detected,63.88
2026-09-16 16:01:38,Checkpoint_Alpha,Escalation Detected,67.5
2026-09-16 16:01:38,Checkpoint_Alpha,Escalation Detected,95.07
2026-09-16 16:01:38,Checkpoint_Alpha,Escalation Detected,84.99
2026-09-16 16:01:38,Checkpoint_Alpha,Escalation Detected,62.73
2026-09-16 16:01:38,Checkpoint_Alpha,Escalation Detected,66.18
2026-09-16 16:01:38,Checkpoint_Alpha,Escalation Detected,100.0
2026-09-16 16:01:39,Checkpoint_Alpha,Escalation Detected,90.09
2026-09-16 16:01:39,Checkpoint_Alpha,Escalation Detected,85.85
2026-09-16 16:01:39,Checkpoint_Alpha,Escalation Detected,97.61
2026-09-16 16:01:39,Checkpoint_Alpha,Escalation Detected,69.82
2026-09-16 16:01:39,Checkpoint_Alpha,Escalation Detected,75.97
2026-09-16 16:01:39,Checkpoint_Alpha,Escalation Detected,78.97
2026-09-16 16:01:39,Checkpoint_Alpha,Escalation Detected,90.73
2026-09-16 16:01:39,Checkpoint_Alpha,Escalation Detected,60.92
2026-09-16 16:01:39,Checkpoint_Alpha,Escalation Detected,81.73
2026-09-16 16:01:39,Checkpoint_Alpha,Escalation Detected,93.65
2026-09-16 16:01:39,Checkpoint_Alpha,Escalation Detected,71.24
2026-09-16 16:01:39,Checkpoint_Alpha,Escalation Detected,63.91
2026-09-16 16:01:40,Checkpoint_Alpha,Escalation Detected,90.65
2026-09-16 16:01:40,Checkpoint_Alpha,Escalation Detected,65.75
2026-09-16 16:01:40,Checkpoint_Alpha,Escalation Detected,69.01
2026-09-16 16:01:40,Checkpoint_Alpha,Escalation Detected,92.04
2026-09-16 16:01:40,Checkpoint_Alpha,Escalation Detected,61.66
2026-09-16 16:01:40,Checkpoint_Alpha,Escalation Detected,64.43
2026-09-16 16:01:40,Checkpoint_Alpha,Escalation Detected,69.19
2026-09-16 16:01:40,Checkpoint_Alpha,Escalation Detected,62.52
2026-09-16 16:01:40,Checkpoint_Alpha,Escalation Detected,69.78
2026-09-16 16:01:40,Checkpoint_Alpha,Escalation Detected,63.03
2026-09-16 16:01:40,Checkpoint_Alpha,Escalation Detected,79.89
2026-09-16 16:01:40,Checkpoint_Alpha,Escalation Detected,69.4
2026-09-16 16:01:40,Checkpoint_Alpha,Escalation Detected,70.0
2026-09-16 16:01:40,Checkpoint_Alpha,Escalation Detected,62.85
2026-09-16 16:01:40,Checkpoint_Alpha,Escalation Detected,77.63
2026-09-16 16:01:40,Checkpoint_Alpha,Escalation Detected,95.87
2026-09-16 16:01:41,Checkpoint_Alpha,Escalation Detected,64.2
2026-09-16 16:01:41,Checkpoint_Alpha,Escalation Detected,87.05
2026-09-16 16:01:41,Checkpoint_Alpha,Escalation Detected,80.99
2026-09-16 16:01:41,Checkpoint_Alpha,Escalation Detected,72.18
2026-09-16 16:01:41,Checkpoint_Alpha,Escalation Detected,63.07
2026-09-16 16:01:41,Checkpoint_Alpha,Escalation Detected,64.5
2026-09-16 16:01:41,Checkpoint_Alpha,Escalation Detected,67.79
2026-09-16 16:01:41,Checkpoint_Alpha,Escalation Detected,60.42
2026-09-16 16:01:41,Checkpoint_Alpha,Escalation Detected,60.47
2026-09-16 16:01:41,Checkpoint_Alpha,Escalation Detected,79.89
2026-09-16 16:01:41,Checkpoint_Alpha,Escalation Detected,93.41
2026-09-16 16:01:41,Checkpoint_Alpha,Escalation Detected,75.67
2026-09-16 16:01:41,Checkpoint_Alpha,Escalation Detected,64.33
2026-09-16 16:01:42,Checkpoint_Alpha,Escalation Detected,91.18
2026-09-16 16:01:42,Checkpoint_Alpha,Escalation Detected,64.12
2026-09-16 16:01:42,Checkpoint_Alpha,Escalation Detected,91.22
2026-09-16 16:01:42,Checkpoint_Alpha,Escalation Detected,75.76
2026-09-16 16:01:42,Checkpoint_Alpha,Escalation Detected,91.38
2026-09-16 16:01:42,Checkpoint_Alpha,Escalation Detected,76.71
2026-09-16 16:01:42,Checkpoint_Alpha,Escalation Detected,61.67
2026-09-16 16:01:42,Checkpoint_Alpha,Escalation Detected,94.95
2026-09-16 16:01:42,Checkpoint_Alpha,Escalation Detected,63.99
2026-09-16 16:01:43,Checkpoint_Alpha,Escalation Detected,98.65
2026-09-16 16:01:43,Checkpoint_Alpha,Escalation Detected,64.0
2026-09-16 16:01:43,Checkpoint_Alpha,Escalation Detected,62.83
2026-09-16 16:01:43,Checkpoint_Alpha,Escalation Detected,63.11
2026-09-16 16:01:43,Checkpoint_Alpha,Escalation Detected,70.33
2026-09-16 16:01:44,Checkpoint_Alpha,Escalation Detected,69.73
2026-09-16 16:01:44,Checkpoint_Alpha,Escalation Detected,100.0
2026-09-16 16:01:44,Checkpoint_Alpha,Escalation Detected,76.26
2026-09-16 16:01:44,Checkpoint_Alpha,Escalation Detected,63.42
2026-09-16 16:01:44,Checkpoint_Alpha,Escalation Detected,63.26
2026-09-16 16:01:44,Checkpoint_Alpha,Escalation Detected,64.97
2026-09-16 16:01:44,Checkpoint_Alpha,Escalation Detected,100.0
2026-09-16 16:01:44,Checkpoint_Alpha,Escalation Detected,68.93
2026-09-16 16:01:45,Checkpoint_Alpha,Escalation Detected,68.9
2026-09-16 16:01:45,Checkpoint_Alpha,Escalation Detected,80.44
2026-09-16 16:01:45,Checkpoint_Alpha,Escalation Detected,60.88
2026-09-16 16:01:45,Checkpoint_Alpha,Escalation Detected,60.66
2026-09-16 16:01:45,Checkpoint_Alpha,Escalation Detected,97.85
2026-09-16 16:01:46,Checkpoint_Alpha,Escalation Detected,74.16
2026-09-16 16:01:46,Checkpoint_Alpha,Escalation Detected,93.57
2026-09-16 16:01:46,Checkpoint_Alpha,Escalation Detected,75.76
2026-09-16 16:01:46,Checkpoint_Alpha,Escalation Detected,85.31
2026-09-16 16:01:46,Checkpoint_Alpha,Escalation Detected,65.73
2026-09-16 16:01:46,Checkpoint_Alpha,Escalation Detected,90.59
2026-09-16 16:01:46,Checkpoint_Alpha,Escalation Detected,64.01
2026-09-16 16:01:46,Checkpoint_Alpha,Escalation Detected,67.99
2026-09-16 16:01:46,Checkpoint_Alpha,Escalation Detected,61.84
2026-09-16 16:01:47,Checkpoint_Alpha,Escalation Detected,99.26
2026-09-16 16:01:47,Checkpoint_Alpha,Escalation Detected,62.55
2026-09-16 16:01:47,Checkpoint_Alpha,Escalation Detected,63.2
2026-09-16 16:01:47,Checkpoint_Alpha,Escalation Detected,64.55
2026-09-16 16:01:47,Checkpoint_Alpha,Escalation Detected,67.58
2026-09-16 16:01:47,Checkpoint_Alpha,Escalation Detected,70.23
2026-09-16 16:01:47,Checkpoint_Alpha,Escalation Detected,100.0
2026-09-16 16:01:47,Checkpoint_Alpha,Escalation Detected,82.92
2026-09-16 16:01:47,Checkpoint_Alpha,Escalation Detected,79.77
2026-09-16 16:01:47,Checkpoint_Alpha,Escalation Detected,66.93
2026-09-16 16:01:47,Checkpoint_Alpha,Escalation Detected,97.95
2026-09-16 16:01:47,Checkpoint_Alpha,Escalation Detected,66.65
2026-09-16 16:01:47,Checkpoint_Alpha,Escalation Detected,64.43
2026-09-16 16:01:47,Checkpoint_Alpha,Escalation Detected,98.02
2026-09-16 16:01:48,Checkpoint_Alpha,Escalation Detected,91.9
2026-09-16 16:01:48,Checkpoint_Alpha,Escalation Detected,100.0
2026-09-16 16:01:48,Checkpoint_Alpha,Escalation Detected,85.4
2026-09-16 16:01:48,Checkpoint_Alpha,Escalation Detected,67.73
2026-09-16 16:01:48,Checkpoint_Alpha,Escalation Detected,89.63
2026-09-16 16:01:48,Checkpoint_Alpha,Escalation Detected,60.11
2026-09-16 16:01:48,Checkpoint_Alpha,Escalation Detected,61.8
2026-09-16 16:01:48,Checkpoint_Alpha,Escalation Detected,62.47
2026-09-16 16:01:48,Checkpoint_Alpha,Escalation Detected,73.46
2026-09-16 16:01:48,Checkpoint_Alpha,Escalation Detected,73.04
2026-09-16 16:01:48,Checkpoint_Alpha,Escalation Detected,67.16
2026-09-16 16:01:48,Checkpoint_Alpha,Escalation Detected,70.0
2026-09-16 16:01:48,Checkpoint_Alpha,Escalation Detected,64.57
2026-09-16 16:01:49,Checkpoint_Alpha,Escalation Detected,83.85
2026-09-16 16:01:49,Checkpoint_Alpha,Escalation Detected,100.0
2026-09-16 16:01:49,Checkpoint_Alpha,Escalation Detected,85.42
2026-09-16 16:01:49,Checkpoint_Alpha,Escalation Detected,94.78
2026-09-16 16:01:49,Checkpoint_Alpha,Escalation Detected,61.93
2026-09-16 16:01:49,Checkpoint_Alpha,Escalation Detected,62.23
2026-09-16 16:01:49,Checkpoint_Alpha,Escalation Detected,69.37
2026-09-16 16:01:50,Checkpoint_Alpha,Escalation Detected,82.04
2026-09-16 16:01:50,Checkpoint_Alpha,Escalation Detected,92.52
2026-09-16 16:01:50,Checkpoint_Alpha,Escalation Detected,89.41
2026-09-16 16:01:50,Checkpoint_Alpha,Escalation Detected,100.0
2026-09-16 16:01:50,Checkpoint_Alpha,Escalation Detected,100.0
2026-09-16 16:01:50,Checkpoint_Alpha,Escalation Detected,70.0
2026-09-16 16:01:50,Checkpoint_Alpha,Escalation Detected,100.0
2026-09-16 16:01:50,Checkpoint_Alpha,Escalation Detected,70.3
2026-09-16 16:01:50,Checkpoint_Alpha,Escalation Detected,64.78
2026-09-16 16:01:51,Checkpoint_Alpha,Escalation Detected,61.51
2026-09-16 16:01:51,Checkpoint_Alpha,Escalation Detected,81.93
2026-09-16 16:01:51,Checkpoint_Alpha,Escalation Detected,98.34
2026-09-16 16:01:51,Checkpoint_Alpha,Escalation Detected,63.85
2026-09-16 16:01:51,Checkpoint_Alpha,Escalation Detected,88.56
2026-09-16 16:01:51,Checkpoint_Alpha,Escalation Detected,100.0
2026-09-16 16:01:51,Checkpoint_Alpha,Escalation Detected,64.0
2026-09-16 16:01:51,Checkpoint_Alpha,Escalation Detected,80.58
2026-09-16 16:01:52,Checkpoint_Alpha,Escalation Detected,83.97
2026-09-16 16:01:52,Checkpoint_Alpha,Escalation Detected,63.08
2026-09-16 16:01:52,Checkpoint_Alpha,Escalation Detected,100.0
2026-09-16 16:01:52,Checkpoint_Alpha,Escalation Detected,99.93
2026-09-16 16:01:52,Checkpoint_Alpha,Escalation Detected,100.0
2026-09-16 16:01:52,Checkpoint_Alpha,Escalation Detected,97.0
2026-09-16 16:01:52,Checkpoint_Alpha,Escalation Detected,100.0
2026-09-16 16:01:52,Checkpoint_Alpha,Escalation Detected,64.59
2026-09-16 16:01:52,Checkpoint_Alpha,Escalation Detected,95.6
2026-09-16 16:01:52,Checkpoint_Alpha,Escalation Detected,74.12
2026-09-16 16:01:52,Checkpoint_Alpha,Escalation Detected,84.3
2026-09-16 16:01:52,Checkpoint_Alpha,Escalation Detected,100.0
2026-09-16 16:01:52,Checkpoint_Alpha,Escalation Detected,63.8
2026-09-16 16:01:52,Checkpoint_Alpha,Escalation Detected,91.29
2026-09-16 16:01:52,Checkpoint_Alpha,Escalation Detected,88.37
2026-09-16 16:01:53,Checkpoint_Alpha,Escalation Detected,81.57
2026-09-16 16:01:53,Checkpoint_Alpha,Escalation Detected,66.66
2026-09-16 16:01:53,Checkpoint_Alpha,Escalation Detected,88.57
2026-09-16 16:01:53,Checkpoint_Alpha,Escalation Detected,68.75
2026-09-16 16:01:53,Checkpoint_Alpha,Escalation Detected,95.39
2026-09-16 16:01:53,Checkpoint_Alpha,Escalation Detected,100.0
2026-09-16 16:01:53,Checkpoint_Alpha,Escalation Detected,100.0
2026-09-16 16:01:53,Checkpoint_Alpha,Escalation Detected,100.0
2026-09-16 16:01:53,Checkpoint_Alpha,Escalation Detected,64.67
2026-09-16 16:01:53,Checkpoint_Alpha,Escalation Detected,63.12
2026-09-16 16:01:53,Checkpoint_Alpha,Escalation Detected,100.0
2026-09-16 16:01:54,Checkpoint_Alpha,Escalation Detected,98.02
2026-09-16 16:01:54,Checkpoint_Alpha,Escalation Detected,64.77
2026-09-16 16:01:54,Checkpoint_Alpha,Escalation Detected,70.85
2026-09-16 16:01:54,Checkpoint_Alpha,Escalation Detected,100.0
2026-09-16 16:01:54,Checkpoint_Alpha,Escalation Detected,70.85
2026-09-16 16:01:54,Checkpoint_Alpha,Escalation Detected,65.99
2026-09-16 16:01:54,Checkpoint_Alpha,Escalation Detected,65.18
2026-09-16 16:01:55,Checkpoint_Alpha,Escalation Detected,81.45
2026-09-16 16:01:55,Checkpoint_Alpha,Escalation Detected,84.46
2026-09-16 16:01:55,Checkpoint_Alpha,Escalation Detected,86.63
2026-09-16 16:01:55,Checkpoint_Alpha,Escalation Detected,64.14
2026-09-16 16:01:55,Checkpoint_Alpha,Escalation Detected,94.78
2026-09-16 16:01:55,Checkpoint_Alpha,Escalation Detected,85.9
2026-09-16 16:01:55,Checkpoint_Alpha,Escalation Detected,81.3
2026-09-16 16:01:56,Checkpoint_Alpha,Escalation Detected,76.39
2026-09-16 16:01:56,Checkpoint_Alpha,Escalation Detected,75.22
2026-09-16 16:01:56,Checkpoint_Alpha,Escalation Detected,60.8
2026-09-16 16:01:56,Checkpoint_Alpha,Escalation Detected,75.72
2026-09-16 16:01:56,Checkpoint_Alpha,Escalation Detected,90.96
2026-09-16 16:01:56,Checkpoint_Alpha,Escalation Detected,89.77
2026-09-16 16:01:56,Checkpoint_Alpha,Escalation Detected,96.05
2026-09-16 16:01:57,Checkpoint_Alpha,Escalation Detected,95.54
2026-09-16 16:01:57,Checkpoint_Alpha,Escalation Detected,81.16
2026-09-16 16:01:57,Checkpoint_Alpha,Escalation Detected,92.43
2026-09-16 16:01:57,Checkpoint_Alpha,Escalation Detected,97.03
2026-09-16 16:01:57,Checkpoint_Alpha,Escalation Detected,66.4
2026-09-16 16:01:57,Checkpoint_Alpha,Escalation Detected,70.16
2026-09-16 16:01:57,Checkpoint_Alpha,Escalation Detected,67.61
2026-09-16 16:01:57,Checkpoint_Alpha,Escalation Detected,81.3
2026-09-16 16:01:57,Checkpoint_Alpha,Escalation Detected,88.37
2026-09-16 16:01:57,Checkpoint_Alpha,Escalation Detected,69.72
2026-09-16 16:01:57,Checkpoint_Alpha,Escalation Detected,97.1
2026-09-16 16:01:57,Checkpoint_Alpha,Escalation Detected,96.48
2026-09-16 16:01:57,Checkpoint_Alpha,Escalation Detected,73.96
2026-09-16 16:01:57,Checkpoint_Alpha,Escalation Detected,73.34
2026-09-16 16:01:57,Checkpoint_Alpha,Escalation Detected,81.88
2026-09-16 16:01:57,Checkpoint_Alpha,Escalation Detected,83.68
2026-09-16 16:01:58,Checkpoint_Alpha,Escalation Detected,62.92
2026-09-16 16:01:58,Checkpoint_Alpha,Escalation Detected,96.14
2026-09-16 16:01:58,Checkpoint_Alpha,Escalation Detected,78.16
2026-09-16 16:01:58,Checkpoint_Alpha,Escalation Detected,75.81
2026-09-16 16:01:58,Checkpoint_Alpha,Escalation Detected,95.23
2026-09-16 16:01:58,Checkpoint_Alpha,Escalation Detected,99.65
2026-09-16 16:01:58,Checkpoint_Alpha,Escalation Detected,100.0
2026-09-16 16:01:58,Checkpoint_Alpha,Escalation Detected,91.52
2026-09-16 16:01:58,Checkpoint_Alpha,Escalation Detected,97.92
2026-09-16 16:01:58,Checkpoint_Alpha,Escalation Detected,90.73
2026-09-16 16:01:58,Checkpoint_Alpha,Escalation Detected,60.34
2026-09-16 16:01:58,Checkpoint_Alpha,Escalation Detected,75.45
2026-09-16 16:01:58,Checkpoint_Alpha,Escalation Detected,83.67
2026-09-16 16:01:58,Checkpoint_Alpha,Escalation Detected,66.15
2026-09-16 16:01:58,Checkpoint_Alpha,Escalation Detected,81.77
2026-09-16 16:01:58,Checkpoint_Alpha,Escalation Detected,98.66
2026-09-16 16:01:58,Checkpoint_Alpha,Escalation Detected,95.74
2026-09-16 16:01:58,Checkpoint_Alpha,Escalation Detected,61.92
2026-09-16 16:01:58,Checkpoint_Alpha,Escalation Detected,79.64
2026-09-16 16:01:58,Checkpoint_Alpha,Escalation Detected,98.17
2026-09-16 16:01:58,Checkpoint_Alpha,Escalation Detected,100.0
2026-09-16 16:01:58,Checkpoint_Alpha,Escalation Detected,67.34
2026-09-16 16:01:58,Checkpoint_Alpha,Escalation Detected,70.76
2026-09-16 16:01:58,Checkpoint_Alpha,Escalation Detected,66.31
2026-09-16 16:01:58,Checkpoint_Alpha,Escalation Detected,74.39
2026-09-16 16:01:59,Checkpoint_Alpha,Escalation Detected,91.61
2026-09-16 16:01:59,Checkpoint_Alpha,Escalation Detected,100.0
2026-09-16 16:01:59,Checkpoint_Alpha,Escalation Detected,79.32
2026-09-16 16:01:59,Checkpoint_Alpha,Escalation Detected,98.76
2026-09-16 16:01:59,Checkpoint_Alpha,Escalation Detected,88.95
2026-09-16 16:01:59,Checkpoint_Alpha,Escalation Detected,76.77
2026-09-16 16:01:59,Checkpoint_Alpha,Escalation Detected,64.32
2026-09-16 16:01:59,Checkpoint_Alpha,Escalation Detected,91.32
2026-09-16 16:01:59,Checkpoint_Alpha,Escalation Detected,68.51
2026-09-16 16:01:59,Checkpoint_Alpha,Escalation Detected,61.66
2026-09-16 16:01:59,Checkpoint_Alpha,Escalation Detected,62.29
2026-09-16 16:01:59,Checkpoint_Alpha,Escalation Detected,78.18
2026-09-16 16:01:59,Checkpoint_Alpha,Escalation Detected,76.0
2026-09-16 16:01:59,Checkpoint_Alpha,Escalation Detected,62.85
2026-09-16 16:02:00,Checkpoint_Alpha,Escalation Detected,82.73
2026-09-16 16:02:00,Checkpoint_Alpha,Escalation Detected,99.32
2026-09-16 16:02:00,Checkpoint_Alpha,Escalation Detected,100.0
2026-09-16 16:02:00,Checkpoint_Alpha,Escalation Detected,86.43
2026-09-16 16:02:00,Checkpoint_Alpha,Escalation Detected,100.0
2026-09-16 16:02:00,Checkpoint_Alpha,Escalation Detected,100.0
2026-09-16 16:02:00,Checkpoint_Alpha,Escalation Detected,90.22
2026-09-16 16:02:00,Checkpoint_Alpha,Escalation Detected,64.0
2026-09-16 16:02:00,Checkpoint_Alpha,Escalation Detected,61.24
2026-09-16 16:02:00,Checkpoint_Alpha,Escalation Detected,91.07
2026-09-16 16:02:00,Checkpoint_Alpha,Escalation Detected,99.97
2026-09-16 16:02:00,Checkpoint_Alpha,Escalation Detected,70.0
2026-09-16 16:02:00,Checkpoint_Alpha,Escalation Detected,93.62
2026-09-16 16:02:00,Checkpoint_Alpha,Escalation Detected,72.81
2026-09-16 16:02:00,Checkpoint_Alpha,Escalation Detected,92.81
2026-09-16 16:02:01,Checkpoint_Alpha,Escalation Detected,75.24
2026-09-16 16:02:01,Checkpoint_Alpha,Escalation Detected,83.81
2026-09-16 16:02:01,Checkpoint_Alpha,Escalation Detected,63.63
2026-09-16 16:02:01,Checkpoint_Alpha,Escalation Detected,84.26
2026-09-16 16:02:01,Checkpoint_Alpha,Escalation Detected,69.14
2026-09-16 16:02:01,Checkpoint_Alpha,Escalation Detected,88.75
2026-09-16 16:02:01,Checkpoint_Alpha,Escalation Detected,98.37
2026-09-16 16:02:01,Checkpoint_Alpha,Escalation Detected,86.87
2026-09-16 16:02:01,Checkpoint_Alpha,Escalation Detected,63.96
2026-09-16 16:02:01,Checkpoint_Alpha,Escalation Detected,90.6
2026-09-16 16:02:01,Checkpoint_Alpha,Escalation Detected,63.66
2026-09-16 16:02:01,Checkpoint_Alpha,Escalation Detected,62.9
2026-09-16 16:02:01,Checkpoint_Alpha,Escalation Detected,77.36
2026-09-16 16:02:02,Checkpoint_Alpha,Escalation Detected,69.85
2026-09-16 16:02:02,Checkpoint_Alpha,Escalation Detected,83.24
2026-09-16 16:02:02,Checkpoint_Alpha,Escalation Detected,93.07
2026-09-16 16:02:02,Checkpoint_Alpha,Escalation Detected,100.0
2026-09-16 16:02:02,Checkpoint_Alpha,Escalation Detected,87.64
2026-09-16 16:02:03,Checkpoint_Alpha,Escalation Detected,99.17
2026-09-16 16:02:03,Checkpoint_Alpha,Escalation Detected,95.49
2026-09-16 16:02:03,Checkpoint_Alpha,Escalation Detected,65.21
2026-09-16 16:02:03,Checkpoint_Alpha,Escalation Detected,70.27
2026-09-16 16:02:03,Checkpoint_Alpha,Escalation Detected,98.56
2026-09-16 16:02:03,Checkpoint_Alpha,Escalation Detected,93.5
2026-09-16 16:02:03,Checkpoint_Alpha,Escalation Detected,78.24
2026-09-16 16:02:03,Checkpoint_Alpha,Escalation Detected,60.52
2026-09-16 16:02:03,Checkpoint_Alpha,Escalation Detected,77.41
2026-09-16 16:02:03,Checkpoint_Alpha,Escalation Detected,64.12
2026-09-16 16:02:03,Checkpoint_Alpha,Escalation Detected,98.09
2026-09-16 16:02:03,Checkpoint_Alpha,Escalation Detected,68.34
2026-09-16 16:02:03,Checkpoint_Alpha,Escalation Detected,63.77
2026-09-16 16:02:04,Checkpoint_Alpha,Escalation Detected,73.64
2026-09-16 16:02:04,Checkpoint_Alpha,Escalation Detected,96.61
2026-09-16 16:02:04,Checkpoint_Alpha,Escalation Detected,80.27
2026-09-16 16:02:04,Checkpoint_Alpha,Escalation Detected,73.42
2026-09-16 16:02:04,Checkpoint_Alpha,Escalation Detected,99.14
2026-09-16 16:02:04,Checkpoint_Alpha,Escalation Detected,62.82
2026-09-16 16:02:04,Checkpoint_Alpha,Escalation Detected,95.77
2026-09-16 16:02:04,Checkpoint_Alpha,Escalation Detected,68.56
2026-09-16 16:02:04,Checkpoint_Alpha,Escalation Detected,97.71
2026-09-16 16:02:04,Checkpoint_Alpha,Escalation Detected,95.34
2026-09-16 16:02:04,Checkpoint_Alpha,Escalation Detected,86.77
2026-09-16 16:02:05,Checkpoint_Alpha,Escalation Detected,93.83
2026-09-16 16:02:05,Checkpoint_Alpha,Escalation Detected,87.0
2026-09-16 16:02:05,Checkpoint_Alpha,Escalation Detected,60.12
2026-09-16 16:02:05,Checkpoint_Alpha,Escalation Detected,63.25
2026-09-16 16:02:05,Checkpoint_Alpha,Escalation Detected,87.34
2026-09-16 16:02:05,Checkpoint_Alpha,Escalation Detected,80.16
2026-09-16 16:02:05,Checkpoint_Alpha,Escalation Detected,95.31
2026-09-16 16:02:05,Checkpoint_Alpha,Escalation Detected,70.58
2026-09-16 16:02:06,Checkpoint_Alpha,Escalation Detected,89.34
2026-09-16 16:02:06,Checkpoint_Alpha,Escalation Detected,80.86
2026-09-16 16:02:06,Checkpoint_Alpha,Escalation Detected,76.33
2026-09-16 16:02:06,Checkpoint_Alpha,Escalation Detected,66.58
2026-09-16 16:02:06,Checkpoint_Alpha,Escalation Detected,92.75
2026-09-16 16:02:06,Checkpoint_Alpha,Escalation Detected,83.07
2026-09-16 16:02:06,Checkpoint_Alpha,Escalation Detected,69.01
2026-09-16 16:02:06,Checkpoint_Alpha,Escalation Detected,70.85
2026-09-16 16:02:06,Checkpoint_Alpha,Escalation Detected,81.49
2026-09-16 16:02:06,Checkpoint_Alpha,Escalation Detected,82.43
2026-09-16 16:02:06,Checkpoint_Alpha,Escalation Detected,81.29
2026-09-16 16:02:06,Checkpoint_Alpha,Escalation Detected,90.8
2026-09-16 16:02:06,Checkpoint_Alpha,Escalation Detected,93.5
2026-09-16 16:02:06,Checkpoint_Alpha,Escalation Detected,100.0
2026-09-16 16:02:06,Checkpoint_Alpha,Escalation Detected,90.79
2026-09-16 16:02:07,Checkpoint_Alpha,Escalation Detected,81.01
2026-09-16 16:02:07,Checkpoint_Alpha,Escalation Detected,76.0
2026-09-16 16:02:07,Checkpoint_Alpha,Escalation Detected,65.38
2026-09-16 16:02:07,Checkpoint_Alpha,Escalation Detected,100.0
2026-09-16 16:02:07,Checkpoint_Alpha,Escalation Detected,70.09
2026-09-16 16:02:07,Checkpoint_Alpha,Escalation Detected,87.3
2026-09-16 16:02:07,Checkpoint_Alpha,Escalation Detected,99.89
2026-09-16 16:02:07,Checkpoint_Alpha,Escalation Detected,71.74
2026-09-16 16:02:07,Checkpoint_Alpha,Escalation Detected,70.0
2026-09-16 16:02:08,Checkpoint_Alpha,Escalation Detected,99.26
2026-09-16 16:02:08,Checkpoint_Alpha,Escalation Detected,65.18
2026-09-16 16:02:08,Checkpoint_Alpha,Escalation Detected,61.94
2026-09-16 16:02:08,Checkpoint_Alpha,Escalation Detected,100.0
2026-09-16 16:02:08,Checkpoint_Alpha,Escalation Detected,85.42
2026-09-16 16:02:08,Checkpoint_Alpha,Escalation Detected,99.06
2026-09-16 16:02:08,Checkpoint_Alpha,Escalation Detected,77.1
2026-09-16 16:02:08,Checkpoint_Alpha,Escalation Detected,100.0
2026-09-16 16:02:08,Checkpoint_Alpha,Escalation Detected,100.0
2026-09-16 16:02:08,Checkpoint_Alpha,Escalation Detected,91.99
2026-09-16 16:02:08,Checkpoint_Alpha,Escalation Detected,90.69
2026-09-16 16:02:08,Checkpoint_Alpha,Escalation Detected,72.82
2026-09-16 16:02:08,Checkpoint_Alpha,Escalation Detected,67.36
2026-09-16 16:02:08,Checkpoint_Alpha,Escalation Detected,81.48
2026-09-16 16:02:08,Checkpoint_Alpha,Escalation Detected,81.13
2026-09-16 16:02:08,Checkpoint_Alpha,Escalation Detected,93.14
2026-09-16 16:02:08,Checkpoint_Alpha,Escalation Detected,83.97
2026-09-16 16:02:08,Checkpoint_Alpha,Escalation Detected,98.14
2026-09-16 16:02:08,Checkpoint_Alpha,Escalation Detected,74.85
2026-09-16 16:02:08,Checkpoint_Alpha,Escalation Detected,71.4
2026-09-16 16:02:08,Checkpoint_Alpha,Escalation Detected,65.59
2026-09-16 16:02:08,Checkpoint_Alpha,Escalation Detected,100.0
2026-09-16 16:02:08,Checkpoint_Alpha,Escalation Detected,99.46
2026-09-16 16:02:08,Checkpoint_Alpha,Escalation Detected,100.0
2026-09-16 16:02:08,Checkpoint_Alpha,Escalation Detected,100.0
2026-09-16 16:02:08,Checkpoint_Alpha,Escalation Detected,63.88
2026-09-16 16:02:08,Checkpoint_Alpha,Escalation Detected,98.64
2026-09-16 16:02:08,Checkpoint_Alpha,Escalation Detected,69.14
2026-09-16 16:02:08,Checkpoint_Alpha,Escalation Detected,82.3
2026-09-16 16:02:09,Checkpoint_Alpha,Escalation Detected,100.0
2026-09-16 16:02:09,Checkpoint_Alpha,Escalation Detected,67.57
2026-09-16 16:02:09,Checkpoint_Alpha,Escalation Detected,96.9
2026-09-16 16:02:09,Checkpoint_Alpha,Escalation Detected,88.32
2026-09-16 16:02:09,Checkpoint_Alpha,Escalation Detected,61.32
2026-09-16 16:02:09,Checkpoint_Alpha,Escalation Detected,86.84
2026-09-16 16:02:09,Checkpoint_Alpha,Escalation Detected,99.38
2026-09-16 16:02:09,Checkpoint_Alpha,Escalation Detected,89.45
2026-09-16 16:02:09,Checkpoint_Alpha,Escalation Detected,68.24
2026-09-16 16:02:09,Checkpoint_Alpha,Escalation Detected,61.42
2026-09-16 16:02:09,Checkpoint_Alpha,Escalation Detected,78.57
2026-09-16 16:02:09,Checkpoint_Alpha,Escalation Detected,98.06
2026-09-16 16:02:09,Checkpoint_Alpha,Escalation Detected,98.47
2026-09-16 16:02:10,Checkpoint_Alpha,Escalation Detected,95.43
2026-09-16 16:02:10,Checkpoint_Alpha,Escalation Detected,82.21
2026-09-16 16:02:10,Checkpoint_Alpha,Escalation Detected,68.41
2026-09-16 16:02:10,Checkpoint_Alpha,Escalation Detected,63.93
2026-09-16 16:02:10,Checkpoint_Alpha,Escalation Detected,92.68
2026-09-16 16:02:10,Checkpoint_Alpha,Escalation Detected,88.22
2026-09-16 16:02:10,Checkpoint_Alpha,Escalation Detected,63.81
2026-09-16 16:02:10,Checkpoint_Alpha,Escalation Detected,61.59
2026-09-16 16:02:10,Checkpoint_Alpha,Escalation Detected,70.0
2026-09-16 16:02:10,Checkpoint_Alpha,Escalation Detected,98.46
2026-09-16 16:02:10,Checkpoint_Alpha,Escalation Detected,77.27
2026-09-16 16:02:10,Checkpoint_Alpha,Escalation Detected,64.69
2026-09-16 16:02:11,Checkpoint_Alpha,Escalation Detected,63.66
2026-09-16 16:02:11,Checkpoint_Alpha,Escalation Detected,65.08
2026-09-16 16:02:11,Checkpoint_Alpha,Escalation Detected,92.2
2026-09-16 16:02:11,Checkpoint_Alpha,Escalation Detected,100.0
2026-09-16 16:02:11,Checkpoint_Alpha,Escalation Detected,100.0
2026-09-16 16:02:11,Checkpoint_Alpha,Escalation Detected,100.0
2026-09-16 16:02:11,Checkpoint_Alpha,Escalation Detected,76.27
2026-09-16 16:02:11,Checkpoint_Alpha,Escalation Detected,94.97
2026-09-16 16:02:11,Checkpoint_Alpha,Escalation Detected,61.35
2026-09-16 16:02:11,Checkpoint_Alpha,Escalation Detected,100.0
2026-09-16 16:02:11,Checkpoint_Alpha,Escalation Detected,62.58
2026-09-16 16:02:11,Checkpoint_Alpha,Escalation Detected,95.37
2026-09-16 16:02:11,Checkpoint_Alpha,Escalation Detected,90.61
2026-09-16 16:02:11,Checkpoint_Alpha,Escalation Detected,86.35
2026-09-16 16:02:11,Checkpoint_Alpha,Escalation Detected,88.21
2026-09-16 16:02:11,Checkpoint_Alpha,Escalation Detected,78.99
2026-09-16 16:02:11,Checkpoint_Alpha,Escalation Detected,92.85
2026-09-16 16:02:11,Checkpoint_Alpha,Escalation Detected,100.0
2026-09-16 16:02:11,Checkpoint_Alpha,Escalation Detected,69.11
2026-09-16 16:02:11,Checkpoint_Alpha,Escalation Detected,88.22
2026-09-16 16:02:11,Checkpoint_Alpha,Escalation Detected,66.96
2026-09-16 16:02:11,Checkpoint_Alpha,Escalation Detected,100.0
2026-09-16 16:02:11,Checkpoint_Alpha,Escalation Detected,93.04
2026-09-16 16:02:11,Checkpoint_Alpha,Escalation Detected,64.27
2026-09-16 16:02:11,Checkpoint_Alpha,Escalation Detected,69.18
2026-09-16 16:02:11,Checkpoint_Alpha,Escalation Detected,79.18
2026-09-16 16:02:12,Checkpoint_Alpha,Escalation Detected,93.85
2026-09-16 16:02:12,Checkpoint_Alpha,Escalation Detected,61.57
2026-09-16 16:02:12,Checkpoint_Alpha,Escalation Detected,75.73
2026-09-16 16:02:12,Checkpoint_Alpha,Escalation Detected,67.68
2026-09-16 16:02:12,Checkpoint_Alpha,Escalation Detected,97.01
2026-09-16 16:02:12,Checkpoint_Alpha,Escalation Detected,74.64
2026-09-16 16:02:12,Checkpoint_Alpha,Escalation Detected,100.0
2026-09-16 16:02:12,Checkpoint_Alpha,Escalation Detected,82.32
2026-09-16 16:02:12,Checkpoint_Alpha,Escalation Detected,100.0
2026-09-16 16:02:12,Checkpoint_Alpha,Escalation Detected,75.48
2026-09-16 16:02:12,Checkpoint_Alpha,Escalation Detected,98.58
2026-09-16 16:02:13,Checkpoint_Alpha,Escalation Detected,64.0
2026-09-16 16:02:13,Checkpoint_Alpha,Escalation Detected,75.6
2026-09-16 16:02:13,Checkpoint_Alpha,Escalation Detected,60.41
2026-09-16 16:02:13,Checkpoint_Alpha,Escalation Detected,63.11
2026-09-16 16:02:13,Checkpoint_Alpha,Escalation Detected,64.7
2026-09-16 16:02:13,Checkpoint_Alpha,Escalation Detected,91.84
2026-09-16 16:02:13,Checkpoint_Alpha,Escalation Detected,64.31
2026-09-16 16:02:13,Checkpoint_Alpha,Escalation Detected,82.37
2026-09-16 16:02:13,Checkpoint_Alpha,Escalation Detected,66.63
2026-09-16 16:02:13,Checkpoint_Alpha,Escalation Detected,61.35
2026-09-16 16:02:13,Checkpoint_Alpha,Escalation Detected,72.92
2026-09-16 16:02:13,Checkpoint_Alpha,Escalation Detected,78.55
2026-09-16 16:02:13,Checkpoint_Alpha,Escalation Detected,94.21
2026-09-16 16:02:13,Checkpoint_Alpha,Escalation Detected,97.39
2026-09-16 16:02:13,Checkpoint_Alpha,Escalation Detected,76.05
2026-09-16 16:02:13,Checkpoint_Alpha,Escalation Detected,91.85
2026-09-16 16:02:13,Checkpoint_Alpha,Escalation Detected,80.11
2026-09-16 16:02:13,Checkpoint_Alpha,Escalation Detected,96.2
2026-09-16 16:02:14,Checkpoint_Alpha,Escalation Detected,94.34
2026-09-16 16:02:14,Checkpoint_Alpha,Escalation Detected,86.86
2026-09-16 16:02:14,Checkpoint_Alpha,Escalation Detected,87.51
2026-09-16 16:02:14,Checkpoint_Alpha,Escalation Detected,60.44
2026-09-16 16:02:14,Checkpoint_Alpha,Escalation Detected,98.35
2026-09-16 16:02:14,Checkpoint_Alpha,Escalation Detected,73.06
2026-09-16 16:02:14,Checkpoint_Alpha,Escalation Detected,78.54
2026-09-16 16:02:14,Checkpoint_Alpha,Escalation Detected,84.53
2026-09-16 16:02:14,Checkpoint_Alpha,Escalation Detected,84.9
2026-09-16 16:02:14,Checkpoint_Alpha,Escalation Detected,97.56
2026-09-16 16:02:14,Checkpoint_Alpha,Escalation Detected,96.6
2026-09-16 16:02:14,Checkpoint_Alpha,Escalation Detected,82.19
2026-09-16 16:02:14,Checkpoint_Alpha,Escalation Detected,74.75
2026-09-16 16:02:14,Checkpoint_Alpha,Escalation Detected,83.57
2026-09-16 16:02:14,Checkpoint_Alpha,Escalation Detected,63.1
2026-09-16 16:02:15,Checkpoint_Alpha,Escalation Detected,91.98
2026-09-16 16:02:15,Checkpoint_Alpha,Escalation Detected,87.07
2026-09-16 16:02:15,Checkpoint_Alpha,Escalation Detected,67.74
2026-09-16 16:02:15,Checkpoint_Alpha,Escalation Detected,82.57
2026-09-16 16:02:15,Checkpoint_Alpha,Escalation Detected,93.31
2026-09-16 16:02:15,Checkpoint_Alpha,Escalation Detected,82.55
2026-09-16 16:02:15,Checkpoint_Alpha,Escalation Detected,87.28
2026-09-16 16:02:15,Checkpoint_Alpha,Escalation Detected,65.58
2026-09-16 16:02:15,Checkpoint_Alpha,Escalation Detected,72.9
2026-09-16 16:02:15,Checkpoint_Alpha,Escalation Detected,64.74
2026-09-16 16:02:15,Checkpoint_Alpha,Escalation Detected,96.93
2026-09-16 16:02:15,Checkpoint_Alpha,Escalation Detected,97.97
2026-09-16 16:02:15,Checkpoint_Alpha,Escalation Detected,100.0
2026-09-16 16:02:15,Checkpoint_Alpha,Escalation Detected,64.0
2026-09-16 16:02:15,Checkpoint_Alpha,Escalation Detected,91.97
2026-09-16 16:02:15,Checkpoint_Alpha,Escalation Detected,89.12
2026-09-16 16:02:16,Checkpoint_Alpha,Escalation Detected,96.11
2026-09-16 16:02:16,Checkpoint_Alpha,Escalation Detected,90.64
2026-09-16 16:02:16,Checkpoint_Alpha,Escalation Detected,81.67
2026-09-16 16:02:16,Checkpoint_Alpha,Escalation Detected,60.11
2026-09-16 16:02:16,Checkpoint_Alpha,Escalation Detected,65.29
2026-09-16 16:02:16,Checkpoint_Alpha,Escalation Detected,63.93
2026-09-16 16:02:16,Checkpoint_Alpha,Escalation Detected,71.77
2026-09-16 16:02:16,Checkpoint_Alpha,Escalation Detected,93.12
2026-09-16 16:02:16,Checkpoint_Alpha,Escalation Detected,98.48
2026-09-16 16:02:16,Checkpoint_Alpha,Escalation Detected,63.04
2026-09-16 16:02:16,Checkpoint_Alpha,Escalation Detected,100.0
2026-09-16 16:02:16,Checkpoint_Alpha,Escalation Detected,75.89
2026-09-16 16:02:16,Checkpoint_Alpha,Escalation Detected,71.77
2026-09-16 16:02:16,Checkpoint_Alpha,Escalation Detected,62.92
2026-09-16 16:02:17,Checkpoint_Alpha,Escalation Detected,80.92
2026-09-16 16:02:17,Checkpoint_Alpha,Escalation Detected,63.67
2026-09-16 16:02:17,Checkpoint_Alpha,Escalation Detected,74.97
2026-09-16 16:02:17,Checkpoint_Alpha,Escalation Detected,95.24
2026-09-16 16:02:17,Checkpoint_Alpha,Escalation Detected,73.15
2026-09-16 16:02:17,Checkpoint_Alpha,Escalation Detected,63.09
2026-09-16 16:02:17,Checkpoint_Alpha,Escalation Detected,71.68
2026-09-16 16:02:17,Checkpoint_Alpha,Escalation Detected,61.46
2026-09-16 16:02:17,Checkpoint_Alpha,Escalation Detected,81.21
2026-09-16 16:02:17,Checkpoint_Alpha,Escalation Detected,100.0
2026-09-16 16:02:17,Checkpoint_Alpha,Escalation Detected,66.33
2026-09-16 16:02:17,Checkpoint_Alpha,Escalation Detected,100.0
2026-09-16 16:02:17,Checkpoint_Alpha,Escalation Detected,100.0
2026-09-16 16:02:18,Checkpoint_Alpha,Escalation Detected,99.83
2026-09-16 16:02:18,Checkpoint_Alpha,Escalation Detected,76.21
2026-09-16 16:02:18,Checkpoint_Alpha,Escalation Detected,70.61
2026-09-16 16:02:18,Checkpoint_Alpha,Escalation Detected,62.54
2026-09-16 16:02:18,Checkpoint_Alpha,Escalation Detected,70.5
2026-09-16 16:02:18,Checkpoint_Alpha,Escalation Detected,73.47
2026-09-16 16:02:18,Checkpoint_Alpha,Escalation Detected,95.27
2026-09-16 16:02:18,Checkpoint_Alpha,Escalation Detected,77.46
2026-09-16 16:02:18,Checkpoint_Alpha,Escalation Detected,98.8
2026-09-16 16:02:18,Checkpoint_Alpha,Escalation Detected,93.32
2026-09-16 16:02:18,Checkpoint_Alpha,Escalation Detected,68.81
2026-09-16 16:02:18,Checkpoint_Alpha,Escalation Detected,63.08
2026-09-16 16:02:18,Checkpoint_Alpha,Escalation Detected,100.0
2026-09-16 16:02:18,Checkpoint_Alpha,Escalation Detected,91.79
2026-09-16 16:02:18,Checkpoint_Alpha,Escalation Detected,88.54
2026-09-16 16:02:18,Checkpoint_Alpha,Escalation Detected,87.87
2026-09-16 16:02:18,Checkpoint_Alpha,Escalation Detected,86.35
2026-09-16 16:02:18,Checkpoint_Alpha,Escalation Detected,81.67
2026-09-16 16:02:18,Checkpoint_Alpha,Escalation Detected,68.93
2026-09-16 16:02:18,Checkpoint_Alpha,Escalation Detected,72.88
2026-09-16 16:02:18,Checkpoint_Alpha,Escalation Detected,100.0
2026-09-16 16:02:19,Checkpoint_Alpha,Escalation Detected,62.87
2026-09-16 16:02:19,Checkpoint_Alpha,Escalation Detected,100.0
2026-09-16 16:02:19,Checkpoint_Alpha,Escalation Detected,65.09
2026-09-16 16:02:19,Checkpoint_Alpha,Escalation Detected,61.22
2026-09-16 16:02:19,Checkpoint_Alpha,Escalation Detected,95.91
2026-09-16 16:02:19,Checkpoint_Alpha,Escalation Detected,60.79
2026-09-16 16:02:19,Checkpoint_Alpha,Escalation Detected,97.39
2026-09-16 16:02:19,Checkpoint_Alpha,Escalation Detected,94.61
2026-09-16 16:02:19,Checkpoint_Alpha,Escalation Detected,69.13
2026-09-16 16:02:19,Checkpoint_Alpha,Escalation Detected,100.0
2026-09-16 16:02:19,Checkpoint_Alpha,Escalation Detected,95.59
2026-09-16 16:02:19,Checkpoint_Alpha,Escalation Detected,82.0
2026-09-16 16:02:19,Checkpoint_Alpha,Escalation Detected,100.0
2026-09-16 16:02:19,Checkpoint_Alpha,Escalation Detected,62.25
2026-09-16 16:02:20,Checkpoint_Alpha,Escalation Detected,100.0
2026-09-16 16:02:20,Checkpoint_Alpha,Escalation Detected,81.5
2026-09-16 16:02:20,Checkpoint_Alpha,Escalation Detected,100.0
2026-09-16 16:02:20,Checkpoint_Alpha,Escalation Detected,86.27
2026-09-16 16:02:20,Checkpoint_Alpha,Escalation Detected,63.4
2026-09-16 16:02:20,Checkpoint_Alpha,Escalation Detected,71.95
2026-09-16 16:02:20,Checkpoint_Alpha,Escalation Detected,100.0
2026-09-16 16:02:20,Checkpoint_Alpha,Escalation Detected,90.47
2026-09-16 16:02:20,Checkpoint_Alpha,Escalation Detected,62.53
2026-09-16 16:02:20,Checkpoint_Alpha,Escalation Detected,89.32
2026-09-16 16:02:20,Checkpoint_Alpha,Escalation Detected,70.5
2026-09-16 16:02:20,Checkpoint_Alpha,Escalation Detected,100.0
2026-09-16 16:02:20,Checkpoint_Alpha,Escalation Detected,98.28
2026-09-16 16:02:20,Checkpoint_Alpha,Escalation Detected,98.25
2026-09-16 16:02:20,Checkpoint_Alpha,Escalation Detected,100.0
2026-09-16 16:02:20,Checkpoint_Alpha,Escalation Detected,100.0
2026-09-16 16:02:21,Checkpoint_Alpha,Escalation Detected,99.46
2026-09-16 16:02:21,Checkpoint_Alpha,Escalation Detected,66.05
2026-09-16 16:02:21,Checkpoint_Alpha,Escalation Detected,96.71
2026-09-16 16:02:21,Checkpoint_Alpha,Escalation Detected,96.54
2026-09-16 16:02:21,Checkpoint_Alpha,Escalation Detected,89.61
2026-09-16 16:02:21,Checkpoint_Alpha,Escalation Detected,96.04
2026-09-16 16:02:21,Checkpoint_Alpha,Escalation Detected,64.35
2026-09-16 16:02:21,Checkpoint_Alpha,Escalation Detected,98.58
2026-09-16 16:02:21,Checkpoint_Alpha,Escalation Detected,92.03
2026-09-16 16:02:21,Checkpoint_Alpha,Escalation Detected,94.86
2026-09-16 16:02:21,Checkpoint_Alpha,Escalation Detected,60.65
2026-09-16 16:02:21,Checkpoint_Alpha,Escalation Detected,68.09
2026-09-16 16:02:21,Checkpoint_Alpha,Escalation Detected,91.55
2026-09-16 16:02:21,Checkpoint_Alpha,Escalation Detected,77.93
2026-09-16 16:02:21,Checkpoint_Alpha,Escalation Detected,91.61
2026-09-16 16:02:21,Checkpoint_Alpha,Escalation Detected,87.81
2026-09-16 16:02:21,Checkpoint_Alpha,Escalation Detected,66.78
2026-09-16 16:02:21,Checkpoint_Alpha,Escalation Detected,100.0
2026-09-16 16:02:22,Checkpoint_Alpha,Escalation Detected,100.0
2026-09-16 16:02:22,Checkpoint_Alpha,Escalation Detected,67.77
2026-09-16 16:02:22,Checkpoint_Alpha,Escalation Detected,64.0
2026-09-16 16:02:22,Checkpoint_Alpha,Escalation Detected,60.99
2026-09-16 16:02:22,Checkpoint_Alpha,Escalation Detected,76.92
2026-09-16 16:02:22,Checkpoint_Alpha,Escalation Detected,85.82
2026-09-16 16:02:22,Checkpoint_Alpha,Escalation Detected,63.51
2026-09-16 16:02:22,Checkpoint_Alpha,Escalation Detected,94.21
2026-09-16 16:02:22,Checkpoint_Alpha,Escalation Detected,89.87
2026-09-16 16:02:22,Checkpoint_Alpha,Escalation Detected,87.56
2026-09-16 16:02:22,Checkpoint_Alpha,Escalation Detected,86.46
2026-09-16 16:02:22,Checkpoint_Alpha,Escalation Detected,87.53
2026-09-16 16:02:22,Checkpoint_Alpha,Escalation Detected,63.97
2026-09-16 16:02:22,Checkpoint_Alpha,Escalation Detected,70.58
2026-09-16 16:02:22,Checkpoint_Alpha,Escalation Detected,62.56
2026-09-16 16:02:22,Checkpoint_Alpha,Escalation Detected,91.62
2026-09-16 16:02:22,Checkpoint_Alpha,Escalation Detected,62.55
2026-09-16 16:02:22,Checkpoint_Alpha,Escalation Detected,77.18
2026-09-16 16:02:22,Checkpoint_Alpha,Escalation Detected,76.19
2026-09-16 16:02:23,Checkpoint_Alpha,Escalation Detected,93.58
2026-09-16 16:02:23,Checkpoint_Alpha,Escalation Detected,63.19
2026-09-16 16:02:23,Checkpoint_Alpha,Escalation Detected,80.87
2026-09-16 16:02:23,Checkpoint_Alpha,Escalation Detected,88.0
2026-09-16 16:02:23,Checkpoint_Alpha,Escalation Detected,70.0
2026-09-16 16:02:23,Checkpoint_Alpha,Escalation Detected,100.0
2026-09-16 16:02:23,Checkpoint_Alpha,Escalation Detected,100.0
2026-09-16 16:02:23,Checkpoint_Alpha,Escalation Detected,65.77
2026-09-16 16:02:23,Checkpoint_Alpha,Escalation Detected,76.89
2026-09-16 16:02:23,Checkpoint_Alpha,Escalation Detected,72.9
2026-09-16 16:02:23,Checkpoint_Alpha,Escalation Detected,78.42
2026-09-16 16:02:23,Checkpoint_Alpha,Escalation Detected,63.95
2026-09-16 16:02:23,Checkpoint_Alpha,Escalation Detected,60.63
2026-09-16 16:02:23,Checkpoint_Alpha,Escalation Detected,85.69
2026-09-16 16:02:23,Checkpoint_Alpha,Escalation Detected,69.59
2026-09-16 16:02:23,Checkpoint_Alpha,Escalation Detected,78.73
2026-09-16 16:02:23,Checkpoint_Alpha,Escalation Detected,90.23
2026-09-16 16:02:23,Checkpoint_Alpha,Escalation Detected,63.24
2026-09-16 16:02:23,Checkpoint_Alpha,Escalation Detected,65.94
2026-09-16 16:02:23,Checkpoint_Alpha,Escalation Detected,62.38
2026-09-16 16:02:24,Checkpoint_Alpha,Escalation Detected,72.45
2026-09-16 16:02:24,Checkpoint_Alpha,Escalation Detected,82.27
2026-09-16 16:02:24,Checkpoint_Alpha,Escalation Detected,68.37
2026-09-16 16:02:24,Checkpoint_Alpha,Escalation Detected,90.02
2026-09-16 16:02:24,Checkpoint_Alpha,Escalation Detected,98.9
2026-09-16 16:02:24,Checkpoint_Alpha,Escalation Detected,64.36
2026-09-16 16:02:24,Checkpoint_Alpha,Escalation Detected,66.55
2026-09-16 16:02:24,Checkpoint_Alpha,Escalation Detected,68.72
2026-09-16 16:02:24,Checkpoint_Alpha,Escalation Detected,70.8
2026-09-16 16:02:24,Checkpoint_Alpha,Escalation Detected,100.0
2026-09-16 16:02:24,Checkpoint_Alpha,Escalation Detected,74.0
2026-09-16 16:02:24,Checkpoint_Alpha,Escalation Detected,100.0
2026-09-16 16:02:24,Checkpoint_Alpha,Escalation Detected,65.87
2026-09-16 16:02:24,Checkpoint_Alpha,Escalation Detected,70.55
2026-09-16 16:02:24,Checkpoint_Alpha,Escalation Detected,78.64
2026-09-16 16:02:24,Checkpoint_Alpha,Escalation Detected,68.54
2026-09-16 16:02:24,Checkpoint_Alpha,Escalation Detected,86.81
2026-09-16 16:02:24,Checkpoint_Alpha,Escalation Detected,89.26
2026-09-16 16:02:24,Checkpoint_Alpha,Escalation Detected,69.23
2026-09-16 16:02:24,Checkpoint_Alpha,Escalation Detected,66.83
2026-09-16 16:02:24,Checkpoint_Alpha,Escalation Detected,68.59
2026-09-16 16:02:24,Checkpoint_Alpha,Escalation Detected,60.49
2026-09-16 16:02:24,Checkpoint_Alpha,Escalation Detected,80.82
2026-09-16 16:02:25,Checkpoint_Alpha,Escalation Detected,90.11
2026-09-16 16:02:25,Checkpoint_Alpha,Escalation Detected,81.53
2026-09-16 16:02:25,Checkpoint_Alpha,Escalation Detected,83.48
2026-09-16 16:02:25,Checkpoint_Alpha,Escalation Detected,61.81
2026-09-16 16:02:25,Checkpoint_Alpha,Escalation Detected,67.25
2026-09-16 16:02:25,Checkpoint_Alpha,Escalation Detected,95.94
2026-09-16 16:02:25,Checkpoint_Alpha,Escalation Detected,94.55
2026-09-16 16:02:25,Checkpoint_Alpha,Escalation Detected,71.47
2026-09-16 16:02:25,Checkpoint_Alpha,Escalation Detected,60.81
2026-09-16 16:02:25,Checkpoint_Alpha,Escalation Detected,65.32
2026-09-16 16:02:25,Checkpoint_Alpha,Escalation Detected,69.24
2026-09-16 16:02:25,Checkpoint_Alpha,Escalation Detected,86.78
2026-09-16 16:02:25,Checkpoint_Alpha,Escalation Detected,68.42
2026-09-16 16:02:25,Checkpoint_Alpha,Escalation Detected,91.64
2026-09-16 16:02:25,Checkpoint_Alpha,Escalation Detected,88.73
2026-09-16 16:02:25,Checkpoint_Alpha,Escalation Detected,79.61
2026-09-16 16:02:25,Checkpoint_Alpha,Escalation Detected,100.0
2026-09-16 16:02:25,Checkpoint_Alpha,Escalation Detected,64.6
2026-09-16 16:02:25,Checkpoint_Alpha,Escalation Detected,96.99
2026-09-16 16:02:25,Checkpoint_Alpha,Escalation Detected,69.16
2026-09-16 16:02:25,Checkpoint_Alpha,Escalation Detected,99.98
2026-09-16 16:02:25,Checkpoint_Alpha,Escalation Detected,63.07
2026-09-16 16:02:25,Checkpoint_Alpha,Escalation Detected,70.33
2026-09-16 16:02:25,Checkpoint_Alpha,Escalation Detected,60.35
2026-09-16 16:02:25,Checkpoint_Alpha,Escalation Detected,81.66
2026-09-16 16:02:25,Checkpoint_Alpha,Escalation Detected,86.73
2026-09-16 16:02:25,Checkpoint_Alpha,Escalation Detected,63.41
2026-09-16 16:02:25,Checkpoint_Alpha,Escalation Detected,82.83
2026-09-16 16:02:25,Checkpoint_Alpha,Escalation Detected,96.38
2026-09-16 16:02:25,Checkpoint_Alpha,Escalation Detected,67.3
2026-09-16 16:02:25,Checkpoint_Alpha,Escalation Detected,88.37
2026-09-16 16:02:25,Checkpoint_Alpha,Escalation Detected,80.36
2026-09-16 16:02:25,Checkpoint_Alpha,Escalation Detected,65.27
2026-09-16 16:02:26,Checkpoint_Alpha,Escalation Detected,99.6
2026-09-16 16:02:26,Checkpoint_Alpha,Escalation Detected,95.65
2026-09-16 16:02:26,Checkpoint_Alpha,Escalation Detected,64.02
2026-09-16 16:02:26,Checkpoint_Alpha,Escalation Detected,79.92
2026-09-16 16:02:26,Checkpoint_Alpha,Escalation Detected,96.93
2026-09-16 16:02:26,Checkpoint_Alpha,Escalation Detected,61.54
2026-09-16 16:02:26,Checkpoint_Alpha,Escalation Detected,74.58
2026-09-16 16:02:26,Checkpoint_Alpha,Escalation Detected,79.23
2026-09-16 16:02:26,Checkpoint_Alpha,Escalation Detected,63.08
2026-09-16 16:02:26,Checkpoint_Alpha,Escalation Detected,99.12
2026-09-16 16:02:26,Checkpoint_Alpha,Escalation Detected,83.71
2026-09-16 16:02:26,Checkpoint_Alpha,Escalation Detected,63.32
2026-09-16 16:02:26,Checkpoint_Alpha,Escalation Detected,87.7
2026-09-16 16:02:26,Checkpoint_Alpha,Escalation Detected,71.95
2026-09-16 16:02:26,Checkpoint_Alpha,Escalation Detected,87.32
2026-09-16 16:02:26,Checkpoint_Alpha,Escalation Detected,64.9
2026-09-16 16:02:26,Checkpoint_Alpha,Escalation Detected,81.33
2026-09-16 16:02:26,Checkpoint_Alpha,Escalation Detected,63.01
2026-09-16 16:02:26,Checkpoint_Alpha,Escalation Detected,87.72
2026-09-16 16:02:26,Checkpoint_Alpha,Escalation Detected,63.63
2026-09-16 16:02:26,Checkpoint_Alpha,Escalation Detected,78.26
2026-09-16 16:02:27,Checkpoint_Alpha,Escalation Detected,65.78
2026-09-16 16:02:27,Checkpoint_Alpha,Escalation Detected,78.11
2026-09-16 16:02:27,Checkpoint_Alpha,Escalation Detected,83.53
2026-09-16 16:02:27,Checkpoint_Alpha,Escalation Detected,89.34
2026-09-16 16:02:27,Checkpoint_Alpha,Escalation Detected,66.42
2026-09-16 16:02:27,Checkpoint_Alpha,Escalation Detected,98.68
2026-09-16 16:02:27,Checkpoint_Alpha,Escalation Detected,74.25
2026-09-16 16:02:27,Checkpoint_Alpha,Escalation Detected,68.25
2026-09-16 16:02:27,Checkpoint_Alpha,Escalation Detected,98.44
2026-09-16 16:02:27,Checkpoint_Alpha,Escalation Detected,90.33
2026-09-16 16:02:27,Checkpoint_Alpha,Escalation Detected,75.24
2026-09-16 16:02:27,Checkpoint_Alpha,Escalation Detected,68.83
2026-09-16 16:02:27,Checkpoint_Alpha,Escalation Detected,92.31
2026-09-16 16:02:27,Checkpoint_Alpha,Escalation Detected,81.3
2026-09-16 16:02:27,Checkpoint_Alpha,Escalation Detected,64.15
2026-09-16 16:02:27,Checkpoint_Alpha,Escalation Detected,72.84
2026-09-16 16:02:27,Checkpoint_Alpha,Escalation Detected,83.34
2026-09-16 16:02:27,Checkpoint_Alpha,Escalation Detected,100.0
2026-09-16 16:02:28,Checkpoint_Alpha,Escalation Detected,94.72
2026-09-16 16:02:28,Checkpoint_Alpha,Escalation Detected,70.0
2026-09-16 16:02:28,Checkpoint_Alpha,Escalation Detected,92.68
2026-09-16 16:02:28,Checkpoint_Alpha,Escalation Detected,100.0
2026-09-16 16:02:28,Checkpoint_Alpha,Escalation Detected,61.75
2026-09-16 16:02:28,Checkpoint_Alpha,Escalation Detected,99.89
2026-09-16 16:02:28,Checkpoint_Alpha,Escalation Detected,76.23
2026-09-16 16:02:28,Checkpoint_Alpha,Escalation Detected,96.74
2026-09-16 16:02:28,Checkpoint_Alpha,Escalation Detected,71.79
2026-09-16 16:02:28,Checkpoint_Alpha,Escalation Detected,93.62
2026-09-16 16:02:28,Checkpoint_Alpha,Escalation Detected,64.72
2026-09-16 16:02:28,Checkpoint_Alpha,Escalation Detected,74.99
2026-09-16 16:02:28,Checkpoint_Alpha,Escalation Detected,76.92
2026-09-16 16:02:28,Checkpoint_Alpha,Escalation Detected,91.47
2026-09-16 16:02:28,Checkpoint_Alpha,Escalation Detected,100.0
2026-09-16 16:02:28,Checkpoint_Alpha,Escalation Detected,70.0
2026-09-16 16:02:28,Checkpoint_Alpha,Escalation Detected,96.22
2026-09-16 16:02:28,Checkpoint_Alpha,Escalation Detected,96.52
2026-09-16 16:02:28,Checkpoint_Alpha,Escalation Detected,75.63
2026-09-16 16:02:28,Checkpoint_Alpha,Escalation Detected,92.12
2026-09-16 16:02:28,Checkpoint_Alpha,Escalation Detected,89.62
2026-09-16 16:02:28,Checkpoint_Alpha,Escalation Detected,63.63
2026-09-16 16:02:28,Checkpoint_Alpha,Escalation Detected,68.58
2026-09-16 16:02:28,Checkpoint_Alpha,Escalation Detected,64.61
2026-09-16 16:02:28,Checkpoint_Alpha,Escalation Detected,84.8
2026-09-16 16:02:28,Checkpoint_Alpha,Escalation Detected,95.75
2026-09-16 16:02:28,Checkpoint_Alpha,Escalation Detected,94.81
2026-09-16 16:02:28,Checkpoint_Alpha,Escalation Detected,69.86
2026-09-16 16:02:28,Checkpoint_Alpha,Escalation Detected,87.5
2026-09-16 16:02:28,Checkpoint_Alpha,Escalation Detected,90.84
2026-09-16 16:02:28,Checkpoint_Alpha,Escalation Detected,64.43
2026-09-16 16:02:28,Checkpoint_Alpha,Escalation Detected,62.25
2026-09-16 16:02:28,Checkpoint_Alpha,Escalation Detected,96.19
2026-09-16 16:02:29,Checkpoint_Alpha,Escalation Detected,100.0
2026-09-16 16:02:29,Checkpoint_Alpha,Escalation Detected,91.58
2026-09-16 16:02:29,Checkpoint_Alpha,Escalation Detected,87.5
2026-09-16 16:02:29,Checkpoint_Alpha,Escalation Detected,82.39
2026-09-16 16:02:29,Checkpoint_Alpha,Escalation Detected,81.73
2026-09-16 16:02:29,Checkpoint_Alpha,Escalation Detected,67.11
2026-09-16 16:02:29,Checkpoint_Alpha,Escalation Detected,95.78
2026-09-16 16:02:29,Checkpoint_Alpha,Escalation Detected,86.83
2026-09-16 16:02:29,Checkpoint_Alpha,Escalation Detected,87.65
2026-09-16 16:02:29,Checkpoint_Alpha,Escalation Detected,99.9
2026-09-16 16:02:29,Checkpoint_Alpha,Escalation Detected,91.36
2026-09-16 16:02:29,Checkpoint_Alpha,Escalation Detected,72.56
2026-09-16 16:02:29,Checkpoint_Alpha,Escalation Detected,67.56
2026-09-16 16:02:29,Checkpoint_Alpha,Escalation Detected,62.0
2026-09-16 16:02:29,Checkpoint_Alpha,Escalation Detected,95.14
2026-09-16 16:02:29,Checkpoint_Alpha,Escalation Detected,75.03
2026-09-16 16:02:29,Checkpoint_Alpha,Escalation Detected,96.16
2026-09-16 16:02:29,Checkpoint_Alpha,Escalation Detected,99.08
2026-09-16 16:02:29,Checkpoint_Alpha,Escalation Detected,92.7
2026-09-16 16:02:29,Checkpoint_Alpha,Escalation Detected,72.72
2026-09-16 16:02:29,Checkpoint_Alpha,Escalation Detected,82.72
2026-09-16 16:02:29,Checkpoint_Alpha,Escalation Detected,72.41
2026-09-16 16:02:30,Checkpoint_Alpha,Escalation Detected,69.43
2026-09-16 16:02:30,Checkpoint_Alpha,Escalation Detected,73.31
2026-09-16 16:02:30,Checkpoint_Alpha,Escalation Detected,88.0
2026-09-16 16:02:30,Checkpoint_Alpha,Escalation Detected,89.67
2026-09-16 16:02:30,Checkpoint_Alpha,Escalation Detected,93.42
2026-09-16 16:02:30,Checkpoint_Alpha,Escalation Detected,87.17
2026-09-16 16:02:30,Checkpoint_Alpha,Escalation Detected,98.54
2026-09-16 16:02:30,Checkpoint_Alpha,Escalation Detected,94.31
2026-09-16 16:02:30,Checkpoint_Alpha,Escalation Detected,99.61
2026-09-16 16:02:31,Checkpoint_Alpha,Escalation Detected,99.5
2026-09-16 16:02:31,Checkpoint_Alpha,Escalation Detected,71.2
2026-09-16 16:02:31,Checkpoint_Alpha,Escalation Detected,64.43
2026-09-16 16:02:31,Checkpoint_Alpha,Escalation Detected,97.84
2026-09-16 16:02:31,Checkpoint_Alpha,Escalation Detected,95.22
2026-09-16 16:02:31,Checkpoint_Alpha,Escalation Detected,63.85
2026-09-16 16:02:31,Checkpoint_Alpha,Escalation Detected,68.48
2026-09-16 16:02:31,Checkpoint_Alpha,Escalation Detected,62.98
2026-09-16 16:02:31,Checkpoint_Alpha,Escalation Detected,79.59
2026-09-16 16:02:31,Checkpoint_Alpha,Escalation Detected,85.62
2026-09-16 16:02:31,Checkpoint_Alpha,Escalation Detected,64.13
2026-09-16 16:02:31,Checkpoint_Alpha,Escalation Detected,69.59
2026-09-16 16:02:31,Checkpoint_Alpha,Escalation Detected,78.26
2026-09-16 16:02:31,Checkpoint_Alpha,Escalation Detected,100.0
2026-09-16 16:02:31,Checkpoint_Alpha,Escalation Detected,70.72
2026-09-16 16:02:31,Checkpoint_Alpha,Escalation Detected,76.04
2026-09-16 16:02:31,Checkpoint_Alpha,Escalation Detected,61.31
2026-09-16 16:02:31,Checkpoint_Alpha,Escalation Detected,68.5
2026-09-16 16:02:31,Checkpoint_Alpha,Escalation Detected,100.0
2026-09-16 16:02:31,Checkpoint_Alpha,Escalation Detected,60.12
2026-09-16 16:02:31,Checkpoint_Alpha,Escalation Detected,60.29
2026-09-16 16:02:31,Checkpoint_Alpha,Escalation Detected,86.81
2026-09-16 16:02:32,Checkpoint_Alpha,Escalation Detected,78.74
2026-09-16 16:02:32,Checkpoint_Alpha,Escalation Detected,88.63
2026-09-16 16:02:32,Checkpoint_Alpha,Escalation Detected,60.69
2026-09-16 16:02:32,Checkpoint_Alpha,Escalation Detected,60.11
2026-09-16 16:02:32,Checkpoint_Alpha,Escalation Detected,99.85
2026-09-16 16:02:32,Checkpoint_Alpha,Escalation Detected,95.68
2026-09-16 16:02:32,Checkpoint_Alpha,Escalation Detected,81.53
2026-09-16 16:02:32,Checkpoint_Alpha,Escalation Detected,95.93
2026-09-16 16:02:32,Checkpoint_Alpha,Escalation Detected,86.71
2026-09-16 16:02:32,Checkpoint_Alpha,Escalation Detected,75.56
2026-09-16 16:02:32,Checkpoint_Alpha,Escalation Detected,66.78
2026-09-16 16:02:32,Checkpoint_Alpha,Escalation Detected,97.26
2026-09-16 16:02:32,Checkpoint_Alpha,Escalation Detected,68.74
2026-09-16 16:02:32,Checkpoint_Alpha,Escalation Detected,65.01
2026-09-16 16:02:32,Checkpoint_Alpha,Escalation Detected,93.66
2026-09-16 16:02:32,Checkpoint_Alpha,Escalation Detected,64.19
2026-09-16 16:02:32,Checkpoint_Alpha,Escalation Detected,69.11
2026-09-16 16:02:32,Checkpoint_Alpha,Escalation Detected,75.89
2026-09-16 16:02:32,Checkpoint_Alpha,Escalation Detected,82.66
2026-09-16 16:02:32,Checkpoint_Alpha,Escalation Detected,93.22
2026-09-16 16:02:32,Checkpoint_Alpha,Escalation Detected,81.88
2026-09-16 16:02:32,Checkpoint_Alpha,Escalation Detected,92.08
2026-09-16 16:02:32,Checkpoint_Alpha,Escalation Detected,95.12
2026-09-16 16:02:33,Checkpoint_Alpha,Escalation Detected,94.51
2026-09-16 16:02:33,Checkpoint_Alpha,Escalation Detected,70.42
2026-09-16 16:02:33,Checkpoint_Alpha,Escalation Detected,91.17
2026-09-16 16:02:33,Checkpoint_Alpha,Escalation Detected,97.17
2026-09-16 16:02:33,Checkpoint_Alpha,Escalation Detected,69.03
2026-09-16 16:02:33,Checkpoint_Alpha,Escalation Detected,62.2
2026-09-16 16:02:33,Checkpoint_Alpha,Escalation Detected,100.0
2026-09-16 16:02:33,Checkpoint_Alpha,Escalation Detected,89.06
2026-09-16 16:02:33,Checkpoint_Alpha,Escalation Detected,75.8
2026-09-16 16:02:33,Checkpoint_Alpha,Escalation Detected,98.85
2026-09-16 16:02:33,Checkpoint_Alpha,Escalation Detected,99.03
2026-09-16 16:02:33,Checkpoint_Alpha,Escalation Detected,64.74
2026-09-16 16:02:33,Checkpoint_Alpha,Escalation Detected,76.0
2026-09-16 16:02:33,Checkpoint_Alpha,Escalation Detected,61.09
2026-09-16 16:02:33,Checkpoint_Alpha,Escalation Detected,87.93
2026-09-16 16:02:33,Checkpoint_Alpha,Escalation Detected,93.97
2026-09-16 16:02:34,Checkpoint_Alpha,Escalation Detected,78.67
2026-09-16 16:02:34,Checkpoint_Alpha,Escalation Detected,99.41
2026-09-16 16:02:34,Checkpoint_Alpha,Escalation Detected,100.0
2026-09-16 16:02:34,Checkpoint_Alpha,Escalation Detected,71.94
2026-09-16 16:02:34,Checkpoint_Alpha,Escalation Detected,67.99
2026-09-16 16:02:34,Checkpoint_Alpha,Escalation Detected,82.6
2026-09-16 16:02:34,Checkpoint_Alpha,Escalation Detected,80.36
2026-09-16 16:02:34,Checkpoint_Alpha,Escalation Detected,86.25
2026-09-16 16:02:34,Checkpoint_Alpha,Escalation Detected,71.4
2026-09-16 16:02:34,Checkpoint_Alpha,Escalation Detected,97.8
2026-09-16 16:02:34,Checkpoint_Alpha,Escalation Detected,98.04
2026-09-16 16:02:34,Checkpoint_Alpha,Escalation Detected,74.88
2026-09-16 16:02:34,Checkpoint_Alpha,Escalation Detected,100.0
2026-09-16 16:02:34,Checkpoint_Alpha,Escalation Detected,67.55
2026-09-16 16:02:34,Checkpoint_Alpha,Escalation Detected,96.57
2026-09-16 16:02:34,Checkpoint_Alpha,Escalation Detected,97.54
2026-09-16 16:02:34,Checkpoint_Alpha,Escalation Detected,84.65
2026-09-16 16:02:34,Checkpoint_Alpha,Escalation Detected,71.19
2026-09-16 16:02:35,Checkpoint_Alpha,Escalation Detected,93.01
2026-09-16 16:02:35,Checkpoint_Alpha,Escalation Detected,63.85
2026-09-16 16:02:35,Checkpoint_Alpha,Escalation Detected,74.47
2026-09-16 16:02:35,Checkpoint_Alpha,Escalation Detected,95.24
2026-09-16 16:02:35,Checkpoint_Alpha,Escalation Detected,87.09
2026-09-16 16:02:35,Checkpoint_Alpha,Escalation Detected,91.53
2026-09-16 16:02:35,Checkpoint_Alpha,Escalation Detected,61.96
2026-09-16 16:02:35,Checkpoint_Alpha,Escalation Detected,66.92
2026-09-16 16:02:35,Checkpoint_Alpha,Escalation Detected,100.0
2026-09-16 16:02:35,Checkpoint_Alpha,Escalation Detected,100.0
2026-09-16 16:02:35,Checkpoint_Alpha,Escalation Detected,78.71
2026-09-16 16:02:35,Checkpoint_Alpha,Escalation Detected,64.53
2026-09-16 16:02:35,Checkpoint_Alpha,Escalation Detected,94.14
2026-09-16 16:02:35,Checkpoint_Alpha,Escalation Detected,61.85
2026-09-16 16:02:35,Checkpoint_Alpha,Escalation Detected,100.0
2026-09-16 16:02:35,Checkpoint_Alpha,Escalation Detected,91.74
2026-09-16 16:02:35,Checkpoint_Alpha,Escalation Detected,96.95
2026-09-16 16:02:35,Checkpoint_Alpha,Escalation Detected,96.15
2026-09-16 16:02:35,Checkpoint_Alpha,Escalation Detected,94.0
2026-09-16 16:02:35,Checkpoint_Alpha,Escalation Detected,98.69
2026-09-16 16:02:36,Checkpoint_Alpha,Escalation Detected,91.01
2026-09-16 16:02:36,Checkpoint_Alpha,Escalation Detected,88.55
2026-09-16 16:02:36,Checkpoint_Alpha,Escalation Detected,100.0
2026-09-16 16:02:36,Checkpoint_Alpha,Escalation Detected,97.79
2026-09-16 16:02:36,Checkpoint_Alpha,Escalation Detected,82.0
2026-09-16 16:02:36,Checkpoint_Alpha,Escalation Detected,81.04
2026-09-16 16:02:36,Checkpoint_Alpha,Escalation Detected,93.17
2026-09-16 16:02:36,Checkpoint_Alpha,Escalation Detected,88.27
2026-09-16 16:02:36,Checkpoint_Alpha,Escalation Detected,79.44
2026-09-16 16:02:36,Checkpoint_Alpha,Escalation Detected,99.21
2026-09-16 16:02:36,Checkpoint_Alpha,Escalation Detected,100.0
2026-09-16 16:02:36,Checkpoint_Alpha,Escalation Detected,97.15
2026-09-16 16:02:36,Checkpoint_Alpha,Escalation Detected,100.0
2026-09-16 16:02:36,Checkpoint_Alpha,Escalation Detected,97.84
2026-09-16 16:02:36,Checkpoint_Alpha,Escalation Detected,89.34
2026-09-16 16:02:36,Checkpoint_Alpha,Escalation Detected,92.46
2026-09-16 16:02:36,Checkpoint_Alpha,Escalation Detected,88.08
2026-09-16 16:02:36,Checkpoint_Alpha,Escalation Detected,99.96
2026-09-16 16:02:36,Checkpoint_Alpha,Escalation Detected,60.22
2026-09-16 16:02:36,Checkpoint_Alpha,Escalation Detected,91.26
2026-09-16 16:02:36,Checkpoint_Alpha,Escalation Detected,63.63
2026-09-16 16:02:36,Checkpoint_Alpha,Escalation Detected,87.99
2026-09-16 16:02:36,Checkpoint_Alpha,Escalation Detected,95.02
2026-09-16 16:02:36,Checkpoint_Alpha,Escalation Detected,88.55
2026-09-16 16:02:36,Checkpoint_Alpha,Escalation Detected,100.0
2026-09-16 16:02:36,Checkpoint_Alpha,Escalation Detected,62.61
2026-09-16 16:02:36,Checkpoint_Alpha,Escalation Detected,99.01
2026-09-16 16:02:36,Checkpoint_Alpha,Escalation Detected,72.64
2026-09-16 16:02:36,Checkpoint_Alpha,Escalation Detected,94.99
2026-09-16 16:02:37,Checkpoint_Alpha,Escalation Detected,69.32
2026-09-16 16:02:37,Checkpoint_Alpha,Escalation Detected,100.0
2026-09-16 16:02:37,Checkpoint_Alpha,Escalation Detected,96.17
2026-09-16 16:02:37,Checkpoint_Alpha,Escalation Detected,83.81
2026-09-16 16:02:37,Checkpoint_Alpha,Escalation Detected,64.14
2026-09-16 16:02:37,Checkpoint_Alpha,Escalation Detected,93.07
2026-09-16 16:02:37,Checkpoint_Alpha,Escalation Detected,81.43
2026-09-16 16:02:37,Checkpoint_Alpha,Escalation Detected,69.13
2026-09-16 16:02:37,Checkpoint_Alpha,Escalation Detected,70.61
2026-09-16 16:02:37,Checkpoint_Alpha,Escalation Detected,96.72
2026-09-16 16:02:37,Checkpoint_Alpha,Escalation Detected,76.0
2026-09-16 16:02:37,Checkpoint_Alpha,Escalation Detected,92.96
2026-09-16 16:02:37,Checkpoint_Alpha,Escalation Detected,63.85
2026-09-16 16:02:37,Checkpoint_Alpha,Escalation Detected,92.26
2026-09-16 16:02:37,Checkpoint_Alpha,Escalation Detected,68.32
2026-09-16 16:02:37,Checkpoint_Alpha,Escalation Detected,99.6
2026-09-16 16:02:37,Checkpoint_Alpha,Escalation Detected,60.52
2026-09-16 16:02:37,Checkpoint_Alpha,Escalation Detected,77.95
2026-09-16 16:02:37,Checkpoint_Alpha,Escalation Detected,88.33
2026-09-16 16:02:37,Checkpoint_Alpha,Escalation Detected,70.04
2026-09-16 16:02:37,Checkpoint_Alpha,Escalation Detected,83.74
2026-09-16 16:02:38,Checkpoint_Alpha,Escalation Detected,87.92
2026-09-16 16:02:38,Checkpoint_Alpha,Escalation Detected,71.68
2026-09-16 16:02:38,Checkpoint_Alpha,Escalation Detected,69.16
2026-09-16 16:02:38,Checkpoint_Alpha,Escalation Detected,75.01
2026-09-16 16:02:38,Checkpoint_Alpha,Escalation Detected,78.73
2026-09-16 16:02:38,Checkpoint_Alpha,Escalation Detected,69.6
2026-09-16 16:02:38,Checkpoint_Alpha,Escalation Detected,100.0
2026-09-16 16:02:38,Checkpoint_Alpha,Escalation Detected,86.83
2026-09-16 16:02:38,Checkpoint_Alpha,Escalation Detected,70.85
2026-09-16 16:02:38,Checkpoint_Alpha,Escalation Detected,64.74
2026-09-16 16:02:38,Checkpoint_Alpha,Escalation Detected,75.24
2026-09-16 16:02:38,Checkpoint_Alpha,Escalation Detected,98.64
2026-09-16 16:02:38,Checkpoint_Alpha,Escalation Detected,72.22
2026-09-16 16:02:38,Checkpoint_Alpha,Escalation Detected,99.61
2026-09-16 16:02:38,Checkpoint_Alpha,Escalation Detected,77.94
2026-09-16 16:02:38,Checkpoint_Alpha,Escalation Detected,88.3
2026-09-16 16:02:38,Checkpoint_Alpha,Escalation Detected,69.47
2026-09-16 16:02:38,Checkpoint_Alpha,Escalation Detected,94.39
2026-09-16 16:02:38,Checkpoint_Alpha,Escalation Detected,62.26
2026-09-16 16:02:38,Checkpoint_Alpha,Escalation Detected,96.22
2026-09-16 16:02:38,Checkpoint_Alpha,Escalation Detected,65.55
2026-09-16 16:02:38,Checkpoint_Alpha,Escalation Detected,73.17
2026-09-16 16:02:38,Checkpoint_Alpha,Escalation Detected,79.13
2026-09-16 16:02:39,Checkpoint_Alpha,Escalation Detected,97.0
2026-09-16 16:02:39,Checkpoint_Alpha,Escalation Detected,78.26
2026-09-16 16:02:39,Checkpoint_Alpha,Escalation Detected,100.0
2026-09-16 16:02:39,Checkpoint_Alpha,Escalation Detected,88.36
2026-09-16 16:02:39,Checkpoint_Alpha,Escalation Detected,100.0
2026-09-16 16:02:39,Checkpoint_Alpha,Escalation Detected,93.2
2026-09-16 16:02:39,Checkpoint_Alpha,Escalation Detected,78.78
2026-09-16 16:02:39,Checkpoint_Alpha,Escalation Detected,69.67
2026-09-16 16:02:39,Checkpoint_Alpha,Escalation Detected,86.15
2026-09-16 16:02:39,Checkpoint_Alpha,Escalation Detected,81.63
2026-09-16 16:02:39,Checkpoint_Alpha,Escalation Detected,63.01
2026-09-16 16:02:39,Checkpoint_Alpha,Escalation Detected,86.83
2026-09-16 16:02:39,Checkpoint_Alpha,Escalation Detected,63.9
2026-09-16 16:02:39,Checkpoint_Alpha,Escalation Detected,76.4
2026-09-16 16:02:39,Checkpoint_Alpha,Escalation Detected,69.78
2026-09-16 16:02:39,Checkpoint_Alpha,Escalation Detected,83.5
2026-09-16 16:02:40,Checkpoint_Alpha,Escalation Detected,82.21
2026-09-16 16:02:40,Checkpoint_Alpha,Escalation Detected,75.41
2026-09-16 16:02:40,Checkpoint_Alpha,Escalation Detected,93.62
2026-09-16 16:02:40,Checkpoint_Alpha,Escalation Detected,90.07
2026-09-16 16:02:40,Checkpoint_Alpha,Escalation Detected,87.77
2026-09-16 16:02:40,Checkpoint_Alpha,Escalation Detected,62.7
2026-09-16 16:02:40,Checkpoint_Alpha,Escalation Detected,97.44
2026-09-16 16:02:40,Checkpoint_Alpha,Escalation Detected,93.33
2026-09-16 16:02:40,Checkpoint_Alpha,Escalation Detected,75.57
2026-09-16 16:02:40,Checkpoint_Alpha,Escalation Detected,74.3
2026-09-16 16:02:40,Checkpoint_Alpha,Escalation Detected,93.92
2026-09-16 16:02:40,Checkpoint_Alpha,Escalation Detected,94.32
2026-09-16 16:02:40,Checkpoint_Alpha,Escalation Detected,84.69
2026-09-16 16:02:40,Checkpoint_Alpha,Escalation Detected,64.41
2026-09-16 16:02:40,Checkpoint_Alpha,Escalation Detected,77.92
2026-09-16 16:02:41,Checkpoint_Alpha,Escalation Detected,94.07
2026-09-16 16:02:41,Checkpoint_Alpha,Escalation Detected,80.86
2026-09-16 16:02:41,Checkpoint_Alpha,Escalation Detected,86.42
2026-09-16 16:02:41,Checkpoint_Alpha,Escalation Detected,69.59
2026-09-16 16:02:41,Checkpoint_Alpha,Escalation Detected,62.99
2026-09-16 16:02:41,Checkpoint_Alpha,Escalation Detected,96.74
2026-09-16 16:02:41,Checkpoint_Alpha,Escalation Detected,82.34
2026-09-16 16:02:41,Checkpoint_Alpha,Escalation Detected,81.17
2026-09-16 16:02:41,Checkpoint_Alpha,Escalation Detected,71.91
2026-09-16 16:02:41,Checkpoint_Alpha,Escalation Detected,72.37
2026-09-16 16:02:41,Checkpoint_Alpha,Escalation Detected,72.35
2026-09-16 16:02:42,Checkpoint_Alpha,Escalation Detected,100.0
2026-09-16 16:02:42,Checkpoint_Alpha,Escalation Detected,100.0
2026-09-16 16:02:42,Checkpoint_Alpha,Escalation Detected,88.27
2026-09-16 16:02:42,Checkpoint_Alpha,Escalation Detected,64.33
2026-09-16 16:02:42,Checkpoint_Alpha,Escalation Detected,95.3
2026-09-16 16:02:42,Checkpoint_Alpha,Escalation Detected,93.65
2026-09-16 16:02:42,Checkpoint_Alpha,Escalation Detected,62.23
2026-09-16 16:02:42,Checkpoint_Alpha,Escalation Detected,89.81
2026-09-16 16:02:42,Checkpoint_Alpha,Escalation Detected,87.3
2026-09-16 16:02:42,Checkpoint_Alpha,Escalation Detected,80.58
2026-09-16 16:02:42,Checkpoint_Alpha,Escalation Detected,85.46
2026-09-16 16:02:42,Checkpoint_Alpha,Escalation Detected,62.57
2026-09-16 16:02:43,Checkpoint_Alpha,Escalation Detected,71.95
2026-09-16 16:02:43,Checkpoint_Alpha,Escalation Detected,68.25
2026-09-16 16:02:43,Checkpoint_Alpha,Escalation Detected,77.63
2026-09-16 16:02:43,Checkpoint_Alpha,Escalation Detected,100.0
2026-09-16 16:02:43,Checkpoint_Alpha,Escalation Detected,95.79
2026-09-16 16:02:43,Checkpoint_Alpha,Escalation Detected,81.33
2026-09-16 16:02:43,Checkpoint_Alpha,Escalation Detected,84.29
2026-09-16 16:02:43,Checkpoint_Alpha,Escalation Detected,96.67
2026-09-16 16:02:43,Checkpoint_Alpha,Escalation Detected,84.15
2026-09-16 16:02:43,Checkpoint_Alpha,Escalation Detected,74.2
2026-09-16 16:02:43,Checkpoint_Alpha,Escalation Detected,100.0
2026-09-16 16:02:43,Checkpoint_Alpha,Escalation Detected,81.66
2026-09-16 16:02:43,Checkpoint_Alpha,Escalation Detected,80.28
2026-09-16 16:02:43,Checkpoint_Alpha,Escalation Detected,100.0
2026-09-16 16:02:43,Checkpoint_Alpha,Escalation Detected,100.0
2026-09-16 16:02:43,Checkpoint_Alpha,Escalation Detected,60.96
2026-09-16 16:02:43,Checkpoint_Alpha,Escalation Detected,64.11
2026-09-16 16:02:44,Checkpoint_Alpha,Escalation Detected,69.09
2026-09-16 16:02:44,Checkpoint_Alpha,Escalation Detected,100.0
2026-09-16 16:02:44,Checkpoint_Alpha,Escalation Detected,89.57
2026-09-16 16:02:44,Checkpoint_Alpha,Escalation Detected,92.86
2026-09-16 16:02:44,Checkpoint_Alpha,Escalation Detected,95.98
2026-09-16 16:02:44,Checkpoint_Alpha,Escalation Detected,66.76
2026-09-16 16:02:44,Checkpoint_Alpha,Escalation Detected,69.82
2026-09-16 16:02:44,Checkpoint_Alpha,Escalation Detected,100.0
2026-09-16 16:02:44,Checkpoint_Alpha,Escalation Detected,60.46
2026-09-16 16:02:44,Checkpoint_Alpha,Escalation Detected,82.11
2026-09-16 16:02:44,Checkpoint_Alpha,Escalation Detected,99.15
2026-09-16 16:02:44,Checkpoint_Alpha,Escalation Detected,72.15
2026-09-16 16:02:44,Checkpoint_Alpha,Escalation Detected,65.33
2026-09-16 16:02:44,Checkpoint_Alpha,Escalation Detected,98.99
2026-09-16 16:02:44,Checkpoint_Alpha,Escalation Detected,72.29
2026-09-16 16:02:44,Checkpoint_Alpha,Escalation Detected,99.57
2026-09-16 16:02:44,Checkpoint_Alpha,Escalation Detected,81.57
2026-09-16 16:02:44,Checkpoint_Alpha,Escalation Detected,99.86
2026-09-16 16:02:44,Checkpoint_Alpha,Escalation Detected,72.55
2026-09-16 16:02:44,Checkpoint_Alpha,Escalation Detected,66.13
2026-09-16 16:02:44,Checkpoint_Alpha,Escalation Detected,98.38
2026-09-16 16:02:44,Checkpoint_Alpha,Escalation Detected,69.24
2026-09-16 16:02:45,Checkpoint_Alpha,Escalation Detected,98.83
2026-09-16 16:02:45,Checkpoint_Alpha,Escalation Detected,75.87
2026-09-16 16:02:45,Checkpoint_Alpha,Escalation Detected,72.98
2026-09-16 16:02:45,Checkpoint_Alpha,Escalation Detected,84.32
2026-09-16 16:02:45,Checkpoint_Alpha,Escalation Detected,75.05
2026-09-16 16:02:45,Checkpoint_Alpha,Escalation Detected,98.6
2026-09-16 16:02:45,Checkpoint_Alpha,Escalation Detected,94.79
2026-09-16 16:02:45,Checkpoint_Alpha,Escalation Detected,100.0
2026-09-16 16:02:45,Checkpoint_Alpha,Escalation Detected,98.19
2026-09-16 16:02:45,Checkpoint_Alpha,Escalation Detected,68.2
2026-09-16 16:02:45,Checkpoint_Alpha,Escalation Detected,83.87
2026-09-16 16:02:45,Checkpoint_Alpha,Escalation Detected,81.26
2026-09-16 16:02:45,Checkpoint_Alpha,Escalation Detected,76.2
2026-09-16 16:02:45,Checkpoint_Alpha,Escalation Detected,60.83
2026-09-16 16:02:45,Checkpoint_Alpha,Escalation Detected,69.78
2026-09-16 16:02:45,Checkpoint_Alpha,Escalation Detected,81.9
2026-09-16 16:02:45,Checkpoint_Alpha,Escalation Detected,100.0
2026-09-16 16:02:45,Checkpoint_Alpha,Escalation Detected,83.71
2026-09-16 16:02:45,Checkpoint_Alpha,Escalation Detected,67.71
2026-09-16 16:02:45,Checkpoint_Alpha,Escalation Detected,76.0
2026-09-16 16:02:45,Checkpoint_Alpha,Escalation Detected,89.78
2026-09-16 16:02:45,Checkpoint_Alpha,Escalation Detected,82.4
2026-09-16 16:02:45,Checkpoint_Alpha,Escalation Detected,72.39
2026-09-16 16:02:45,Checkpoint_Alpha,Escalation Detected,100.0
2026-09-16 16:02:45,Checkpoint_Alpha,Escalation Detected,76.2
2026-09-16 16:02:45,Checkpoint_Alpha,Escalation Detected,94.17
2026-09-16 16:02:45,Checkpoint_Alpha,Escalation Detected,75.67
2026-09-16 16:02:45,Checkpoint_Alpha,Escalation Detected,92.38
2026-09-16 16:02:45,Checkpoint_Alpha,Escalation Detected,100.0
2026-09-16 16:02:45,Checkpoint_Alpha,Escalation Detected,80.92
2026-09-16 16:02:46,Checkpoint_Alpha,Escalation Detected,92.85
2026-09-16 16:02:46,Checkpoint_Alpha,Escalation Detected,82.22
2026-09-16 16:02:46,Checkpoint_Alpha,Escalation Detected,82.09
2026-09-16 16:02:46,Checkpoint_Alpha,Escalation Detected,98.58
2026-09-16 16:02:46,Checkpoint_Alpha,Escalation Detected,84.78
2026-09-16 16:02:46,Checkpoint_Alpha,Escalation Detected,83.8
2026-09-16 16:02:46,Checkpoint_Alpha,Escalation Detected,79.69
2026-09-16 16:02:46,Checkpoint_Alpha,Escalation Detected,90.86
2026-09-16 16:02:46,Checkpoint_Alpha,Escalation Detected,64.52
2026-09-16 16:02:46,Checkpoint_Alpha,Escalation Detected,79.17
2026-09-16 16:02:46,Checkpoint_Alpha,Escalation Detected,71.65
2026-09-16 16:02:46,Checkpoint_Alpha,Escalation Detected,67.2
2026-09-16 16:02:46,Checkpoint_Alpha,Escalation Detected,100.0
2026-09-16 16:02:46,Checkpoint_Alpha,Escalation Detected,82.16
2026-09-16 16:02:46,Checkpoint_Alpha,Escalation Detected,75.75
2026-09-16 16:02:46,Checkpoint_Alpha,Escalation Detected,63.12
2026-09-16 16:02:46,Checkpoint_Alpha,Escalation Detected,95.98
2026-09-16 16:02:46,Checkpoint_Alpha,Escalation Detected,97.24
2026-09-16 16:02:46,Checkpoint_Alpha,Escalation Detected,92.64
2026-09-16 16:02:46,Checkpoint_Alpha,Escalation Detected,91.17
2026-09-16 16:02:46,Checkpoint_Alpha,Escalation Detected,69.25
2026-09-16 16:02:46,Checkpoint_Alpha,Escalation Detected,93.78
2026-09-16 16:02:47,Checkpoint_Alpha,Escalation Detected,92.43
2026-09-16 16:02:47,Checkpoint_Alpha,Escalation Detected,98.16
2026-09-16 16:02:47,Checkpoint_Alpha,Escalation Detected,70.21
2026-09-16 16:02:47,Checkpoint_Alpha,Escalation Detected,64.3
2026-09-16 16:02:47,Checkpoint_Alpha,Escalation Detected,100.0
2026-09-16 16:02:47,Checkpoint_Alpha,Escalation Detected,100.0
2026-09-16 16:02:47,Checkpoint_Alpha,Escalation Detected,97.83
2026-09-16 16:02:47,Checkpoint_Alpha,Escalation Detected,79.0
2026-09-16 16:02:47,Checkpoint_Alpha,Escalation Detected,86.43
2026-09-16 16:02:47,Checkpoint_Alpha,Escalation Detected,63.12
2026-09-16 16:02:47,Checkpoint_Alpha,Escalation Detected,82.23
2026-09-16 16:02:47,Checkpoint_Alpha,Escalation Detected,100.0
2026-09-16 16:02:47,Checkpoint_Alpha,Escalation Detected,100.0
2026-09-16 16:02:47,Checkpoint_Alpha,Escalation Detected,89.59
2026-09-16 16:02:47,Checkpoint_Alpha,Escalation Detected,80.98
2026-09-16 16:02:47,Checkpoint_Alpha,Escalation Detected,66.88
2026-09-16 16:02:47,Checkpoint_Alpha,Escalation Detected,75.94
2026-09-16 16:02:47,Checkpoint_Alpha,Escalation Detected,62.92
2026-09-16 16:02:48,Checkpoint_Alpha,Escalation Detected,64.88
2026-09-16 16:02:48,Checkpoint_Alpha,Escalation Detected,96.94
2026-09-16 16:02:48,Checkpoint_Alpha,Escalation Detected,98.49
2026-09-16 16:02:48,Checkpoint_Alpha,Escalation Detected,87.75
2026-09-16 16:02:48,Checkpoint_Alpha,Escalation Detected,100.0
2026-09-16 16:02:48,Checkpoint_Alpha,Escalation Detected,69.95
2026-09-16 16:02:48,Checkpoint_Alpha,Escalation Detected,81.13
2026-09-16 16:02:48,Checkpoint_Alpha,Escalation Detected,69.73
2026-09-16 16:02:48,Checkpoint_Alpha,Escalation Detected,87.23
2026-09-16 16:02:48,Checkpoint_Alpha,Escalation Detected,65.51
2026-09-16 16:02:48,Checkpoint_Alpha,Escalation Detected,95.47
2026-09-16 16:02:48,Checkpoint_Alpha,Escalation Detected,69.8
2026-09-16 16:02:48,Checkpoint_Alpha,Escalation Detected,86.32
2026-09-16 16:02:48,Checkpoint_Alpha,Escalation Detected,73.14
2026-09-16 16:02:48,Checkpoint_Alpha,Escalation Detected,69.64
2026-09-16 16:02:48,Checkpoint_Alpha,Escalation Detected,61.92
2026-09-16 16:02:49,Checkpoint_Alpha,Escalation Detected,96.61
2026-09-16 16:02:49,Checkpoint_Alpha,Escalation Detected,91.44
2026-09-16 16:02:49,Checkpoint_Alpha,Escalation Detected,62.01
2026-09-16 16:02:49,Checkpoint_Alpha,Escalation Detected,97.57
2026-09-16 16:02:49,Checkpoint_Alpha,Escalation Detected,80.43
2026-09-16 16:02:49,Checkpoint_Alpha,Escalation Detected,62.13
2026-09-16 16:02:49,Checkpoint_Alpha,Escalation Detected,96.37
2026-09-16 16:02:49,Checkpoint_Alpha,Escalation Detected,63.32
2026-09-16 16:02:49,Checkpoint_Alpha,Escalation Detected,71.98
2026-09-16 16:02:49,Checkpoint_Alpha,Escalation Detected,87.01
2026-09-16 16:02:49,Checkpoint_Alpha,Escalation Detected,86.23
2026-09-16 16:02:49,Checkpoint_Alpha,Escalation Detected,61.55
2026-09-16 16:02:49,Checkpoint_Alpha,Escalation Detected,68.57
2026-09-16 16:02:49,Checkpoint_Alpha,Escalation Detected,60.78
2026-09-16 16:02:49,Checkpoint_Alpha,Escalation Detected,75.21
2026-09-16 16:02:50,Checkpoint_Alpha,Escalation Detected,66.83
2026-09-16 16:02:50,Checkpoint_Alpha,Escalation Detected,87.84
2026-09-16 16:02:50,Checkpoint_Alpha,Escalation Detected,72.42
2026-09-16 16:02:50,Checkpoint_Alpha,Escalation Detected,68.66
2026-09-16 16:02:50,Checkpoint_Alpha,Escalation Detected,93.07
2026-09-16 16:02:50,Checkpoint_Alpha,Escalation Detected,72.1
2026-09-16 16:02:50,Checkpoint_Alpha,Escalation Detected,75.75
2026-09-16 16:02:50,Checkpoint_Alpha,Escalation Detected,88.66
2026-09-16 16:02:50,Checkpoint_Alpha,Escalation Detected,94.94
2026-09-16 16:02:50,Checkpoint_Alpha,Escalation Detected,67.34
2026-09-16 16:02:50,Checkpoint_Alpha,Escalation Detected,71.19
2026-09-16 16:02:51,Checkpoint_Alpha,Escalation Detected,88.33
2026-09-16 16:02:51,Checkpoint_Alpha,Escalation Detected,70.58
2026-09-16 16:02:51,Checkpoint_Alpha,Escalation Detected,66.42
2026-09-16 16:02:51,Checkpoint_Alpha,Escalation Detected,99.24
2026-09-16 16:02:51,Checkpoint_Alpha,Escalation Detected,81.74
2026-09-16 16:02:51,Checkpoint_Alpha,Escalation Detected,98.29
2026-09-16 16:02:51,Checkpoint_Alpha,Escalation Detected,77.71
2026-09-16 16:02:51,Checkpoint_Alpha,Escalation Detected,89.76
2026-09-16 16:02:51,Checkpoint_Alpha,Escalation Detected,88.0
2026-09-16 16:02:51,Checkpoint_Alpha,Escalation Detected,78.67
2026-09-16 16:02:51,Checkpoint_Alpha,Escalation Detected,100.0
2026-09-16 16:02:51,Checkpoint_Alpha,Escalation Detected,80.23
2026-09-16 16:02:51,Checkpoint_Alpha,Escalation Detected,82.92
2026-09-16 16:02:51,Checkpoint_Alpha,Escalation Detected,64.2
2026-09-16 16:02:51,Checkpoint_Alpha,Escalation Detected,100.0
2026-09-16 16:02:51,Checkpoint_Alpha,Escalation Detected,73.68
2026-09-16 16:02:51,Checkpoint_Alpha,Escalation Detected,100.0
2026-09-16 16:02:51,Checkpoint_Alpha,Escalation Detected,100.0
2026-09-16 16:02:52,Checkpoint_Alpha,Escalation Detected,64.6
2026-09-16 16:02:52,Checkpoint_Alpha,Escalation Detected,83.35
2026-09-16 16:02:52,Checkpoint_Alpha,Escalation Detected,81.93
2026-09-16 16:02:52,Checkpoint_Alpha,Escalation Detected,87.49
2026-09-16 16:02:52,Checkpoint_Alpha,Escalation Detected,61.61
2026-09-16 16:02:52,Checkpoint_Alpha,Escalation Detected,80.68
2026-09-16 16:02:52,Checkpoint_Alpha,Escalation Detected,61.41
2026-09-16 16:02:52,Checkpoint_Alpha,Escalation Detected,87.13
2026-09-16 16:02:52,Checkpoint_Alpha,Escalation Detected,83.65
2026-09-16 16:02:52,Checkpoint_Alpha,Escalation Detected,96.87
2026-09-16 16:02:52,Checkpoint_Alpha,Escalation Detected,90.34
2026-09-16 16:02:52,Checkpoint_Alpha,Escalation Detected,79.04
2026-09-16 16:02:52,Checkpoint_Alpha,Escalation Detected,89.82
2026-09-16 16:02:52,Checkpoint_Alpha,Escalation Detected,63.01
2026-09-16 16:02:52,Checkpoint_Alpha,Escalation Detected,72.23
2026-09-16 16:02:52,Checkpoint_Alpha,Escalation Detected,81.83
2026-09-16 16:02:52,Checkpoint_Alpha,Escalation Detected,67.79
2026-09-16 16:02:52,Checkpoint_Alpha,Escalation Detected,85.07
2026-09-16 16:02:52,Checkpoint_Alpha,Escalation Detected,85.45
2026-09-16 16:02:52,Checkpoint_Alpha,Escalation Detected,64.63
2026-09-16 16:02:52,Checkpoint_Alpha,Escalation Detected,94.91
2026-09-16 16:02:52,Checkpoint_Alpha,Escalation Detected,73.8
2026-09-16 16:02:53,Checkpoint_Alpha,Escalation Detected,95.17
2026-09-16 16:02:53,Checkpoint_Alpha,Escalation Detected,68.87
2026-09-16 16:02:53,Checkpoint_Alpha,Escalation Detected,82.49
2026-09-16 16:02:53,Checkpoint_Alpha,Escalation Detected,98.48
2026-09-16 16:02:53,Checkpoint_Alpha,Escalation Detected,97.08
2026-09-16 16:02:53,Checkpoint_Alpha,Escalation Detected,75.24
2026-09-16 16:02:53,Checkpoint_Alpha,Escalation Detected,89.9
2026-09-16 16:02:53,Checkpoint_Alpha,Escalation Detected,100.0
2026-09-16 16:02:53,Checkpoint_Alpha,Escalation Detected,94.04
2026-09-16 16:02:53,Checkpoint_Alpha,Escalation Detected,71.31
2026-09-16 16:02:53,Checkpoint_Alpha,Escalation Detected,90.9
2026-09-16 16:02:53,Checkpoint_Alpha,Escalation Detected,100.0
2026-09-16 16:02:53,Checkpoint_Alpha,Escalation Detected,65.03
2026-09-16 16:02:54,Checkpoint_Alpha,Escalation Detected,97.6
2026-09-16 16:02:54,Checkpoint_Alpha,Escalation Detected,92.7
2026-09-16 16:02:54,Checkpoint_Alpha,Escalation Detected,60.6
2026-09-16 16:02:54,Checkpoint_Alpha,Escalation Detected,60.58
2026-09-16 16:02:54,Checkpoint_Alpha,Escalation Detected,62.37
2026-09-16 16:02:54,Checkpoint_Alpha,Escalation Detected,78.56
2026-09-16 16:02:54,Checkpoint_Alpha,Escalation Detected,69.71
2026-09-16 16:02:54,Checkpoint_Alpha,Escalation Detected,65.46
2026-09-16 16:02:54,Checkpoint_Alpha,Escalation Detected,82.29
2026-09-16 16:02:54,Checkpoint_Alpha,Escalation Detected,73.73
2026-09-16 16:02:54,Checkpoint_Alpha,Escalation Detected,75.12
2026-09-16 16:02:54,Checkpoint_Alpha,Escalation Detected,68.05
2026-09-16 16:02:55,Checkpoint_Alpha,Escalation Detected,63.1
2026-09-16 16:02:55,Checkpoint_Alpha,Escalation Detected,100.0
2026-09-16 16:02:55,Checkpoint_Alpha,Escalation Detected,100.0
2026-09-16 16:02:55,Checkpoint_Alpha,Escalation Detected,68.42
2026-09-16 16:02:55,Checkpoint_Alpha,Escalation Detected,62.64
2026-09-16 16:02:55,Checkpoint_Alpha,Escalation Detected,60.72
2026-09-16 16:02:55,Checkpoint_Alpha,Escalation Detected,100.0
2026-09-16 16:02:55,Checkpoint_Alpha,Escalation Detected,82.27
2026-09-16 16:02:55,Checkpoint_Alpha,Escalation Detected,90.18
2026-09-16 16:02:55,Checkpoint_Alpha,Escalation Detected,63.4
2026-09-16 16:02:55,Checkpoint_Alpha,Escalation Detected,67.32
2026-09-16 16:02:55,Checkpoint_Alpha,Escalation Detected,61.3
2026-09-16 16:02:55,Checkpoint_Alpha,Escalation Detected,100.0
2026-09-16 16:02:55,Checkpoint_Alpha,Escalation Detected,63.94
2026-09-16 16:02:55,Checkpoint_Alpha,Escalation Detected,97.25
2026-09-16 16:02:55,Checkpoint_Alpha,Escalation Detected,70.57
2026-09-16 16:02:55,Checkpoint_Alpha,Escalation Detected,100.0
2026-09-16 16:02:55,Checkpoint_Alpha,Escalation Detected,77.02
2026-09-16 16:02:55,Checkpoint_Alpha,Escalation Detected,81.61
2026-09-16 16:02:55,Checkpoint_Alpha,Escalation Detected,65.14
2026-09-16 16:02:56,Checkpoint_Alpha,Escalation Detected,100.0
2026-09-16 16:02:56,Checkpoint_Alpha,Escalation Detected,66.84
2026-09-16 16:02:56,Checkpoint_Alpha,Escalation Detected,91.4
2026-09-16 16:02:56,Checkpoint_Alpha,Escalation Detected,62.31
2026-09-16 16:02:56,Checkpoint_Alpha,Escalation Detected,81.55
2026-09-16 16:02:56,Checkpoint_Alpha,Escalation Detected,68.99
2026-09-16 16:02:56,Checkpoint_Alpha,Escalation Detected,74.36
2026-09-16 16:02:56,Checkpoint_Alpha,Escalation Detected,73.94
2026-09-16 16:02:56,Checkpoint_Alpha,Escalation Detected,83.58
2026-09-16 16:02:56,Checkpoint_Alpha,Escalation Detected,75.62
2026-09-16 16:02:56,Checkpoint_Alpha,Escalation Detected,93.88
2026-09-16 16:02:56,Checkpoint_Alpha,Escalation Detected,96.36
2026-09-16 16:02:56,Checkpoint_Alpha,Escalation Detected,61.51
2026-09-16 16:02:56,Checkpoint_Alpha,Escalation Detected,63.2
2026-09-16 16:02:56,Checkpoint_Alpha,Escalation Detected,78.84
2026-09-16 16:02:57,Checkpoint_Alpha,Escalation Detected,87.5
2026-09-16 16:02:57,Checkpoint_Alpha,Escalation Detected,91.66
2026-09-16 16:02:57,Checkpoint_Alpha,Escalation Detected,97.86
2026-09-16 16:02:57,Checkpoint_Alpha,Escalation Detected,60.45
2026-09-16 16:02:57,Checkpoint_Alpha,Escalation Detected,82.48
2026-09-16 16:02:57,Checkpoint_Alpha,Escalation Detected,72.06
2026-09-16 16:02:57,Checkpoint_Alpha,Escalation Detected,94.74
2026-09-16 16:02:57,Checkpoint_Alpha,Escalation Detected,92.2
2026-09-16 16:02:57,Checkpoint_Alpha,Escalation Detected,71.32
2026-09-16 16:02:57,Checkpoint_Alpha,Escalation Detected,63.08
2026-09-16 16:02:57,Checkpoint_Alpha,Escalation Detected,87.51
2026-09-16 16:02:57,Checkpoint_Alpha,Escalation Detected,66.15
2026-09-16 16:02:57,Checkpoint_Alpha,Escalation Detected,97.11
2026-09-16 16:02:57,Checkpoint_Alpha,Escalation Detected,95.14
2026-09-16 16:02:57,Checkpoint_Alpha,Escalation Detected,78.41
2026-09-16 16:02:57,Checkpoint_Alpha,Escalation Detected,81.81
2026-09-16 16:02:57,Checkpoint_Alpha,Escalation Detected,74.19
2026-09-16 16:02:58,Checkpoint_Alpha,Escalation Detected,96.47
2026-09-16 16:02:58,Checkpoint_Alpha,Escalation Detected,73.71
2026-09-16 16:02:58,Checkpoint_Alpha,Escalation Detected,75.5
2026-09-16 16:02:58,Checkpoint_Alpha,Escalation Detected,91.92
2026-09-16 16:02:58,Checkpoint_Alpha,Escalation Detected,99.32
2026-09-16 16:02:58,Checkpoint_Alpha,Escalation Detected,79.55
2026-09-16 16:02:58,Checkpoint_Alpha,Escalation Detected,85.62
2026-09-16 16:02:58,Checkpoint_Alpha,Escalation Detected,80.12
2026-09-16 16:02:58,Checkpoint_Alpha,Escalation Detected,74.31
2026-09-16 16:02:58,Checkpoint_Alpha,Escalation Detected,88.75
2026-09-16 16:02:58,Checkpoint_Alpha,Escalation Detected,81.5
2026-09-16 16:02:58,Checkpoint_Alpha,Escalation Detected,62.42
2026-09-16 16:02:58,Checkpoint_Alpha,Escalation Detected,64.69
2026-09-16 16:02:58,Checkpoint_Alpha,Escalation Detected,70.44
2026-09-16 16:02:58,Checkpoint_Alpha,Escalation Detected,70.0
2026-09-16 16:02:58,Checkpoint_Alpha,Escalation Detected,64.53
2026-09-16 16:02:58,Checkpoint_Alpha,Escalation Detected,69.78
2026-09-16 16:02:58,Checkpoint_Alpha,Escalation Detected,91.42
2026-09-16 16:02:58,Checkpoint_Alpha,Escalation Detected,63.03
2026-09-16 16:02:58,Checkpoint_Alpha,Escalation Detected,94.85
2026-09-16 16:02:58,Checkpoint_Alpha,Escalation Detected,63.08
2026-09-16 16:02:58,Checkpoint_Alpha,Escalation Detected,92.61
2026-09-16 16:02:58,Checkpoint_Alpha,Escalation Detected,95.22
2026-09-16 16:02:58,Checkpoint_Alpha,Escalation Detected,93.87
2026-09-16 16:02:59,Checkpoint_Alpha,Escalation Detected,100.0
2026-09-16 16:02:59,Checkpoint_Alpha,Escalation Detected,88.92
2026-09-16 16:02:59,Checkpoint_Alpha,Escalation Detected,60.79
2026-09-16 16:02:59,Checkpoint_Alpha,Escalation Detected,77.48
2026-09-16 16:02:59,Checkpoint_Alpha,Escalation Detected,68.15
2026-09-16 16:02:59,Checkpoint_Alpha,Escalation Detected,97.35
2026-09-16 16:02:59,Checkpoint_Alpha,Escalation Detected,97.22
2026-09-16 16:02:59,Checkpoint_Alpha,Escalation Detected,86.27
2026-09-16 16:02:59,Checkpoint_Alpha,Escalation Detected,100.0
2026-09-16 16:02:59,Checkpoint_Alpha,Escalation Detected,62.72
2026-09-16 16:02:59,Checkpoint_Alpha,Escalation Detected,77.0
2026-09-16 16:02:59,Checkpoint_Alpha,Escalation Detected,92.7
2026-09-16 16:02:59,Checkpoint_Alpha,Escalation Detected,60.37
2026-09-16 16:02:59,Checkpoint_Alpha,Escalation Detected,67.9
2026-09-16 16:02:59,Checkpoint_Alpha,Escalation Detected,97.76
2026-09-16 16:02:59,Checkpoint_Alpha,Escalation Detected,89.59
2026-09-16 16:02:59,Checkpoint_Alpha,Escalation Detected,93.67
2026-09-16 16:02:59,Checkpoint_Alpha,Escalation Detected,84.5
2026-09-16 16:02:59,Checkpoint_Alpha,Escalation Detected,98.1
2026-09-16 16:02:59,Checkpoint_Alpha,Escalation Detected,89.64
2026-09-16 16:02:59,Checkpoint_Alpha,Escalation Detected,76.39
2026-09-16 16:02:59,Checkpoint_Alpha,Escalation Detected,81.52
2026-09-16 16:02:59,Checkpoint_Alpha,Escalation Detected,60.37
2026-09-16 16:02:59,Checkpoint_Alpha,Escalation Detected,76.99
2026-09-16 16:03:00,Checkpoint_Alpha,Escalation Detected,92.5
2026-09-16 16:03:00,Checkpoint_Alpha,Escalation Detected,95.42
2026-09-16 16:03:00,Checkpoint_Alpha,Escalation Detected,70.14
2026-09-16 16:03:00,Checkpoint_Alpha,Escalation Detected,96.42
2026-09-16 16:03:00,Checkpoint_Alpha,Escalation Detected,79.64
2026-09-16 16:03:00,Checkpoint_Alpha,Escalation Detected,81.3
2026-09-16 16:03:00,Checkpoint_Alpha,Escalation Detected,93.58
2026-09-16 16:03:00,Checkpoint_Alpha,Escalation Detected,96.38
2026-09-16 16:03:00,Checkpoint_Alpha,Escalation Detected,81.53
2026-09-16 16:03:00,Checkpoint_Alpha,Escalation Detected,61.93
2026-09-16 16:03:00,Checkpoint_Alpha,Escalation Detected,71.39
2026-09-16 16:03:00,Checkpoint_Alpha,Escalation Detected,94.39
2026-09-16 16:03:00,Checkpoint_Alpha,Escalation Detected,82.33
2026-09-16 16:03:00,Checkpoint_Alpha,Escalation Detected,80.47
2026-09-16 16:03:00,Checkpoint_Alpha,Escalation Detected,76.02
2026-09-16 16:03:00,Checkpoint_Alpha,Escalation Detected,68.99
2026-09-16 16:03:00,Checkpoint_Alpha,Escalation Detected,95.11
2026-09-16 16:03:00,Checkpoint_Alpha,Escalation Detected,88.35
2026-09-16 16:03:00,Checkpoint_Alpha,Escalation Detected,76.0
2026-09-16 16:03:00,Checkpoint_Alpha,Escalation Detected,95.26
2026-09-16 16:03:00,Checkpoint_Alpha,Escalation Detected,70.57
2026-09-16 16:03:00,Checkpoint_Alpha,Escalation Detected,80.19
2026-09-16 16:03:01,Checkpoint_Alpha,Escalation Detected,78.11
2026-09-16 16:03:01,Checkpoint_Alpha,Escalation Detected,83.41
2026-09-16 16:03:01,Checkpoint_Alpha,Escalation Detected,61.69
2026-09-16 16:03:01,Checkpoint_Alpha,Escalation Detected,71.28
2026-09-16 16:03:01,Checkpoint_Alpha,Escalation Detected,63.28
2026-09-16 16:03:01,Checkpoint_Alpha,Escalation Detected,95.1
2026-09-16 16:03:01,Checkpoint_Alpha,Escalation Detected,81.32
2026-09-16 16:03:01,Checkpoint_Alpha,Escalation Detected,64.67
2026-09-16 16:03:01,Checkpoint_Alpha,Escalation Detected,68.17
2026-09-16 16:03:01,Checkpoint_Alpha,Escalation Detected,69.26
2026-09-16 16:03:01,Checkpoint_Alpha,Escalation Detected,75.82
2026-09-16 16:03:01,Checkpoint_Alpha,Escalation Detected,89.1
2026-09-16 16:03:01,Checkpoint_Alpha,Escalation Detected,96.25
2026-09-16 16:03:01,Checkpoint_Alpha,Escalation Detected,100.0
2026-09-16 16:03:01,Checkpoint_Alpha,Escalation Detected,96.72
2026-09-16 16:03:01,Checkpoint_Alpha,Escalation Detected,78.8
2026-09-16 16:03:01,Checkpoint_Alpha,Escalation Detected,70.14
2026-09-16 16:03:01,Checkpoint_Alpha,Escalation Detected,61.59
2026-09-16 16:03:01,Checkpoint_Alpha,Escalation Detected,63.8
2026-09-16 16:03:01,Checkpoint_Alpha,Escalation Detected,73.64
2026-09-16 16:03:02,Checkpoint_Alpha,Escalation Detected,100.0
2026-09-16 16:03:02,Checkpoint_Alpha,Escalation Detected,100.0
2026-09-16 16:03:02,Checkpoint_Alpha,Escalation Detected,73.67
2026-09-16 16:03:02,Checkpoint_Alpha,Escalation Detected,100.0
2026-09-16 16:03:02,Checkpoint_Alpha,Escalation Detected,75.09
2026-09-16 16:03:02,Checkpoint_Alpha,Escalation Detected,66.73
2026-09-16 16:03:02,Checkpoint_Alpha,Escalation Detected,87.87
2026-09-16 16:03:02,Checkpoint_Alpha,Escalation Detected,69.07
2026-09-16 16:03:02,Checkpoint_Alpha,Escalation Detected,91.69
2026-09-16 16:03:02,Checkpoint_Alpha,Escalation Detected,92.32
2026-09-16 16:03:02,Checkpoint_Alpha,Escalation Detected,81.9
2026-09-16 16:03:02,Checkpoint_Alpha,Escalation Detected,65.0
2026-09-16 16:03:03,Checkpoint_Alpha,Escalation Detected,100.0
2026-09-16 16:03:03,Checkpoint_Alpha,Escalation Detected,100.0
2026-09-16 16:03:03,Checkpoint_Alpha,Escalation Detected,100.0
2026-09-16 16:03:03,Checkpoint_Alpha,Escalation Detected,78.33
2026-09-16 16:03:03,Checkpoint_Alpha,Escalation Detected,73.21
2026-09-16 16:03:03,Checkpoint_Alpha,Escalation Detected,66.74
2026-09-16 16:03:03,Checkpoint_Alpha,Escalation Detected,98.83
2026-09-16 16:03:03,Checkpoint_Alpha,Escalation Detected,78.29
2026-09-16 16:03:03,Checkpoint_Alpha,Escalation Detected,86.68
2026-09-16 16:03:03,Checkpoint_Alpha,Escalation Detected,90.64
2026-09-16 16:03:03,Checkpoint_Alpha,Escalation Detected,63.95
2026-09-16 16:03:03,Checkpoint_Alpha,Escalation Detected,95.03
2026-09-16 16:03:03,Checkpoint_Alpha,Escalation Detected,98.93
2026-09-16 16:03:03,Checkpoint_Alpha,Escalation Detected,66.99
2026-09-16 16:03:03,Checkpoint_Alpha,Escalation Detected,81.9
2026-09-16 16:03:03,Checkpoint_Alpha,Escalation Detected,62.62
2026-09-16 16:03:03,Checkpoint_Alpha,Escalation Detected,100.0
2026-09-16 16:03:03,Checkpoint_Alpha,Escalation Detected,97.14
2026-09-16 16:03:03,Checkpoint_Alpha,Escalation Detected,69.75
2026-09-16 16:03:03,Checkpoint_Alpha,Escalation Detected,87.59
2026-09-16 16:03:03,Checkpoint_Alpha,Escalation Detected,65.68
2026-09-16 16:03:03,Checkpoint_Alpha,Escalation Detected,68.48
2026-09-16 16:03:04,Checkpoint_Alpha,Escalation Detected,76.61
2026-09-16 16:03:04,Checkpoint_Alpha,Escalation Detected,61.16
2026-09-16 16:03:04,Checkpoint_Alpha,Escalation Detected,68.82
2026-09-16 16:03:04,Checkpoint_Alpha,Escalation Detected,73.82
2026-09-16 16:03:04,Checkpoint_Alpha,Escalation Detected,71.41
2026-09-16 16:03:04,Checkpoint_Alpha,Escalation Detected,79.16
2026-09-16 16:03:04,Checkpoint_Alpha,Escalation Detected,67.65
2026-09-16 16:03:04,Checkpoint_Alpha,Escalation Detected,78.65
2026-09-16 16:03:04,Checkpoint_Alpha,Escalation Detected,93.7
2026-09-16 16:03:04,Checkpoint_Alpha,Escalation Detected,96.0
2026-09-16 16:03:04,Checkpoint_Alpha,Escalation Detected,76.4
2026-09-16 16:03:04,Checkpoint_Alpha,Escalation Detected,100.0
2026-09-16 16:03:04,Checkpoint_Alpha,Escalation Detected,82.85
2026-09-16 16:03:04,Checkpoint_Alpha,Escalation Detected,100.0
2026-09-16 16:03:04,Checkpoint_Alpha,Escalation Detected,76.15
2026-09-16 16:03:04,Checkpoint_Alpha,Escalation Detected,76.27
2026-09-16 16:03:05,Checkpoint_Alpha,Escalation Detected,91.45
2026-09-16 16:03:05,Checkpoint_Alpha,Escalation Detected,74.48
2026-09-16 16:03:05,Checkpoint_Alpha,Escalation Detected,69.5
2026-09-16 16:03:05,Checkpoint_Alpha,Escalation Detected,97.45
2026-09-16 16:03:05,Checkpoint_Alpha,Escalation Detected,95.69
2026-09-16 16:03:05,Checkpoint_Alpha,Escalation Detected,100.0
2026-09-16 16:03:05,Checkpoint_Alpha,Escalation Detected,60.48
2026-09-16 16:03:05,Checkpoint_Alpha,Escalation Detected,81.92
2026-09-16 16:03:05,Checkpoint_Alpha,Escalation Detected,64.21
2026-09-16 16:03:05,Checkpoint_Alpha,Escalation Detected,71.3
2026-09-16 16:03:05,Checkpoint_Alpha,Escalation Detected,78.41
2026-09-16 16:03:05,Checkpoint_Alpha,Escalation Detected,79.4
2026-09-16 16:03:05,Checkpoint_Alpha,Escalation Detected,96.03
2026-09-16 16:03:05,Checkpoint_Alpha,Escalation Detected,63.07
2026-09-16 16:03:05,Checkpoint_Alpha,Escalation Detected,81.27
2026-09-16 16:03:05,Checkpoint_Alpha,Escalation Detected,89.88
2026-09-16 16:03:05,Checkpoint_Alpha,Escalation Detected,95.18
2026-09-16 16:03:05,Checkpoint_Alpha,Escalation Detected,80.52
2026-09-16 16:03:05,Checkpoint_Alpha,Escalation Detected,80.01
2026-09-16 16:03:05,Checkpoint_Alpha,Escalation Detected,60.92
2026-09-16 16:03:05,Checkpoint_Alpha,Escalation Detected,67.38
2026-09-16 16:03:05,Checkpoint_Alpha,Escalation Detected,88.0
2026-09-16 16:03:05,Checkpoint_Alpha,Escalation Detected,94.89
2026-09-16 16:03:05,Checkpoint_Alpha,Escalation Detected,94.86
2026-09-16 16:03:05,Checkpoint_Alpha,Escalation Detected,84.96
2026-09-16 16:03:05,Checkpoint_Alpha,Escalation Detected,75.53
2026-09-16 16:03:05,Checkpoint_Alpha,Escalation Detected,96.73
2026-09-16 16:03:05,Checkpoint_Alpha,Escalation Detected,60.8
2026-09-16 16:03:06,Checkpoint_Alpha,Escalation Detected,63.5
2026-09-16 16:03:06,Checkpoint_Alpha,Escalation Detected,69.38
2026-09-16 16:03:06,Checkpoint_Alpha,Escalation Detected,98.73
2026-09-16 16:03:06,Checkpoint_Alpha,Escalation Detected,64.39
2026-09-16 16:03:06,Checkpoint_Alpha,Escalation Detected,84.22
2026-09-16 16:03:06,Checkpoint_Alpha,Escalation Detected,63.19
2026-09-16 16:03:06,Checkpoint_Alpha,Escalation Detected,61.96
2026-09-16 16:03:06,Checkpoint_Alpha,Escalation Detected,87.59
2026-09-16 16:03:06,Checkpoint_Alpha,Escalation Detected,93.03
2026-09-16 16:03:06,Checkpoint_Alpha,Escalation Detected,78.28
2026-09-16 16:03:06,Checkpoint_Alpha,Escalation Detected,72.26
2026-09-16 16:03:06,Checkpoint_Alpha,Escalation Detected,60.35
2026-09-16 16:03:06,Checkpoint_Alpha,Escalation Detected,62.42
2026-09-16 16:03:07,Checkpoint_Alpha,Escalation Detected,95.65
2026-09-16 16:03:07,Checkpoint_Alpha,Escalation Detected,81.14
2026-09-16 16:03:07,Checkpoint_Alpha,Escalation Detected,67.8
2026-09-16 16:03:07,Checkpoint_Alpha,Escalation Detected,64.96
2026-09-16 16:03:07,Checkpoint_Alpha,Escalation Detected,70.91
2026-09-16 16:03:07,Checkpoint_Alpha,Escalation Detected,98.84
2026-09-16 16:03:07,Checkpoint_Alpha,Escalation Detected,63.15
2026-09-16 16:03:07,Checkpoint_Alpha,Escalation Detected,81.33
2026-09-16 16:03:07,Checkpoint_Alpha,Escalation Detected,82.23
2026-09-16 16:03:07,Checkpoint_Alpha,Escalation Detected,67.02
2026-09-16 16:03:07,Checkpoint_Alpha,Escalation Detected,65.31
2026-09-16 16:03:07,Checkpoint_Alpha,Escalation Detected,97.23
2026-09-16 16:03:07,Checkpoint_Alpha,Escalation Detected,88.97
2026-09-16 16:03:07,Checkpoint_Alpha,Escalation Detected,65.82
2026-09-16 16:03:07,Checkpoint_Alpha,Escalation Detected,87.71
2026-09-16 16:03:07,Checkpoint_Alpha,Escalation Detected,76.45
2026-09-16 16:03:07,Checkpoint_Alpha,Escalation Detected,83.51
2026-09-16 16:03:07,Checkpoint_Alpha,Escalation Detected,66.83
2026-09-16 16:03:07,Checkpoint_Alpha,Escalation Detected,74.35
2026-09-16 16:03:07,Checkpoint_Alpha,Escalation Detected,84.77
2026-09-16 16:03:08,Checkpoint_Alpha,Escalation Detected,100.0
2026-09-16 16:03:08,Checkpoint_Alpha,Escalation Detected,74.98
2026-09-16 16:03:08,Checkpoint_Alpha,Escalation Detected,95.94
2026-09-16 16:03:08,Checkpoint_Alpha,Escalation Detected,69.55
2026-09-16 16:03:08,Checkpoint_Alpha,Escalation Detected,61.0
2026-09-16 16:03:08,Checkpoint_Alpha,Escalation Detected,100.0
2026-09-16 16:03:08,Checkpoint_Alpha,Escalation Detected,94.55
2026-09-16 16:03:08,Checkpoint_Alpha,Escalation Detected,95.09
2026-09-16 16:03:08,Checkpoint_Alpha,Escalation Detected,74.74
2026-09-16 16:03:08,Checkpoint_Alpha,Escalation Detected,61.81
2026-09-16 16:03:08,Checkpoint_Alpha,Escalation Detected,100.0
2026-09-16 16:03:08,Checkpoint_Alpha,Escalation Detected,66.38
2026-09-16 16:03:08,Checkpoint_Alpha,Escalation Detected,68.3
2026-09-16 16:03:08,Checkpoint_Alpha,Escalation Detected,82.57
2026-09-16 16:03:08,Checkpoint_Alpha,Escalation Detected,99.58
2026-09-16 16:03:08,Checkpoint_Alpha,Escalation Detected,70.63
2026-09-16 16:03:09,Checkpoint_Alpha,Escalation Detected,100.0
2026-09-16 16:03:09,Checkpoint_Alpha,Escalation Detected,99.7
2026-09-16 16:03:09,Checkpoint_Alpha,Escalation Detected,95.26
2026-09-16 16:03:09,Checkpoint_Alpha,Escalation Detected,74.71
2026-09-16 16:03:09,Checkpoint_Alpha,Escalation Detected,100.0
2026-09-16 16:03:09,Checkpoint_Alpha,Escalation Detected,62.39
2026-09-16 16:03:09,Checkpoint_Alpha,Escalation Detected,62.25
2026-09-16 16:03:09,Checkpoint_Alpha,Escalation Detected,67.79
2026-09-16 16:03:09,Checkpoint_Alpha,Escalation Detected,100.0
2026-09-16 16:03:09,Checkpoint_Alpha,Escalation Detected,96.82
2026-09-16 16:03:09,Checkpoint_Alpha,Escalation Detected,100.0
2026-09-16 16:03:09,Checkpoint_Alpha,Escalation Detected,98.83
2026-09-16 16:03:09,Checkpoint_Alpha,Escalation Detected,94.3
2026-09-16 16:03:09,Checkpoint_Alpha,Escalation Detected,94.99
2026-09-16 16:03:09,Checkpoint_Alpha,Escalation Detected,100.0
2026-09-16 16:03:09,Checkpoint_Alpha,Escalation Detected,98.55
2026-09-16 16:03:09,Checkpoint_Alpha,Escalation Detected,100.0
2026-09-16 16:03:09,Checkpoint_Alpha,Escalation Detected,86.09
2026-09-16 16:03:09,Checkpoint_Alpha,Escalation Detected,60.04
2026-09-16 16:03:09,Checkpoint_Alpha,Escalation Detected,100.0
2026-09-16 16:03:09,Checkpoint_Alpha,Escalation Detected,87.42
2026-09-16 16:03:09,Checkpoint_Alpha,Escalation Detected,94.95
2026-09-16 16:03:09,Checkpoint_Alpha,Escalation Detected,80.76
2026-09-16 16:03:10,Checkpoint_Alpha,Escalation Detected,90.73
2026-09-16 16:03:10,Checkpoint_Alpha,Escalation Detected,98.57
2026-09-16 16:03:10,Checkpoint_Alpha,Escalation Detected,96.13
2026-09-16 16:03:10,Checkpoint_Alpha,Escalation Detected,100.0
2026-09-16 16:03:10,Checkpoint_Alpha,Escalation Detected,63.14
2026-09-16 16:03:10,Checkpoint_Alpha,Escalation Detected,85.22
2026-09-16 16:03:10,Checkpoint_Alpha,Escalation Detected,85.98
2026-09-16 16:03:10,Checkpoint_Alpha,Escalation Detected,66.05
2026-09-16 16:03:10,Checkpoint_Alpha,Escalation Detected,91.29
2026-09-16 16:03:10,Checkpoint_Alpha,Escalation Detected,100.0
2026-09-16 16:03:10,Checkpoint_Alpha,Escalation Detected,93.19
2026-09-16 16:03:10,Checkpoint_Alpha,Escalation Detected,95.58
2026-09-16 16:03:10,Checkpoint_Alpha,Escalation Detected,76.46
2026-09-16 16:03:10,Checkpoint_Alpha,Escalation Detected,93.37
2026-09-16 16:03:10,Checkpoint_Alpha,Escalation Detected,100.0
2026-09-16 16:03:10,Checkpoint_Alpha,Escalation Detected,61.85
2026-09-16 16:03:10,Checkpoint_Alpha,Escalation Detected,87.27
2026-09-16 16:03:10,Checkpoint_Alpha,Escalation Detected,99.61
2026-09-16 16:03:10,Checkpoint_Alpha,Escalation Detected,91.77
2026-09-16 16:03:10,Checkpoint_Alpha,Escalation Detected,60.72
2026-09-16 16:03:10,Checkpoint_Alpha,Escalation Detected,70.06
2026-09-16 16:03:10,Checkpoint_Alpha,Escalation Detected,78.91
2026-09-16 16:03:11,Checkpoint_Alpha,Escalation Detected,70.01
2026-09-16 16:03:11,Checkpoint_Alpha,Escalation Detected,71.27
2026-09-16 16:03:11,Checkpoint_Alpha,Escalation Detected,65.12
2026-09-16 16:03:11,Checkpoint_Alpha,Escalation Detected,81.58
2026-09-16 16:03:11,Checkpoint_Alpha,Escalation Detected,96.83
2026-09-16 16:03:11,Checkpoint_Alpha,Escalation Detected,96.28
2026-09-16 16:03:11,Checkpoint_Alpha,Escalation Detected,63.09
2026-09-16 16:03:11,Checkpoint_Alpha,Escalation Detected,87.41
2026-09-16 16:03:11,Checkpoint_Alpha,Escalation Detected,98.68
2026-09-16 16:03:11,Checkpoint_Alpha,Escalation Detected,87.47
2026-09-16 16:03:11,Checkpoint_Alpha,Escalation Detected,90.74
2026-09-16 16:03:11,Checkpoint_Alpha,Escalation Detected,60.91
2026-09-16 16:03:11,Checkpoint_Alpha,Escalation Detected,97.51
2026-09-16 16:03:11,Checkpoint_Alpha,Escalation Detected,91.3
2026-09-16 16:03:11,Checkpoint_Alpha,Escalation Detected,88.99
2026-09-16 16:03:11,Checkpoint_Alpha,Escalation Detected,68.32
2026-09-16 16:03:11,Checkpoint_Alpha,Escalation Detected,62.9
2026-09-16 16:03:11,Checkpoint_Alpha,Escalation Detected,80.41
2026-09-16 16:03:12,Checkpoint_Alpha,Escalation Detected,87.14
2026-09-16 16:03:12,Checkpoint_Alpha,Escalation Detected,96.11
2026-09-16 16:03:12,Checkpoint_Alpha,Escalation Detected,93.63
2026-09-16 16:03:12,Checkpoint_Alpha,Escalation Detected,87.31
2026-09-16 16:03:12,Checkpoint_Alpha,Escalation Detected,95.24
2026-09-16 16:03:12,Checkpoint_Alpha,Escalation Detected,100.0
2026-09-16 16:03:12,Checkpoint_Alpha,Escalation Detected,83.83
2026-09-16 16:03:12,Checkpoint_Alpha,Escalation Detected,93.85
2026-09-16 16:03:12,Checkpoint_Alpha,Escalation Detected,78.56
2026-09-16 16:03:12,Checkpoint_Alpha,Escalation Detected,99.28
2026-09-16 16:03:12,Checkpoint_Alpha,Escalation Detected,83.98
2026-09-16 16:03:12,Checkpoint_Alpha,Escalation Detected,90.71
2026-09-16 16:03:12,Checkpoint_Alpha,Escalation Detected,77.83
2026-09-16 16:03:12,Checkpoint_Alpha,Escalation Detected,76.38
2026-09-16 16:03:13,Checkpoint_Alpha,Escalation Detected,100.0
2026-09-16 16:03:13,Checkpoint_Alpha,Escalation Detected,92.56
2026-09-16 16:03:13,Checkpoint_Alpha,Escalation Detected,90.31
2026-09-16 16:03:13,Checkpoint_Alpha,Escalation Detected,74.3
2026-09-16 16:03:13,Checkpoint_Alpha,Escalation Detected,100.0
2026-09-16 16:03:13,Checkpoint_Alpha,Escalation Detected,100.0
2026-09-16 16:03:13,Checkpoint_Alpha,Escalation Detected,99.27
2026-09-16 16:03:13,Checkpoint_Alpha,Escalation Detected,92.86
2026-09-16 16:03:13,Checkpoint_Alpha,Escalation Detected,100.0
2026-09-16 16:03:13,Checkpoint_Alpha,Escalation Detected,68.5
2026-09-16 16:03:13,Checkpoint_Alpha,Escalation Detected,87.3
2026-09-16 16:03:13,Checkpoint_Alpha,Escalation Detected,99.79
2026-09-16 16:03:13,Checkpoint_Alpha,Escalation Detected,95.88
2026-09-16 16:03:13,Checkpoint_Alpha,Escalation Detected,70.45
2026-09-16 16:03:13,Checkpoint_Alpha,Escalation Detected,82.4
2026-09-16 16:03:13,Checkpoint_Alpha,Escalation Detected,64.84
2026-09-16 16:03:13,Checkpoint_Alpha,Escalation Detected,86.04
2026-09-16 16:03:14,Checkpoint_Alpha,Escalation Detected,94.59
2026-09-16 16:03:14,Checkpoint_Alpha,Escalation Detected,100.0
2026-09-16 16:03:14,Checkpoint_Alpha,Escalation Detected,74.35
2026-09-16 16:03:14,Checkpoint_Alpha,Escalation Detected,76.5
2026-09-16 16:03:14,Checkpoint_Alpha,Escalation Detected,88.34
2026-09-16 16:03:14,Checkpoint_Alpha,Escalation Detected,79.76
2026-09-16 16:03:14,Checkpoint_Alpha,Escalation Detected,80.71
2026-09-16 16:03:14,Checkpoint_Alpha,Escalation Detected,81.7
2026-09-16 16:03:14,Checkpoint_Alpha,Escalation Detected,70.21
2026-09-16 16:03:14,Checkpoint_Alpha,Escalation Detected,81.66
2026-09-16 16:03:14,Checkpoint_Alpha,Escalation Detected,64.9
2026-09-16 16:03:14,Checkpoint_Alpha,Escalation Detected,60.26
2026-09-16 16:03:14,Checkpoint_Alpha,Escalation Detected,68.85
2026-09-16 16:03:14,Checkpoint_Alpha,Escalation Detected,61.51
2026-09-16 16:03:14,Checkpoint_Alpha,Escalation Detected,100.0
2026-09-16 16:03:14,Checkpoint_Alpha,Escalation Detected,72.49
2026-09-16 16:03:14,Checkpoint_Alpha,Escalation Detected,76.21
2026-09-16 16:03:14,Checkpoint_Alpha,Escalation Detected,87.41
2026-09-16 16:03:14,Checkpoint_Alpha,Escalation Detected,88.91
2026-09-16 16:03:14,Checkpoint_Alpha,Escalation Detected,98.63
2026-09-16 16:03:15,Checkpoint_Alpha,Escalation Detected,81.37
2026-09-16 16:03:15,Checkpoint_Alpha,Escalation Detected,61.68
2026-09-16 16:03:15,Checkpoint_Alpha,Escalation Detected,98.24
2026-09-16 16:03:15,Checkpoint_Alpha,Escalation Detected,61.92
2026-09-16 16:03:15,Checkpoint_Alpha,Escalation Detected,87.35
2026-09-16 16:03:15,Checkpoint_Alpha,Escalation Detected,70.0
2026-09-16 16:03:15,Checkpoint_Alpha,Escalation Detected,82.37
2026-09-16 16:03:15,Checkpoint_Alpha,Escalation Detected,100.0
2026-09-16 16:03:15,Checkpoint_Alpha,Escalation Detected,100.0
2026-09-16 16:03:15,Checkpoint_Alpha,Escalation Detected,79.27
2026-09-16 16:03:15,Checkpoint_Alpha,Escalation Detected,82.19
2026-09-16 16:03:15,Checkpoint_Alpha,Escalation Detected,68.52
2026-09-16 16:03:15,Checkpoint_Alpha,Escalation Detected,61.96
2026-09-16 16:03:15,Checkpoint_Alpha,Escalation Detected,76.86
2026-09-16 16:03:15,Checkpoint_Alpha,Escalation Detected,81.99
2026-09-16 16:03:15,Checkpoint_Alpha,Escalation Detected,82.42
2026-09-16 16:03:15,Checkpoint_Alpha,Escalation Detected,100.0
2026-09-16 16:03:15,Checkpoint_Alpha,Escalation Detected,62.18
2026-09-16 16:03:15,Checkpoint_Alpha,Escalation Detected,83.08
2026-09-16 16:03:15,Checkpoint_Alpha,Escalation Detected,64.3
2026-09-16 16:03:15,Checkpoint_Alpha,Escalation Detected,62.15
2026-09-16 16:03:15,Checkpoint_Alpha,Escalation Detected,96.3
2026-09-16 16:03:15,Checkpoint_Alpha,Escalation Detected,100.0
2026-09-16 16:03:15,Checkpoint_Alpha,Escalation Detected,99.5
2026-09-16 16:03:15,Checkpoint_Alpha,Escalation Detected,69.67
2026-09-16 16:03:15,Checkpoint_Alpha,Escalation Detected,97.18
2026-09-16 16:03:15,Checkpoint_Alpha,Escalation Detected,67.51
2026-09-16 16:03:15,Checkpoint_Alpha,Escalation Detected,80.65
2026-09-16 16:03:15,Checkpoint_Alpha,Escalation Detected,87.36
2026-09-16 16:03:16,Checkpoint_Alpha,Escalation Detected,74.58
2026-09-16 16:03:16,Checkpoint_Alpha,Escalation Detected,91.12
2026-09-16 16:03:16,Checkpoint_Alpha,Escalation Detected,93.67
2026-09-16 16:03:16,Checkpoint_Alpha,Escalation Detected,86.11
2026-09-16 16:03:16,Checkpoint_Alpha,Escalation Detected,77.3
2026-09-16 16:03:16,Checkpoint_Alpha,Escalation Detected,72.23
2026-09-16 16:03:16,Checkpoint_Alpha,Escalation Detected,61.25
2026-09-16 16:03:16,Checkpoint_Alpha,Escalation Detected,88.99
2026-09-16 16:03:16,Checkpoint_Alpha,Escalation Detected,63.93
2026-09-16 16:03:16,Checkpoint_Alpha,Escalation Detected,84.44
2026-09-16 16:03:16,Checkpoint_Alpha,Escalation Detected,88.27
2026-09-16 16:03:16,Checkpoint_Alpha,Escalation Detected,63.2
2026-09-16 16:03:16,Checkpoint_Alpha,Escalation Detected,97.24
2026-09-16 16:03:16,Checkpoint_Alpha,Escalation Detected,63.94
2026-09-16 16:03:16,Checkpoint_Alpha,Escalation Detected,64.4
2026-09-16 16:03:16,Checkpoint_Alpha,Escalation Detected,100.0
2026-09-16 16:03:16,Checkpoint_Alpha,Escalation Detected,96.78
2026-09-16 16:03:16,Checkpoint_Alpha,Escalation Detected,82.34
2026-09-16 16:03:16,Checkpoint_Alpha,Escalation Detected,74.11
2026-09-16 16:03:16,Checkpoint_Alpha,Escalation Detected,70.59
2026-09-16 16:03:17,Checkpoint_Alpha,Escalation Detected,66.22
2026-09-16 16:03:17,Checkpoint_Alpha,Escalation Detected,99.69
2026-09-16 16:03:17,Checkpoint_Alpha,Escalation Detected,62.95
2026-09-16 16:03:17,Checkpoint_Alpha,Escalation Detected,88.11
2026-09-16 16:03:17,Checkpoint_Alpha,Escalation Detected,99.66
2026-09-16 16:03:17,Checkpoint_Alpha,Escalation Detected,92.44
2026-09-16 16:03:17,Checkpoint_Alpha,Escalation Detected,96.16
2026-09-16 16:03:17,Checkpoint_Alpha,Escalation Detected,100.0
2026-09-16 16:03:17,Checkpoint_Alpha,Escalation Detected,100.0
2026-09-16 16:03:17,Checkpoint_Alpha,Escalation Detected,94.92
2026-09-16 16:03:17,Checkpoint_Alpha,Escalation Detected,66.92
2026-09-16 16:03:17,Checkpoint_Alpha,Escalation Detected,98.32
2026-09-16 16:03:17,Checkpoint_Alpha,Escalation Detected,99.89
2026-09-16 16:03:17,Checkpoint_Alpha,Escalation Detected,95.61
2026-09-16 16:03:17,Checkpoint_Alpha,Escalation Detected,95.52
2026-09-16 16:03:17,Checkpoint_Alpha,Escalation Detected,95.63
2026-09-16 16:03:18,Checkpoint_Alpha,Escalation Detected,90.87
2026-09-16 16:03:18,Checkpoint_Alpha,Escalation Detected,62.77
2026-09-16 16:03:18,Checkpoint_Alpha,Escalation Detected,98.13
2026-09-16 16:03:18,Checkpoint_Alpha,Escalation Detected,100.0
2026-09-16 16:03:18,Checkpoint_Alpha,Escalation Detected,96.25
2026-09-16 16:03:19,Checkpoint_Alpha,Escalation Detected,60.09
2026-09-16 16:03:19,Checkpoint_Alpha,Escalation Detected,82.69
2026-09-16 16:03:19,Checkpoint_Alpha,Escalation Detected,90.11
2026-09-16 16:03:19,Checkpoint_Alpha,Escalation Detected,100.0
2026-09-16 16:03:19,Checkpoint_Alpha,Escalation Detected,85.61
2026-09-16 16:03:19,Checkpoint_Alpha,Escalation Detected,88.78
2026-09-16 16:03:19,Checkpoint_Alpha,Escalation Detected,81.53
2026-09-16 16:03:19,Checkpoint_Alpha,Escalation Detected,69.54
2026-09-16 16:03:19,Checkpoint_Alpha,Escalation Detected,85.24
2026-09-16 16:03:19,Checkpoint_Alpha,Escalation Detected,98.05
2026-09-16 16:03:19,Checkpoint_Alpha,Escalation Detected,69.54
2026-09-16 16:03:20,Checkpoint_Alpha,Escalation Detected,66.53
2026-09-16 16:03:20,Checkpoint_Alpha,Escalation Detected,94.18
